k,codigo,h,mae
0,330/183,1,0.12239490509033213
0,330/183,2,0.06320075988769536
0,330/183,3,0.24102198600769054
0,330/183,4,0.29863770008087154
0,330/183,5,0.6577422523498535
0,330/183,12,0.12104847908020022
0,331/2,1,0.23785064697265668
0,331/2,3,0.28764360427856417
0,331/2,4,0.6342237281799319
0,331/2,5,0.315604381561279
0,331/2,7,0.4564725685119626
0,331/2,8,1.1889710712432864
0,331/2,9,0.48661573410034187
0,331/2,10,0.4557059574127198
0,331/2,11,0.8675603485107422
0,331/2,12,0.6536119079589842
0,341/17,1,0.603852081298828
0,341/17,2,0.3425283432006836
0,341/17,3,0.036652374267578836
0,341/17,4,0.08642524719238232
0,341/17,5,0.4512102127075188
0,341/17,6,0.8027905464172367
0,341/17,7,0.656645984649658
0,341/17,8,0.6448038101196287
0,341/17,9,0.797794170379639
0,341/17,10,0.6091640853881835
0,341/17,11,0.48237430572509776
0,341/17,12,0.09435214996337926
0,342/78,1,4.504012479782104
0,342/78,2,2.1891097164154054
0,342/78,3,0.9484725379943848
0,342/78,4,1.1614413261413574
0,342/78,5,0.7205506515502931
0,342/78,6,0.1513114786148071
0,342/78,7,0.16961505413055422
0,342/78,8,0.994999008178711
0,342/78,9,0.990817222595215
0,342/78,10,1.5126991343498228
0,342/78,11,1.470510721206665
0,342/78,12,2.8621789264678954
0,342/97,1,0.7086797142028809
0,342/97,2,0.09535585403442415
0,342/97,3,0.4635412216186525
0,342/97,4,0.2476722908020017
0,342/97,5,0.9790204048156737
0,342/97,6,1.3386777114868167
0,342/97,7,0.4188729858398439
0,342/97,8,1.1350170707702638
0,342/97,9,0.6873446083068844
0,342/97,10,1.4873443412780762
0,342/97,11,1.12366174697876
0,342/97,12,1.6574315643310547
0,377/54,1,0.9016227722167969
0,377/54,2,3.384614944458008
0,377/54,3,0.08941440582275373
0,377/54,4,0.9904915809631349
0,377/54,5,0.984698009490967
0,377/54,6,0.6574436092376708
0,377/54,7,0.3132109165191652
0,377/54,8,0.7007867336273192
0,377/54,9,0.12023587226867694
0,377/54,10,0.7702152252197267
0,377/54,11,1.1032599449157718
0,377/54,12,2.902759208679199
0,377/84,1,0.07709354400634805
0,377/84,2,0.45837703704834
0,377/84,3,0.1905515480041502
0,377/84,4,0.6880556106567379
0,377/84,5,0.9832744598388672
0,377/84,6,2.847904777526855
0,377/84,7,1.9930303573608406
0,377/84,8,1.7607599258422848
0,377/84,9,0.9173677444458006
0,377/84,10,0.28599910736083967
0,377/84,11,1.3760170936584473
0,377/84,12,0.030800819396972656
0,377/86,1,0.17705102920532223
0,377/86,2,0.2930694198608399
0,377/86,3,0.8086499977111816
0,377/86,4,0.9420499801635742
0,377/86,5,0.08874179840087848
0,377/86,12,0.07991195678710916
0,377/94,1,0.14289645195007328
0,377/94,2,0.13547857284545906
0,377/94,3,0.26672338485717795
0,377/94,4,0.2998286914825439
0,377/94,5,0.297612943649292
0,377/94,12,0.11778076171875007
0,390/208,1,0.036114749908446875
0,390/208,2,0.5207354164123537
0,390/208,3,0.978526554107666
0,390/208,4,0.1154779815673832
0,390/208,5,0.6555976486206054
0,390/208,6,0.37239482879638697
0,390/208,7,0.3614309692382811
0,390/208,8,0.1330378723144534
0,390/208,9,0.21666608810424837
0,390/208,10,0.07096363067626932
0,390/208,11,0.15433164596557614
0,390/208,12,0.4978175735473629
0,391/243,1,0.3257104539871216
0,391/243,2,0.9004712295532227
0,391/243,3,0.6439269447326659
0,391/243,4,0.4201156711578369
0,391/243,5,0.21945230484008782
0,391/243,6,0.2809528446197511
0,391/243,7,0.4717543983459471
0,391/243,8,0.33457480430603015
0,391/243,9,0.32996143341064466
0,391/243,10,0.05720461845397962
0,391/243,11,0.5272867870330811
0,391/243,12,0.6967668437957766
0,391/33,1,0.08106479644775355
0,391/33,2,0.4709959030151367
0,391/33,3,0.6574494361877443
0,391/33,4,0.5385231590270996
0,391/33,5,0.5979169845581058
0,391/33,12,1.4036442947387702
0,391/437,1,0.2800902557373046
0,391/437,2,0.3298590087890627
0,391/437,4,0.12736686706542955
0,391/437,11,0.002555046081543111
0,404/69,1,0.10597616195678672
0,404/69,3,0.4319828224182132
0,404/69,4,0.7287488555908204
0,404/69,10,0.6720312118530272
0,405/17,1,0.05536424398422246
0,405/17,2,0.011854860782623322
0,405/17,4,0.2041862821578979
0,405/17,5,0.07576690673828135
0,405/17,12,0.11186513900756834
0,405/34,1,0.8199400758743286
0,405/34,8,0.9098311614990235
0,405/34,9,0.3715439987182618
0,405/34,10,0.37738683700561526
0,405/34,12,0.790009241104126
0,418/15,1,0.03354831695556637
0,418/15,2,0.19055894374847415
0,418/15,3,0.09977964162826536
0,418/15,4,0.1895501923561096
0,418/15,5,0.8440473198890686
0,418/15,12,1.2196530556678773
0,418/4,1,0.11781223297119148
0,418/4,2,0.13358416557312003
0,418/4,3,0.3380680561065672
0,418/4,4,0.37924017906188956
0,418/4,5,0.35257435798645
0,418/4,7,0.2849385547637939
0,418/4,11,0.6348554611206056
0,418/4,12,0.7214046764373778
1,330/183,1,0.2743458986282348
1,330/183,2,0.24206863403320322
1,330/183,3,0.09593169689178471
1,330/183,4,0.2095444154739381
1,330/183,5,0.35354514122009273
1,330/183,6,0.744119873046875
1,331/2,1,0.21936986923217816
1,331/2,3,0.29920404434204073
1,331/2,4,0.6207998085021975
1,331/2,5,0.315512828826904
1,331/2,7,0.4462954330444333
1,331/2,8,1.1558578300476077
1,331/2,9,0.532648401260376
1,331/2,10,0.4402526187896729
1,331/2,11,0.8784250831604004
1,341/17,1,0.3114677619934083
1,341/17,2,0.41735820770263654
1,341/17,3,0.32071781158447266
1,341/17,4,0.1481893539428718
1,341/17,5,0.11771530151367138
1,341/17,6,0.3749596595764153
1,341/17,7,0.5325602531433109
1,341/17,8,0.3034441184997556
1,341/17,9,0.5715439796447752
1,341/17,10,0.9275687408447268
1,341/17,11,0.7889221572875975
1,341/17,12,0.5733576965332032
1,342/78,1,0.43349649429321246
1,342/78,2,4.629636659622192
1,342/78,3,1.8547808265686037
1,342/78,4,0.8240123176574707
1,342/78,5,1.020076036453247
1,342/78,6,0.2872928333282472
1,342/78,7,0.07556120395660404
1,342/78,8,0.19065048694610598
1,342/78,9,1.0069192814826966
1,342/78,10,0.9435400104522706
1,342/78,11,1.3938499760627745
1,342/78,12,1.475471019744873
1,342/97,1,1.205642642974854
1,342/97,2,0.8756099128723145
1,342/97,3,0.3605543518066403
1,342/97,4,0.8211228370666506
1,342/97,5,0.03416755676269556
1,342/97,6,1.0484526634216307
1,342/97,7,1.3811686706542972
1,342/97,8,0.3740884399414064
1,342/97,9,1.192505512237549
1,342/97,10,0.7595010375976559
1,342/97,11,1.2673526573181153
1,342/97,12,1.198749294281006
1,377/54,1,3.6626109123229984
1,377/54,2,1.7488231658935547
1,377/54,3,0.4732322692871094
1,377/54,4,0.5370710372924803
1,377/54,5,0.6165186882019045
1,377/54,6,0.9859311103820803
1,377/54,7,0.6365857982635497
1,377/54,8,0.38723964691162127
1,377/54,9,0.7589591979980468
1,377/54,10,0.08386034965515154
1,377/54,11,0.8417946815490724
1,377/54,12,0.9924139022827152
1,377/84,1,0.0804236412048338
1,377/84,2,0.06312793731689492
1,377/84,3,0.4917527770996095
1,377/84,4,0.2508986282348631
1,377/84,5,0.6522251129150387
1,377/84,6,0.8584623336791992
1,377/84,7,2.908436870574951
1,377/84,8,2.035955238342286
1,377/84,9,1.8023115158081051
1,377/84,10,1.3842752456665037
1,377/84,11,0.34696989059448224
1,377/84,12,1.3091106414794922
1,377/86,1,0.31466426849365225
1,377/86,2,0.12132123947143558
1,377/86,3,0.3002431964874268
1,377/86,4,0.7309655952453613
1,377/86,5,1.2074646949768066
1,377/86,6,0.182298202514648
1,377/94,1,0.0638427734375
1,377/94,2,0.12899450302124027
1,377/94,3,0.1200278568267823
1,377/94,4,0.26285027503967306
1,377/94,5,0.2858077716827392
1,377/94,6,0.2927835369110108
1,390/208,1,0.456759986877441
1,390/208,2,0.2238464927673336
1,390/208,3,0.6345392799377443
1,390/208,4,1.1561917877197265
1,390/208,5,0.16950326919555625
1,390/208,6,1.1993536567687988
1,390/208,7,0.6841738510131838
1,390/208,8,0.06503025054931655
1,390/208,9,0.1925171089172366
1,390/208,10,0.3020399665832523
1,390/208,11,0.08113456726074197
1,390/208,12,0.17948051452636715
1,391/243,1,0.9508325386047363
1,391/243,2,0.536078176498413
1,391/243,3,0.10551856040954588
1,391/243,4,0.011856164932250834
1,391/243,5,0.3123829746246338
1,391/243,6,0.26447494506835945
1,391/243,7,0.7765912151336671
1,391/243,8,0.12110194206237779
1,391/243,9,0.12489090919494616
1,391/243,10,0.3314918422698976
1,391/243,11,0.16596375465393054
1,391/243,12,0.21963645935058596
1,391/33,1,0.014301261901856321
1,391/33,2,0.09126052856445277
1,391/33,3,0.33535003662109375
1,391/33,4,0.6200625419616701
1,391/33,5,0.6053785896301269
1,391/33,6,0.6354326248168949
1,391/437,1,0.3281920242309564
1,391/437,3,0.38948337554931634
1,391/437,4,0.2985594177246096
1,391/437,6,0.09508308410644517
1,404/69,1,0.16434198379516562
1,404/69,3,0.3923738670349124
1,404/69,4,0.7315936660766602
1,405/17,1,0.09709758043289185
1,405/17,2,0.0023525881767273438
1,405/17,3,0.04068932294845584
1,405/17,5,0.1416410422325134
1,405/17,6,0.06064151287078867
1,405/34,1,0.010442414283752477
1,405/34,2,0.7683253145217895
1,405/34,9,0.9309202384948732
1,405/34,10,0.4368289661407472
1,405/34,11,0.4011528778076172
1,418/15,1,0.17312222242355346
1,418/15,2,0.14727123737335202
1,418/15,3,0.20499661922454837
1,418/15,4,0.06125507354736326
1,418/15,5,0.18189689636230466
1,418/15,6,0.8138310432434082
1,418/4,1,0.25378187179565437
1,418/4,2,0.2205697536468505
1,418/4,3,0.335453677177429
1,418/4,4,0.3845130443572997
1,418/4,5,0.36172343254089334
1,418/4,7,0.24716065406799315
1,418/4,11,0.6285541772842409
2,330/183,1,0.12583533287048332
2,330/183,2,0.044112539291381925
2,330/183,3,0.026113762855529687
2,330/183,4,0.0895661592483521
2,330/183,5,0.255500192642212
2,330/183,6,0.3667908430099487
2,330/183,7,0.7524039649963379
2,331/2,1,0.2902453613281253
2,331/2,3,0.06848333358764691
2,331/2,5,0.293413333892822
2,331/2,6,0.6232383537292483
2,331/2,7,0.3446738052368161
2,331/2,9,0.5066038894653317
2,331/2,10,1.1641269016265872
2,331/2,11,0.5347710418701173
2,331/2,12,0.426421241760254
2,341/17,1,0.12158979415893523
2,341/17,2,0.282247657775879
2,341/17,3,0.44555931091308576
2,341/17,4,0.29031944274902344
2,341/17,5,0.18606929779052805
2,341/17,6,0.1128963851928706
2,341/17,7,0.4272634506225579
2,341/17,8,0.771987342834473
2,341/17,9,0.5969569396972654
2,341/17,10,0.6610119819641112
2,341/17,11,1.0361817550659183
2,341/17,12,0.7957423591613768
2,342/78,1,0.7951577949523925
2,342/78,2,0.5330712604522709
2,342/78,3,3.6872338199615475
2,342/78,4,1.5667420959472658
2,342/78,5,0.784102954864502
2,342/78,6,1.0214014053344727
2,342/78,7,0.4462794017791749
2,342/78,8,0.2573181009292602
2,342/78,9,0.438477897644043
2,342/78,10,0.9473618435859681
2,342/78,11,0.9400943851470949
2,342/78,12,1.6864671778678892
2,342/97,1,0.87867115020752
2,342/97,2,0.9659480476379398
2,342/97,3,0.5022149467468262
2,342/97,4,0.2641149902343747
2,342/97,5,0.5713865280151369
2,342/97,6,0.05141756057739233
2,342/97,7,0.9261167526245115
2,342/97,8,1.4424765777587893
2,342/97,9,0.3260242080688478
2,342/97,10,1.0115992164611818
2,342/97,11,0.7495499229431148
2,342/97,12,1.203525619506836
2,377/54,1,1.3685676574707033
2,377/54,2,4.373636627197266
2,377/54,3,1.2254581451416016
2,377/54,4,0.4245481491088867
2,377/54,5,0.6119006156921385
2,377/54,6,0.8716036796569826
2,377/54,7,1.2297832489013674
2,377/54,8,0.5595692062377928
2,377/54,9,0.36563153266906756
2,377/54,10,0.7440141677856444
2,377/54,11,0.15579171180725115
2,377/54,12,0.835455369949341
2,377/84,1,0.22548036575317365
2,377/84,2,0.26548643112182635
2,377/84,3,0.06956047058105508
2,377/84,4,0.5198103523254396
2,377/84,5,0.3587982940673826
2,377/84,6,0.6100932121276852
2,377/84,7,0.8068127632141113
2,377/84,8,2.908373928070068
2,377/84,9,2.085825729370118
2,377/84,10,1.7670064926147457
2,377/84,11,1.2988098144531248
2,377/84,12,0.3343284606933592
2,377/86,1,0.21270449638366706
2,377/86,2,0.17771782875061026
2,377/86,3,0.025839366912841832
2,377/86,4,0.37968331336975103
2,377/86,5,0.7287244606018066
2,377/86,6,1.1799468994140625
2,377/86,7,0.16527702331542926
2,377/94,1,0.1156754207611086
2,377/94,2,0.01896524429321289
2,377/94,3,0.15541676521301273
2,377/94,4,0.13489492416381843
2,377/94,5,0.2820317649841311
2,377/94,6,0.31050316810607903
2,377/94,7,0.33850864410400394
2,390/208,1,0.26845937728881797
2,390/208,2,0.5220795249938961
2,390/208,3,0.22094350814819297
2,390/208,4,0.6543790435791017
2,390/208,5,1.202544174194336
2,390/208,6,0.2576737976074215
2,390/208,7,1.482341251373291
2,390/208,8,0.7087710189819338
2,390/208,9,0.04826227188110366
2,390/208,10,0.12002784729003935
2,390/208,11,0.3420547103881839
2,390/208,12,0.07377553939819315
2,391/243,1,0.030277624130248926
2,391/243,2,1.0155100154876708
2,391/243,3,0.6164710140228271
2,391/243,4,0.3256010818481445
2,391/243,5,0.23661223411560073
2,391/243,6,0.45417193412780765
2,391/243,7,0.33033354759216316
2,391/243,8,0.7393085098266603
2,391/243,9,0.10382756233215318
2,391/243,10,0.12140332221984851
2,391/243,11,0.30374373435974134
2,391/243,12,0.17688857078552234
2,391/33,1,0.8507829284667974
2,391/33,2,0.6561498260498055
2,391/33,3,0.7370267868041989
2,391/33,4,0.6820602416992188
2,391/33,5,0.9532205581665041
2,391/33,6,0.8228792762756347
2,391/33,7,1.00890007019043
2,391/437,1,0.1680351638793951
2,391/437,2,0.21316078186035092
2,391/437,4,0.34157077789306634
2,391/437,5,0.3377439880371096
2,391/437,7,0.06988224029541001
2,404/69,1,0.11678081512451133
2,404/69,3,0.42843896865844755
2,404/69,4,0.6636825180053711
2,405/17,1,0.12193567037582398
2,405/17,2,0.16685367107391358
2,405/17,3,0.01167356252670293
2,405/17,4,0.017429802417755158
2,405/17,6,0.17222627162933346
2,405/17,7,0.026053056716919043
2,405/34,1,0.6806885814666748
2,405/34,2,0.2947671794891358
2,405/34,3,0.8010394430160522
2,405/34,10,0.9036494445800782
2,405/34,11,0.3916090679168702
2,405/34,12,0.37384512901306155
2,418/15,1,0.3042948246002197
2,418/15,2,0.37667762756347656
2,418/15,3,0.24550571203231808
2,418/15,4,0.1850264406204224
2,418/15,5,0.08804032802581785
2,418/15,6,0.1559779357910156
2,418/15,7,0.7197743773460388
2,418/4,1,0.18277508735656722
2,418/4,3,0.3343143033981324
2,418/4,4,0.2891843557357787
2,418/4,5,0.30723767280578596
2,418/4,6,0.3709773063659667
2,418/4,7,0.35701132774353006
2,418/4,9,0.23987005233764647
3,330/183,1,0.10215322494506829
3,330/183,2,0.16143325328826896
3,330/183,3,0.038664841651916415
3,330/183,4,0.27430461406707773
3,330/183,5,0.08017058372497554
3,330/183,6,0.2523676109313966
3,330/183,7,0.2862706899642944
3,330/183,8,0.5625424289703369
3,331/2,1,0.34970958709716804
3,331/2,2,0.01993434906005831
3,331/2,4,0.24260757446289105
3,331/2,6,0.30877655029296847
3,331/2,7,0.6115310478210452
3,331/2,8,0.3397151756286618
3,331/2,10,0.5670306015014646
3,331/2,11,1.1942994880676272
3,331/2,12,0.5878661441802979
3,341/17,1,0.1706537818908691
3,341/17,2,0.3022457504272458
3,341/17,3,0.6161619377136232
3,341/17,4,0.24995546340942365
3,341/17,5,0.35182857513427734
3,341/17,6,0.1855123519897468
3,341/17,7,0.12828487396240185
3,341/17,8,0.48577566146850515
3,341/17,9,0.8532094001770023
3,341/17,10,0.6541182708740232
3,341/17,11,0.6494024276733397
3,341/17,12,0.8185747337341311
3,342/78,1,0.28208293914794913
3,342/78,2,1.386207227706909
3,342/78,3,0.6447989749908452
3,342/78,4,4.252286567687988
3,342/78,5,1.2538448905944826
3,342/78,6,0.7257726573944092
3,342/78,7,0.9798204898834229
3,342/78,8,0.46059667587280284
3,342/78,9,0.20145174026489254
3,342/78,10,0.44620623588562014
3,342/78,11,1.0088029074668885
3,342/78,12,0.8752479887008668
3,342/97,1,2.0188416862487797
3,342/97,2,0.09927986145019574
3,342/97,3,1.397955360412598
3,342/97,4,1.0107508087158203
3,342/97,5,0.36941350936889616
3,342/97,6,0.8098155975341799
3,342/97,7,0.009784011840820561
3,342/97,8,0.9481289863586424
3,342/97,9,1.366726226806641
3,342/97,10,0.3869954681396486
3,342/97,11,1.0767985916137697
3,342/97,12,0.8313856697082516
3,377/54,1,2.426270008087158
3,377/54,2,1.817797374725342
3,377/54,3,3.9635409355163578
3,377/54,4,1.2112159729003906
3,377/54,5,0.5826787948608398
3,377/54,6,0.5510962486267088
3,377/54,7,0.7293569564819338
3,377/54,8,0.949419689178467
3,377/54,9,0.4795325660705565
3,377/54,10,0.30394048690795916
3,377/54,11,0.7292562961578368
3,377/54,12,0.06941099166870135
3,377/84,1,0.3652925491333008
3,377/84,2,0.18028430938720685
3,377/84,3,0.258135509490967
3,377/84,4,0.11366981506347695
3,377/84,5,0.42445436477661147
3,377/84,6,0.21320846557617168
3,377/84,7,0.5866323471069332
3,377/84,8,0.8398361206054688
3,377/84,9,2.900201892852783
3,377/84,10,2.005097198486329
3,377/84,11,2.1042228698730465
3,377/84,12,1.2549131393432615
3,377/86,1,0.3184504127502441
3,377/86,2,0.27753766059875495
3,377/86,3,0.2276050090789794
3,377/86,4,0.09380821228027347
3,377/86,5,0.2885509109497071
3,377/86,6,0.7557163047790527
3,377/86,7,1.1765179634094238
3,377/86,8,0.1957712364196773
3,377/94,1,0.11214945793151898
3,377/94,2,0.16516301155090352
3,377/94,3,0.022464990615844727
3,377/94,4,0.11972979545593265
3,377/94,5,0.13575609207153327
3,377/94,6,0.255136241912842
3,377/94,7,0.2930416297912597
3,377/94,8,0.29621557235717777
3,390/208,1,0.6040841674804689
3,390/208,2,0.40122037887573203
3,390/208,3,0.654607830047607
3,390/208,4,0.1972823715209957
3,390/208,5,0.5487567520141603
3,390/208,6,0.9453782653808593
3,390/208,7,0.1758574867248539
3,390/208,8,0.6538905715942382
3,390/208,9,0.3403113174438479
3,390/208,10,0.3075993919372557
3,390/208,11,0.15251285552978544
3,390/208,12,0.39656435012817415
3,391/243,1,0.6020770359039307
3,391/243,2,0.4829581832885743
3,391/243,3,1.567937307357788
3,391/243,4,1.152580223083496
3,391/243,5,0.6148245143890381
3,391/243,6,0.43998280525207534
3,391/243,7,0.5237772846221924
3,391/243,8,0.32601626396179206
3,391/243,9,0.777388963699341
3,391/243,10,0.060157861709594584
3,391/243,11,0.08723960876464831
3,391/243,12,0.3824862384796144
3,391/33,1,0.6778293609619137
3,391/33,2,1.6092162704467778
3,391/33,3,1.485116443634034
3,391/33,4,1.3840600013732907
3,391/33,5,1.4386186599731445
3,391/33,6,1.5321065902709963
3,391/33,7,1.2222613906860351
3,391/33,8,1.2511691093444828
3,391/437,1,0.20468154907226577
3,391/437,2,0.23868907928466854
3,391/437,3,0.11680915832519467
3,391/437,5,0.25786392211914055
3,391/437,6,0.2625219726562502
3,391/437,8,0.09514316558837876
3,404/69,1,0.5450177574157715
3,404/69,6,0.1945343589782711
3,404/69,8,0.4544900131225589
3,404/69,9,0.9805513000488282
3,405/17,1,0.01155823707580561
3,405/17,2,0.09467357873916626
3,405/17,3,0.1567345905303955
3,405/17,4,0.018014006614685107
3,405/17,5,0.02478954553604129
3,405/17,7,0.20899733066558834
3,405/17,8,0.0852739667892457
3,405/34,1,0.16036917686462404
3,405/34,2,0.594479284286499
3,405/34,3,0.2938282871246338
3,405/34,4,0.8017808055877685
3,405/34,11,0.9181197834014894
3,405/34,12,0.44207989692688
3,418/15,1,0.011589708328247017
3,418/15,2,0.2760242223739624
3,418/15,3,0.3669934821128845
3,418/15,4,0.27425648927688595
3,418/15,5,0.22226742267608646
3,418/15,6,0.09717700481414793
3,418/15,7,0.17248925685882566
3,418/15,8,0.788638424873352
3,418/4,1,0.25592489719390876
3,418/4,2,0.23687226295471175
3,418/4,4,0.4781661796569825
3,418/4,5,0.5646478176116942
3,418/4,6,0.5952616214752195
3,418/4,7,0.5610903739929198
3,418/4,8,0.3530666923522947
3,418/4,10,0.2837302494049072
4,330/183,1,0.3247411012649537
4,330/183,2,0.3597264122962951
4,330/183,3,0.2583455777168273
4,330/183,4,0.10421351194381723
4,330/183,5,0.06730257034301768
4,330/183,6,0.09144515991210933
4,330/183,7,0.35676395416259776
4,330/183,8,0.30246443748474117
4,330/183,9,0.7800760173797607
4,331/2,1,1.04135835647583
4,331/2,2,0.5112252998352051
4,331/2,3,0.08191520690917997
4,331/2,5,0.08701751708984418
4,331/2,7,0.31187313079833956
4,331/2,8,0.6552183914184573
4,331/2,9,0.3172952461242673
4,331/2,11,0.4229943084716794
4,331/2,12,1.1857216644287112
4,341/17,1,0.20369955062866207
4,341/17,2,0.3160015487670895
4,341/17,3,0.6895528984069825
4,341/17,4,0.30525093078613263
4,341/17,5,0.36624622344970703
4,341/17,6,0.1818635940551765
4,341/17,7,0.19902748107910107
4,341/17,8,0.5251719474792473
4,341/17,9,0.838607215881348
4,341/17,10,0.6957962226867673
4,341/17,11,0.6481040000915526
4,342/78,1,0.16950614452362056
4,342/78,2,0.5638873815536498
4,342/78,3,1.5149215507507323
4,342/78,4,1.020261030197144
4,342/78,5,4.365229382514953
4,342/78,6,1.3069848155975343
4,342/78,7,0.88649658203125
4,342/78,8,1.0272183418273926
4,342/78,9,0.4193280887603761
4,342/78,10,0.18775733470916744
4,342/78,11,0.3623945951461792
4,342/78,12,1.0127799081802369
4,342/97,1,1.4032524394989014
4,342/97,2,2.4797436618804936
4,342/97,3,0.24772216796874957
4,342/97,4,1.9622635269165043
4,342/97,5,1.1480198287963868
4,342/97,6,0.3972541236877438
4,342/97,7,0.8526169776916506
4,342/97,8,0.003688125610351811
4,342/97,9,0.8988473892211912
4,342/97,10,1.3853042793273929
4,342/97,11,0.39660373687744155
4,342/97,12,1.0686661338806154
4,377/54,1,0.39610357284545916
4,377/54,2,2.395261526107788
4,377/54,3,1.9437510490417482
4,377/54,4,4.261040115356446
4,377/54,5,1.1818523406982422
4,377/54,6,0.5635013580322266
4,377/54,7,0.6015031814575194
4,377/54,8,0.7881967544555666
4,377/54,9,0.7482983589172365
4,377/54,10,0.3813079261779784
4,377/54,11,0.2886237621307375
4,377/54,12,0.6754764556884765
4,377/84,1,0.9075494766235348
4,377/84,2,0.3644404411315918
4,377/84,3,0.3060243606567381
4,377/84,4,0.1741530418395998
4,377/84,5,0.07580226898193398
4,377/84,6,0.5210243797302248
4,377/84,7,0.36742713928222637
4,377/84,8,0.5462528228759762
4,377/84,9,0.942474365234375
4,377/84,10,2.848108863830566
4,377/84,11,1.8949487686157234
4,377/84,12,2.170550918579101
4,377/86,1,0.046071758270263885
4,377/86,2,0.3216557121276855
4,377/86,3,0.2463248538970948
4,377/86,4,0.2130464553833007
4,377/86,5,0.03430966377258304
4,377/86,6,0.28320580482482915
4,377/86,7,0.7448463249206543
4,377/86,8,1.092052936553955
4,377/86,9,0.06159164428710895
4,377/94,1,0.08267097473144513
4,377/94,2,0.06741116523742718
4,377/94,3,0.15320488929748555
4,377/94,4,0.051250457763671875
4,377/94,5,0.10962728500366214
4,377/94,6,0.12739546775817878
4,377/94,7,0.25102519035339377
4,377/94,8,0.29433409690856926
4,377/94,9,0.29164890289306644
4,390/208,1,0.764911422729492
4,390/208,2,0.723020706176758
4,390/208,3,0.4820714569091793
4,390/208,4,0.7689610099792477
4,390/208,5,0.22816854476928672
4,390/208,6,0.6711751556396486
4,390/208,7,1.2017683601379394
4,390/208,8,0.22936111450195273
4,390/208,9,1.458002529144287
4,390/208,10,0.6438968467712405
4,390/208,11,0.023680362701416158
4,390/208,12,0.127541370391846
4,391/243,1,0.35827543258666994
4,391/243,2,0.7435796546936035
4,391/243,3,0.8441582775115968
4,391/243,4,1.899367504119873
4,391/243,5,1.300033769607544
4,391/243,6,0.6923064994812012
4,391/243,7,0.4466265773773195
4,391/243,8,0.4988096141815186
4,391/243,9,0.3265276718139649
4,391/243,10,0.6878072357177736
4,391/243,11,0.1473656558990477
4,391/243,12,0.235568389892578
4,391/33,1,0.33111442565918026
4,391/33,2,1.1234699249267575
4,391/33,3,1.9774342155456548
4,391/33,4,1.7189735984802255
4,391/33,5,1.5083099365234371
4,391/33,6,1.4700431823730469
4,391/33,7,1.6559187889099123
4,391/33,8,1.3403062438964843
4,391/33,9,1.4725612640380863
4,391/437,1,0.018596267700194957
4,391/437,2,0.24987331390380874
4,391/437,3,0.2988335037231451
4,391/437,4,0.12716892242431577
4,391/437,6,0.2546214294433593
4,391/437,7,0.20735668182373068
4,391/437,9,0.048051681518554545
4,404/69,1,0.36838134765624986
4,404/69,2,0.7427344703674317
4,404/69,7,0.1423054313659664
4,404/69,9,0.41441614151001005
4,404/69,10,0.6783762550354004
4,405/17,1,0.3044448900222778
4,405/17,2,0.27918881416320795
4,405/17,3,0.4257848310470581
4,405/17,4,0.33849668979644776
4,405/17,5,0.0690729689598083
4,405/17,6,0.01964017391204831
4,405/17,8,0.1432492351531982
4,405/17,9,0.04161821365356455
4,405/34,1,0.23060864448547358
4,405/34,2,0.3693173122406006
4,405/34,3,0.6419026470184326
4,405/34,4,0.3319299602508545
4,405/34,5,0.8916990613937378
4,405/34,12,0.9171913814544679
4,418/15,1,0.03313762664794928
4,418/15,2,0.01732212066650396
4,418/15,3,0.27324986457824707
4,418/15,4,0.31889718294143676
4,418/15,5,0.2360430574417114
4,418/15,6,0.19417873382568362
4,418/15,7,0.028821623325347878
4,418/15,8,0.2176837635040283
4,418/15,9,0.7348219871520996
4,418/4,1,0.1801553249359129
4,418/4,2,0.05637137413024895
4,418/4,3,0.10860795497894271
4,418/4,5,0.2966063785552979
4,418/4,6,0.25402417182922354
4,418/4,7,0.3310170650482176
4,418/4,8,0.3805893898010253
4,418/4,9,0.3398704624176023
4,418/4,11,0.27414105415344237
5,330/183,1,0.5086516571044921
5,330/183,2,0.10330030918121347
5,330/183,3,0.30521075248718255
5,330/183,4,0.3641626572608947
5,330/183,5,0.10131499767303476
5,330/183,6,0.01018406391143789
5,330/183,7,0.03278236389160161
5,330/183,8,0.2845575761795045
5,330/183,9,0.32294173240661617
5,330/183,10,0.7481031322479248
5,331/2,1,1.1817696380615237
5,331/2,2,1.1924003410339354
5,331/2,3,1.0257120895385743
5,331/2,4,0.0019496154785159092
5,331/2,6,0.16296766281127972
5,331/2,8,0.3133732604980466
5,331/2,9,0.6415479469299319
5,331/2,10,0.29270761489868136
5,331/2,12,0.5810992050170896
5,341/17,1,0.3529367256164555
5,341/17,3,0.03374771118164066
5,341/17,4,0.09874071121215788
5,341/17,5,0.28266584396362315
5,341/17,6,0.30934410095214826
5,341/17,7,0.2836570739746094
5,341/17,8,0.21501808166503977
5,341/17,9,0.13647693634033153
5,341/17,10,0.40601940155029226
5,341/17,11,0.6748050689697269
5,341/17,12,0.5228621673583982
5,342/78,1,1.6134916305541993
5,342/78,2,0.9301534175872803
5,342/78,3,0.5280638694763184
5,342/78,4,0.1626251983642577
5,342/78,5,0.4397454452514644
5,342/78,6,3.096675052642822
5,342/78,7,1.1189483737945558
5,342/78,8,0.9258804702758789
5,342/78,9,0.9918003082275391
5,342/78,10,0.20382463455200206
5,342/78,11,0.5220842742919922
5,342/78,12,1.155589723587036
5,342/97,1,0.2520944976806643
5,342/97,2,1.3646250534057618
5,342/97,3,2.4832343482971195
5,342/97,4,0.04965974807739215
5,342/97,5,1.6650227928161625
5,342/97,6,1.1631722831726075
5,342/97,7,0.3867360496520993
5,342/97,8,0.8537079811096193
5,342/97,9,0.06209114074707056
5,342/97,10,0.8854439735412596
5,342/97,11,1.3864367675781253
5,342/97,12,0.4551412200927736
5,377/54,1,0.0882181644439699
5,377/54,2,0.3455612182617189
5,377/54,3,2.3894922733306885
5,377/54,4,1.8608042716979982
5,377/54,5,4.127162837982178
5,377/54,6,1.2322502136230469
5,377/54,7,0.5999555587768555
5,377/54,8,0.46295099258422834
5,377/54,9,0.6443812370300295
5,377/54,10,0.6288072586059572
5,377/54,11,0.3516658210754393
5,377/54,12,0.2874862670898439
5,377/84,1,3.297479057312012
5,377/84,2,1.118825531005859
5,377/84,3,0.31357383728027344
5,377/84,4,0.23127918243408185
5,377/84,5,0.21606607437133807
5,377/84,6,0.08165210723876992
5,377/84,7,0.5016395187377931
5,377/84,8,0.2424032974243162
5,377/84,9,0.5544610977172848
5,377/84,10,1.058518409729004
5,377/84,11,2.8421021461486813
5,377/84,12,1.9820507049560554
5,377/86,1,0.026706657409667933
5,377/86,2,0.054238071441650604
5,377/86,3,0.41867824554443356
5,377/86,4,0.3661976623535157
5,377/86,5,0.02863917350769052
5,377/86,6,0.09439798355102536
5,377/86,7,0.3239193534851075
5,377/86,8,0.707001428604126
5,377/86,9,1.147815227508545
5,377/86,10,0.15137817382812457
5,377/94,1,0.14166383743286115
5,377/94,2,0.028478336334228693
5,377/94,3,0.07025573730468793
5,377/94,4,0.14701339721679707
5,377/94,5,0.05028486251831055
5,377/94,6,0.1371167087554932
5,377/94,7,0.11533267974853523
5,377/94,8,0.241494884490967
5,377/94,9,0.2802979183197021
5,377/94,10,0.28577403068542484
5,390/208,1,0.08408790588378867
5,390/208,2,0.6938893890380857
5,390/208,3,0.7432180976867677
5,390/208,4,0.5083690261840816
5,390/208,5,0.7774110412597652
5,390/208,6,0.21592575073242148
5,390/208,7,0.6954571342468263
5,390/208,8,1.1945390319824218
5,390/208,9,0.1437082862854
5,390/208,10,1.1179971313476562
5,390/208,11,0.6074784088134768
5,390/208,12,0.051107730865478374
5,391/243,1,0.6407458114624023
5,391/243,2,0.492421407699585
5,391/243,3,0.6170275497436524
5,391/243,4,0.7895506477355958
5,391/243,5,1.7585861015319824
5,391/243,6,1.2393171405792236
5,391/243,7,0.5979122924804687
5,391/243,8,0.3703536128997804
5,391/243,9,0.5342378997802735
5,391/243,10,0.35193689346313484
5,391/243,11,0.6444307899475099
5,391/243,12,0.13227876663207994
5,391/33,1,0.1317379379272463
5,391/33,2,0.14910377502441463
5,391/33,3,0.8359418869018551
5,391/33,4,1.718309936523438
5,391/33,5,1.6187624549865731
5,391/33,6,1.516396617889404
5,391/33,7,1.497093677520752
5,391/33,8,1.6593529701232912
5,391/33,9,1.2785672760009765
5,391/33,10,1.3364562034606937
5,391/437,1,0.05468154907226541
5,391/437,2,0.013489341735839488
5,391/437,3,0.20750537872314467
5,391/437,4,0.24001945495605526
5,391/437,5,0.14183547973632749
5,391/437,7,0.23817913055419915
5,391/437,8,0.23910068511962912
5,391/437,10,0.0797832870483397
5,404/69,1,0.11582706451416058
5,404/69,2,0.2746981048583983
5,404/69,3,0.8501534843444825
5,404/69,8,0.15855127334594687
5,404/69,10,0.3702929687500003
5,404/69,11,0.6480627632141114
5,405/17,1,0.009085917472839267
5,405/17,2,0.32944283962249754
5,405/17,3,0.3095621490478515
5,405/17,4,0.4692782211303711
5,405/17,5,0.38015413761138916
5,405/17,6,0.08467996835708613
5,405/17,7,0.01811375856399533
5,405/17,9,0.13468661069869992
5,405/17,10,0.04842983245849619
5,405/34,1,0.053512392044067436
5,405/34,2,0.2396609210968017
5,405/34,3,0.3591718864440918
5,405/34,4,0.627184829711914
5,405/34,5,0.25447503566741947
5,405/34,6,0.8068796253204346
5,418/15,1,0.13631411552429196
5,418/15,2,0.16875379562377923
5,418/15,3,0.09084039688110357
5,418/15,4,0.22597068548202515
5,418/15,5,0.2583233666419983
5,418/15,6,0.22671594381332394
5,418/15,7,0.2594808077812195
5,418/15,8,0.08938125371932981
5,418/15,9,0.14067128419876096
5,418/15,10,0.5765583038330078
5,418/4,1,0.11609157562255845
5,418/4,2,0.0008821964263914239
5,418/4,3,0.30043478488922126
5,418/4,4,0.23973805427551254
5,418/4,6,0.43555720329284675
5,418/4,7,0.5506413221359252
5,418/4,8,0.5867425680160521
5,418/4,9,0.5410878896713256
5,418/4,10,0.34961176872253397
5,418/4,12,0.2786764907836914
6,330/183,1,0.6886760044097899
6,330/183,2,1.1210886669158935
6,330/183,3,0.4195385932922364
6,330/183,4,0.16720752239227288
6,330/183,5,0.03407720088958732
6,330/183,6,0.25778045654296866
6,330/183,7,0.25231181144714365
6,330/183,8,0.05300991535186772
6,330/183,9,0.17385816097259532
6,330/183,10,0.2783624649047851
6,330/183,11,0.7206618690490723
6,331/2,1,0.0454667282104495
6,331/2,2,1.2823372173309329
6,331/2,3,1.2818383026123046
6,331/2,4,0.9959665107727051
6,331/2,5,0.18985145568847628
6,331/2,7,0.4189133453369145
6,331/2,9,0.3636075782775876
6,331/2,10,0.6410863685607913
6,331/2,11,0.335684947967529
6,341/17,1,0.19092840194702188
6,341/17,2,0.8806443023681645
6,341/17,4,1.037150821685791
6,341/17,5,0.9995418930053708
6,341/17,6,0.9268675994873048
6,341/17,7,0.09700269699096697
6,341/17,8,0.7163758277893066
6,341/17,9,0.442747879028321
6,341/17,10,0.5261558914184565
6,341/17,11,0.6367156028747551
6,341/17,12,0.9410008430480961
6,342/78,1,0.05920813560485838
6,342/78,2,1.5093730449676515
6,342/78,3,1.0777869701385498
6,342/78,4,0.5047491550445558
6,342/78,5,0.4844189929962157
6,342/78,6,0.24257184982299762
6,342/78,7,3.6143790626525876
6,342/78,8,1.5270825958251955
6,342/78,9,0.6757707977294922
6,342/78,10,1.15877366065979
6,342/78,11,0.37392627716064464
6,342/78,12,0.3707325839996338
6,342/97,1,3.48521484375
6,342/97,2,1.7766940498352053
6,342/97,3,0.36788590431213386
6,342/97,4,2.498027029037476
6,342/97,5,0.04675434112548871
6,342/97,6,1.592584552764893
6,342/97,7,0.9240107917785645
6,342/97,8,0.45859683990478484
6,342/97,9,0.8930551528930666
6,342/97,10,0.23652723312377955
6,342/97,11,1.0448511123657225
6,342/97,12,1.583612270355225
6,377/54,1,1.5782160758972168
6,377/54,2,0.47435016632080096
6,377/54,3,0.17312474250793475
6,377/54,4,2.595628261566162
6,377/54,5,1.9339768409729006
6,377/54,6,4.710402393341065
6,377/54,7,1.249495506286621
6,377/54,8,0.8010587692260742
6,377/54,9,0.43654136657714826
6,377/54,10,0.6370985031127931
6,377/54,11,0.9437257766723635
6,377/54,12,0.40053018569946275
6,377/84,1,1.2766689300537113
6,377/84,2,3.348698997497559
6,377/84,3,0.7854429244995114
6,377/84,4,0.19674253463745117
6,377/84,5,0.2757480621337889
6,377/84,6,0.1683723449707033
6,377/84,7,0.05036109924316445
6,377/84,8,0.5019981002807619
6,377/84,9,0.2695954132080076
6,377/84,10,0.5633917808532711
6,377/84,11,1.013153076171875
6,377/84,12,2.912174320220947
6,377/86,1,0.1485171699523926
6,377/86,2,0.0018062210083007457
6,377/86,3,0.033631076812744354
6,377/86,4,0.35175391197204586
6,377/86,5,0.24933989524841316
6,377/86,6,0.18765273094177237
6,377/86,7,0.009790220260620153
6,377/86,8,0.30601626396179205
6,377/86,9,0.6867174911499023
6,377/86,10,0.9405460357666016
6,377/86,11,0.005722541809081605
6,377/94,1,0.14937804222106932
6,377/94,2,0.29043440818786603
6,377/94,3,0.21259779930114764
6,377/94,4,0.0706784915924068
6,377/94,5,0.18791648864746113
6,377/94,6,0.010979652404785156
6,377/94,7,0.11642865180969242
6,377/94,8,0.1484101581573487
6,377/94,9,0.2363061809539797
6,377/94,10,0.27190176963806145
6,377/94,11,0.28047946929931644
6,390/208,1,0.13263658523559574
6,390/208,2,0.05442100524902305
6,390/208,3,0.6457870101928709
6,390/208,4,0.7421170806884767
6,390/208,5,0.45554262161254844
6,390/208,6,0.7024403190612789
6,390/208,7,0.19260173797607383
6,390/208,8,0.5620352363586427
6,390/208,9,1.1146630859375
6,390/208,10,0.040364322662353125
6,390/208,11,0.9693898773193359
6,390/208,12,0.41109159469604517
6,391/243,1,0.6109793186187744
6,391/243,2,1.2710158157348632
6,391/243,3,1.049266119003296
6,391/243,4,1.232758550643921
6,391/243,5,1.0966783618927003
6,391/243,6,1.751484088897705
6,391/243,7,1.3287527179718017
6,391/243,8,0.6655196952819824
6,391/243,9,0.44466939926147475
6,391/243,10,0.44142869949340824
6,391/243,11,0.4770849514007569
6,391/243,12,0.6984504795074464
6,391/33,1,0.040188407897948863
6,391/33,2,0.1119615936279299
6,391/33,3,0.1514355087280279
6,391/33,4,0.8183961868286129
6,391/33,5,1.716784057617188
6,391/33,6,1.6072268104553231
6,391/33,7,1.4481698036193844
6,391/33,8,1.495154857635498
6,391/33,9,1.702084255218506
6,391/33,10,1.3042049026489257
6,391/33,11,1.3859771728515629
6,391/437,1,0.06603298187255824
6,391/437,2,0.07641960144042947
6,391/437,3,0.033494377136230824
6,391/437,4,0.23500362396240249
6,391/437,5,0.2711550140380865
6,391/437,6,0.1385729598999017
6,391/437,8,0.23989383697509759
6,391/437,9,0.22237895965576193
6,391/437,11,0.03871711730957017
6,404/69,1,0.24405479431152344
6,404/69,2,0.07435892105102582
6,404/69,3,0.11940559387207017
6,404/69,4,0.767348804473877
6,404/69,9,0.17174297332763633
6,404/69,11,0.4013174247741702
6,404/69,12,0.7047029113769532
6,405/17,1,0.06296526908874522
6,405/17,2,0.09899828433990487
6,405/17,3,0.11181781768798826
6,405/17,4,0.1974384212493896
6,405/17,5,0.29572463512420655
6,405/17,6,0.20634729146957398
6,405/17,7,0.015646345615386914
6,405/17,8,0.005196664333343537
6,405/17,10,0.1675352072715759
6,405/17,11,0.04316411972045908
6,405/34,1,0.2020180130004885
6,405/34,2,0.2267859554290772
6,405/34,3,0.231191816329956
6,405/34,4,0.32519604682922365
6,405/34,5,0.6442460632324218
6,405/34,6,0.3471987628936768
6,405/34,7,0.89199303150177
6,418/15,1,0.006496005058288512
6,418/15,2,0.11731883049011227
6,418/15,3,0.1830148029327392
6,418/15,4,0.08062702178955083
6,418/15,5,0.21044665575027466
6,418/15,6,0.24701189517974853
6,418/15,7,0.21162988901138302
6,418/15,8,0.2516504263877869
6,418/15,9,0.11191520690917967
6,418/15,10,0.1287453484535217
6,418/15,11,0.5918085694313049
6,418/4,1,0.11141571044921861
6,418/4,2,0.003700447082519709
6,418/4,3,0.26558418750762947
6,418/4,4,0.24679286003112777
6,418/4,6,0.34079356670379646
6,418/4,7,0.265059733390808
6,418/4,8,0.33785216808319074
6,418/4,9,0.3684438705444335
6,418/4,10,0.3580584621429441
7,330/183,1,0.687729730606079
7,330/183,2,1.3841885375976561
7,330/183,3,1.4850181770324706
7,330/183,4,0.49668941497802743
7,330/183,5,0.025626344680786062
7,330/183,6,0.03997007369995109
7,330/183,7,0.18608059883117667
7,330/183,8,0.22835277080535898
7,330/183,9,0.06516153812408443
7,330/183,10,0.20373749256134044
7,330/183,11,0.26381785869598384
7,330/183,12,0.7453565502166748
7,331/2,1,0.3447945785522464
7,331/2,2,1.1014099407196047
7,331/2,3,1.3217495727539061
7,331/2,4,1.0732427406311036
7,331/2,5,0.49946039199829073
7,331/2,7,0.23651884078979535
7,331/2,9,0.3252021598815915
7,331/2,10,0.6617968368530276
7,331/2,11,0.14107816696166964
7,341/17,1,0.2853669548034672
7,341/17,2,0.9378704833984379
7,341/17,4,0.9934982872009277
7,341/17,5,0.9417058372497555
7,341/17,6,0.9428383064270021
7,341/17,7,0.1269280433654787
7,341/17,8,0.8311567306518555
7,341/17,9,0.47980003356933665
7,341/17,10,0.5513529205322261
7,341/17,11,0.6166841506958001
7,342/78,1,0.05136041641235334
7,342/78,2,0.021528024673461932
7,342/78,3,1.5325573444366456
7,342/78,4,1.0441682815551758
7,342/78,5,0.5906399250030518
7,342/78,6,0.3144172477722167
7,342/78,7,0.4777980041503902
7,342/78,8,3.6754232788085934
7,342/78,9,1.0476383304595949
7,342/78,10,0.5639107608795166
7,342/78,11,0.9782295227050781
7,342/78,12,0.4114876937866212
7,342/97,1,0.4211287498474121
7,342/97,2,2.9657060050964357
7,342/97,3,0.8389484786987307
7,342/97,4,0.9946275520324708
7,342/97,5,2.4167735004425053
7,342/97,6,0.03831384658813519
7,342/97,7,1.5385255241394047
7,342/97,8,0.8886485481262207
7,342/97,9,0.525128021240234
7,342/97,10,0.8993155479431154
7,342/97,11,0.13503673553466822
7,342/97,12,1.123331832885742
7,377/54,1,2.630544662475586
7,377/54,2,0.6415962696075441
7,377/54,3,0.16056389808654803
7,377/54,4,2.5242936611175537
7,377/54,5,1.7902066230773928
7,377/54,6,4.531619453430176
7,377/54,7,1.3827896118164062
7,377/54,8,0.6235551834106445
7,377/54,9,0.44542245864868146
7,377/54,10,0.5073921203613283
7,377/54,11,0.9313084602355959
7,377/84,1,0.2896625518798821
7,377/84,2,1.4436077117919925
7,377/84,3,3.2906116485595707
7,377/84,4,0.785665130615234
7,377/84,5,0.23052120208740234
7,377/84,6,0.12303905487060529
7,377/84,7,0.11506299972534162
7,377/84,8,0.06624931335449258
7,377/84,9,0.4770213699340822
7,377/84,10,0.2379906463623045
7,377/84,11,0.6262970924377438
7,377/84,12,1.019625186920166
7,377/86,1,0.1297509193420412
7,377/86,2,0.17356542587280277
7,377/86,3,0.0565042877197266
7,377/86,4,0.006479511260986115
7,377/86,5,0.25522466659545895
7,377/86,6,0.28570135116577156
7,377/86,7,0.21568431854248038
7,377/86,8,0.0546431922912598
7,377/86,9,0.32173591613769537
7,377/86,10,0.7037045764923096
7,377/86,11,1.170250415802002
7,377/86,12,0.3019366455078121
7,377/94,1,0.04328618049621591
7,377/94,2,0.1102523612976074
7,377/94,3,0.24148612022399885
7,377/94,4,0.10387439727783221
7,377/94,5,0.039305906295776794
7,377/94,6,0.1916818332672121
7,377/94,7,0.029870986938476562
7,377/94,8,0.14711693763732914
7,377/94,9,0.13715727806091316
7,377/94,10,0.256706705093384
7,377/94,11,0.29588906288146966
7,377/94,12,0.29391054153442386
7,390/208,1,0.19431110382080075
7,390/208,2,0.12445932388305625
7,390/208,3,0.7972400283813474
7,390/208,4,0.7708341217041017
7,390/208,5,0.45304447174072227
7,390/208,6,0.7479873275756832
7,390/208,7,0.21131425857543906
7,390/208,8,0.6941753959655763
7,390/208,9,1.1871828651428222
7,390/208,10,0.18634420394897422
7,390/208,11,1.129443130493164
7,391/243,1,0.15305912017822276
7,391/243,2,0.5514519214630127
7,391/243,3,0.8196534442901611
7,391/243,4,0.7185974311828613
7,391/243,5,0.4579078245162964
7,391/243,6,0.5120147323608399
7,391/243,7,0.8438224124908447
7,391/243,8,0.7545923805236816
7,391/243,9,0.3690445232391357
7,391/243,10,0.28955045700073256
7,391/243,11,0.4698651218414307
7,391/243,12,0.44798024177551277
7,391/33,1,0.2057332229614257
7,391/33,2,0.14533462524414098
7,391/33,3,0.19002937316894553
7,391/33,4,0.13870204925537166
7,391/33,5,0.7904735565185543
7,391/33,6,1.7373252487182622
7,391/33,7,1.5355181312561044
7,391/33,8,1.4235230445861813
7,391/33,9,1.5108981132507324
7,391/33,10,1.608045291900635
7,391/33,11,1.3712935066223144
7,391/33,12,1.4532841682434086
7,391/437,1,0.1816292572021485
7,391/437,2,0.0016435623168948865
7,391/437,3,0.042160758972167756
7,391/437,4,0.0077444076538082385
7,391/437,5,0.22475639343261733
7,391/437,6,0.26195968627929744
7,391/437,7,0.1247332382202142
7,391/437,9,0.229427261352539
7,391/437,10,0.2256376647949221
7,391/437,12,0.09745677947998033
7,404/69,1,0.4232846641540524
7,404/69,2,0.03741884231567383
7,404/69,3,0.11091802597045941
7,404/69,4,0.18006690979003892
7,404/69,5,0.7285776519775391
7,404/69,10,0.1102753257751461
7,404/69,12,0.4606135559082034
7,405/17,1,0.01974250793457033
7,405/17,2,0.08928083896636974
7,405/17,3,0.0974607229232789
7,405/17,4,0.13091943740844725
7,405/17,5,0.2083348655700683
7,405/17,6,0.3555539298057556
7,405/17,7,0.2163860845565796
7,405/17,8,0.0046417784690856445
7,405/17,9,0.03721645832061771
7,405/17,11,0.15831758737564083
7,405/17,12,0.04921089172363291
7,405/34,1,0.042809247970581055
7,405/34,2,0.18562578201293967
7,405/34,3,0.22738653182983404
7,405/34,4,0.15953940391540522
7,405/34,5,0.3796296310424805
7,405/34,6,0.5434543704986572
7,405/34,7,0.258320369720459
7,405/34,8,0.8183245515823364
7,418/15,1,0.12597729206085195
7,418/15,2,0.04174155712127692
7,418/15,3,0.11503180027008053
7,418/15,4,0.1742724704742431
7,418/15,5,0.09033781051635748
7,418/15,6,0.2260493040084839
7,418/15,7,0.26290374517440795
7,418/15,8,0.20125295877456661
7,418/15,9,0.21927592515945438
7,418/15,10,0.06715170145034788
7,418/15,11,0.21695295095443723
7,418/15,12,0.734373939037323
7,418/4,1,0.2032960128784178
7,418/4,3,0.13734635353088365
7,418/4,4,0.055698585510254084
7,418/4,5,0.3143649864196778
7,418/4,6,0.27876228809356673
7,418/4,8,0.2931364345550538
7,418/4,9,0.24018087387084952
7,418/4,10,0.34708957672119123
7,418/4,11,0.3690661430358886
7,418/4,12,0.34786988258361795
8,330/183,1,0.01265061855316163
8,330/183,2,0.6279741668701171
8,330/183,3,1.222005968093872
8,330/183,4,1.5370387268066406
8,330/183,5,0.4875432014465333
8,330/183,6,0.14474706172943108
8,330/183,7,0.014753189086914142
8,330/183,8,0.3006328582763671
8,330/183,9,0.2715915298461915
8,330/183,10,0.12601344585418706
8,330/183,11,0.2189593267440797
8,330/183,12,0.3565923690795898
8,331/2,1,0.10020914077758825
8,331/2,3,0.40126211166381864
8,331/2,4,1.137078552246094
8,331/2,5,1.339268569946289
8,331/2,6,1.053515033721924
8,331/2,7,0.18488615036010714
8,331/2,9,0.300586204528809
8,331/2,11,0.35407655715942354
8,331/2,12,0.6471889305114749
8,341/17,1,0.20889312744140653
8,341/17,3,0.2964124107360844
8,341/17,4,1.0382671165466313
8,341/17,6,1.0591263389587402
8,341/17,7,1.0794273757934567
8,341/17,8,0.8227363777160646
8,341/17,9,2.9754638672052636e-05
8,341/17,10,0.5896573066711426
8,341/17,11,0.3454206466674812
8,341/17,12,0.4084305191040034
8,342/78,1,0.42933931350708043
8,342/78,2,0.34503273963928205
8,342/78,3,0.1574475955963135
8,342/78,4,1.4788900375366212
8,342/78,5,0.9569201946258545
8,342/78,6,0.508897876739502
8,342/78,7,0.35583651542663564
8,342/78,8,0.45833589553832965
8,342/78,9,3.8812290573120114
8,342/78,10,0.8887580966949464
8,342/78,11,0.5801198863983155
8,342/78,12,0.8460884094238281
8,342/97,1,0.4100067329406736
8,342/97,2,0.8161630630493164
8,342/97,3,2.380853786468506
8,342/97,4,0.8282525444030764
8,342/97,5,1.1891454029083253
8,342/97,6,2.4514843845367436
8,342/97,7,0.02494237899780316
8,342/97,8,1.5388678932189945
8,342/97,9,0.936329402923584
8,342/97,10,0.482788219451904
8,342/97,11,0.8935706138610842
8,342/97,12,0.14816310882568384
8,377/54,1,2.4366517066955566
8,377/54,2,0.6218063354492189
8,377/54,3,0.1754068851470949
8,377/54,4,2.4386684894561768
8,377/54,5,1.682125759124756
8,377/54,6,4.608866596221924
8,377/54,7,1.1602230072021484
8,377/54,8,0.6944665908813477
8,377/54,9,0.49571256637573224
8,377/54,10,0.6573855400085451
8,377/84,1,0.6876962661743162
8,377/84,2,0.262029838562011
8,377/84,3,1.4127239227294925
8,377/84,4,3.279555702209473
8,377/84,5,0.7398344039916989
8,377/84,6,0.17949485778808594
8,377/84,7,0.22153978347778303
8,377/84,8,0.06589107513427717
8,377/84,9,0.06813854217529336
8,377/84,10,0.46805778503417983
8,377/84,11,0.3250410842895506
8,377/84,12,0.40854797363281214
8,377/86,1,0.044558048248291016
8,377/86,2,0.09763069152832049
8,377/86,3,0.08611921310424808
8,377/86,4,0.06975313186645504
8,377/86,5,0.04675888061523459
8,377/86,6,0.2917337036132812
8,377/86,7,0.3053005504608155
8,377/86,8,0.16820707321166983
8,377/86,9,0.06829694747924808
8,377/86,10,0.3645744895935059
8,377/86,11,0.7580542373657226
8,377/86,12,1.1647915840148926
8,377/94,1,0.0759833812713624
8,377/94,2,0.06317367553710929
8,377/94,3,0.0972213554382324
8,377/94,4,0.2517371654510496
8,377/94,5,0.10813183784484881
8,377/94,6,0.07541082382202191
8,377/94,7,0.19789978981018086
8,377/94,8,0.02897334098815918
8,377/94,9,0.15669921875000004
8,377/94,10,0.15944917678833015
8,377/94,11,0.25543021202087424
8,377/94,12,0.3068038654327392
8,390/208,1,0.3336772537231445
8,390/208,2,0.13111358642578086
8,390/208,3,0.8024141883850096
8,390/208,4,0.7803436851501466
8,390/208,5,0.4643297767639156
8,390/208,6,0.7798162078857418
8,390/208,7,0.22184091567993125
8,390/208,8,0.6932999229431154
8,390/208,9,1.213314971923828
8,390/208,10,0.2424336051940914
8,391/243,1,0.01890284538269027
8,391/243,2,0.16234838485717784
8,391/243,3,0.6539285182952881
8,391/243,4,1.292783670425415
8,391/243,5,0.9906552028656006
8,391/243,6,1.1619701671600342
8,391/243,7,1.0399693107604981
8,391/243,8,1.7150182056427001
8,391/243,9,1.3458304023742675
8,391/243,10,0.6921100425720215
8,391/243,11,0.518419179916382
8,391/243,12,0.5203154468536377
8,391/33,1,0.2106623458862309
8,391/33,2,0.010435180664062571
8,391/33,3,0.07669124603271449
8,391/33,4,0.0013730621337888493
8,391/33,5,0.299760475158692
8,391/33,6,1.0384717941284176
8,391/33,7,1.9951172447204595
8,391/33,8,1.711685619354249
8,391/33,9,1.4628649711608883
8,391/33,10,1.541353702545166
8,391/33,11,1.760325622558594
8,391/33,12,1.4046020126342773
8,391/437,1,0.010274429321288636
8,391/437,2,0.19776161193847663
8,391/437,3,0.031005477905273082
8,391/437,4,0.11070610046386697
8,391/437,5,0.0030235290527347303
8,391/437,6,0.21527210235595717
8,391/437,7,0.2717310333251959
8,391/437,8,0.14334037780761655
8,391/437,10,0.2710675430297851
8,391/437,11,0.30824493408203146
8,404/69,1,0.1595119094848636
8,404/69,2,0.22940792083740202
8,404/69,3,0.0605621337890625
8,404/69,4,0.13234470367431683
8,404/69,5,0.18202432632446275
8,404/69,6,0.7854295158386231
8,404/69,11,0.08806901931762656
8,405/17,1,0.022029972076416104
8,405/17,2,0.019328494071960467
8,405/17,3,0.06978785514831554
8,405/17,4,0.0989495277404786
8,405/17,5,0.12939618110656737
8,405/17,6,0.22316080570220942
8,405/17,7,0.3608982014656067
8,405/17,8,0.21911502361297608
8,405/17,9,0.029307610988616895
8,405/17,10,0.05786719560623166
8,405/17,12,0.10034700393676754
8,405/34,1,0.023748264312744016
8,405/34,2,0.038758039474487305
8,405/34,3,0.24451159477233908
8,405/34,4,0.4530928707122803
8,405/34,5,0.32151907920837397
8,405/34,6,0.38482548713684084
8,405/34,7,0.6142556285858154
8,405/34,8,0.2697245264053345
8,405/34,9,0.7993625259399414
8,418/15,1,0.13759192466735848
8,418/15,2,0.19546534061431875
8,418/15,3,0.17249602794647223
8,418/15,4,0.3088812446594238
8,418/15,5,0.30051415443420404
8,418/15,6,0.3239767527580262
8,418/15,7,0.03688538074493408
8,418/15,8,0.07612913370132446
8,418/15,9,0.15012838602066036
8,418/15,10,0.22902956962585452
8,418/15,11,0.11274180412292478
8,418/15,12,0.18513473987579343
8,418/4,1,0.016912527084350426
8,418/4,2,0.18784839630126937
8,418/4,4,0.1511948966979979
8,418/4,5,0.050594520568847834
8,418/4,6,0.3564838933944703
8,418/4,7,0.4185716581344603
8,418/4,9,0.5421458053588868
8,418/4,10,0.5763542890548705
8,418/4,11,0.5522943019866942
8,418/4,12,0.3689912796020507
9,330/183,1,0.10333484649658198
9,330/183,2,0.48660458087921143
9,330/183,3,1.1245499992370604
9,330/183,4,1.5122557926177977
9,330/183,5,1.3018492889404296
9,330/183,6,0.5437257051467896
9,330/183,7,0.31888888597488396
9,330/183,8,0.2649088239669799
9,330/183,9,0.0682704210281373
9,330/183,10,0.012841119766235254
9,330/183,11,0.11156969070434575
9,330/183,12,0.24037968635559093
9,331/2,1,0.08540340423583981
9,331/2,2,0.05948266983032191
9,331/2,4,0.42459423065185575
9,331/2,5,1.1314571189880374
9,331/2,6,1.4272378730773925
9,331/2,7,1.0263739395141602
9,331/2,8,0.130787544250488
9,331/2,10,0.26282737731933636
9,331/2,12,0.317433052062988
9,341/17,1,0.5021303939819344
9,341/17,2,0.4160702896118167
9,341/17,4,0.34436887741088906
9,341/17,5,1.0180930900573735
9,341/17,7,1.0663780784606933
9,341/17,8,1.1095696830749509
9,341/17,9,0.6561475944519044
9,341/17,10,0.40826206207275373
9,341/17,11,0.35257434844970703
9,341/17,12,0.24511985778808665
9,342/78,1,0.4955191326141355
9,342/78,2,0.5301934719085697
9,342/78,3,0.2756548404693602
9,342/78,4,0.10400130271911623
9,342/78,5,1.5585716724395753
9,342/78,6,0.9954996585845948
9,342/78,7,0.5533693790435792
9,342/78,8,0.3321484374999999
9,342/78,9,0.5297217559814449
9,342/78,10,3.524418487548828
9,342/78,11,0.7550345993041994
9,342/78,12,0.5667553329467774
9,342/97,1,0.23305942535400348
9,342/97,2,0.05998680114746069
9,342/97,3,0.46591949462890625
9,342/97,4,2.879506721496582
9,342/97,5,0.7406022453308108
9,342/97,6,0.9444247055053712
9,342/97,7,2.447649421691895
9,342/97,8,0.008317966461181214
9,342/97,9,1.521185340881348
9,342/97,10,0.8815665626525879
9,342/97,11,0.537938251495361
9,342/97,12,0.8331515312194826
9,377/54,1,2.2114109992980957
9,377/54,2,0.5671827316284181
9,377/54,3,0.2348379611968996
9,377/54,4,2.582498788833618
9,377/54,5,1.5344335556030275
9,377/54,6,4.664869213104248
9,377/54,7,1.0789270401000977
9,377/54,8,0.7945270538330078
9,377/54,9,0.4140236854553221
9,377/84,1,0.487453508377075
9,377/84,2,0.5053775787353514
9,377/84,3,0.3067562103271477
9,377/84,4,1.41844596862793
9,377/84,5,3.220489883422852
9,377/84,6,0.7887540817260739
9,377/84,7,0.2776522636413574
9,377/84,8,0.07078723907470685
9,377/84,9,0.057376670837402166
9,377/84,10,0.036396446228027735
9,377/84,11,0.4819099044799806
9,377/84,12,0.36704423904418926
9,377/86,1,0.05733690261840785
9,377/86,2,0.11700105667114258
9,377/86,3,0.09057922363281268
9,377/86,4,0.19672540664672855
9,377/86,5,0.09776214599609379
9,377/86,6,0.01135562896728537
9,377/86,7,0.3053559875488281
9,377/86,8,0.24349434852600105
9,377/86,9,0.17169299125671378
9,377/86,10,0.036458692550659144
9,377/86,11,0.33673244476318365
9,377/86,12,0.8175120162963867
9,377/94,1,0.04021384239196779
9,377/94,2,0.02703990936279288
9,377/94,3,0.07031569480896005
9,377/94,4,0.1078417110443115
9,377/94,5,0.23637871742248517
9,377/94,6,0.07761402130126971
9,377/94,7,0.07285616874694867
9,377/94,8,0.17002579689025898
9,377/94,9,0.05334806442260742
9,377/94,10,0.14229659080505375
9,377/94,11,0.13841946601867683
9,377/94,12,0.2399208450317385
9,390/208,1,0.27988143920898434
9,390/208,2,0.13090950012206992
9,390/208,3,0.8210766410827635
9,390/208,4,0.7725750541687013
9,390/208,5,0.45672136306762656
9,390/208,6,0.7064567184448238
9,390/208,7,0.20297580718994102
9,390/208,8,0.6837045288085939
9,390/208,9,1.182109317779541
9,391/243,1,0.3714358234405517
9,391/243,2,0.22188442230224625
9,391/243,3,0.15275203704833995
9,391/243,4,0.6905615329742432
9,391/243,5,1.3298053073883056
9,391/243,6,0.9659316730499268
9,391/243,7,1.146898536682129
9,391/243,8,1.0309558963775636
9,391/243,9,1.7261485385894775
9,391/243,10,1.3477866268157959
9,391/243,11,0.6690020370483398
9,391/243,12,0.5839675998687746
9,391/33,1,0.23050296783447344
9,391/33,2,0.3882756042480473
9,391/33,3,0.0899830627441407
9,391/33,4,0.162399864196777
9,391/33,5,0.12610126495361307
9,391/33,6,0.4353414916992193
9,391/33,7,1.464356994628906
9,391/33,8,2.653901157379151
9,391/33,9,2.3845853424072274
9,391/33,10,2.000229454040527
9,391/33,11,1.859832763671875
9,391/33,12,1.8529011726379396
9,391/437,1,0.03660343170166058
9,391/437,2,0.03070213317871051
9,391/437,3,0.18862827301025398
9,391/437,4,0.02041110992431605
9,391/437,5,0.06647087097167947
9,391/437,6,0.014484786987305043
9,391/437,7,0.2013913726806642
9,391/437,8,0.2321812057495123
9,391/437,9,0.16601398468017514
9,391/437,11,0.2533969116210937
9,391/437,12,0.22179912567138693
9,404/69,1,0.05634778976440469
9,404/69,2,0.0805324172973636
9,404/69,3,0.4087835693359372
9,404/69,4,0.001598358154296875
9,404/69,5,0.12744997024536175
9,404/69,6,0.23166593551635728
9,404/69,7,0.8159461402893067
9,404/69,12,0.10534101486206016
9,405/17,1,0.25644058704376227
9,405/17,2,0.07613255977630606
9,405/17,3,0.045378069877624494
9,405/17,4,0.13096510887146007
9,405/17,5,0.10864481925964364
9,405/17,6,0.09434507369995115
9,405/17,7,0.1808317327499389
9,405/17,8,0.2716049599647522
9,405/17,9,0.2133713412284851
9,405/17,10,0.028600878715515088
9,405/17,11,0.05927076578140256
9,405/34,1,0.24856092453002931
9,405/34,2,0.34465254783630384
9,405/34,3,0.5977342128753662
9,405/34,4,0.7938852214813235
9,405/34,5,1.1085935211181641
9,405/34,6,1.220524969100952
9,405/34,7,1.1975434017181397
9,405/34,8,0.5663909530639648
9,405/34,9,0.18956641197204593
9,405/34,10,0.7892621612548828
9,418/15,1,0.1448949122428893
9,418/15,2,0.2865306997299195
9,418/15,3,0.2609055185317992
9,418/15,4,0.35288412094116217
9,418/15,5,0.4874370908737182
9,418/15,6,0.3409784364700317
9,418/15,7,0.3728922581672669
9,418/15,8,0.09365975856781006
9,418/15,9,0.027990157604217525
9,418/15,10,0.11034747123718258
9,418/15,11,0.21011159181594852
9,418/15,12,0.13738337755203245
9,418/4,1,0.117611575126648
9,418/4,2,0.13017684936523422
9,418/4,3,0.20831996917724593
9,418/4,5,0.14595588684082017
9,418/4,6,0.05965609550476092
9,418/4,7,0.3500865268707276
9,418/4,8,0.38659972667694076
9,418/4,10,0.5329259204864503
9,418/4,11,0.5220803260803222
9,418/4,12,0.5513072490692137
10,330/183,1,0.01046206474304201
10,330/183,2,0.0962498807907104
10,330/183,3,0.2592867708206177
10,330/183,4,0.6294129037857055
10,330/183,5,1.096752529144287
10,330/183,6,1.5482742023468017
10,330/183,7,0.4265138864517213
10,330/183,8,0.2313733530044555
10,330/183,9,0.14694562911987297
10,330/183,10,0.014539623260497958
10,330/183,11,0.2180176830291749
10,330/183,12,0.10063881874084468
10,331/2,1,0.3390163993835449
10,331/2,2,0.34994979858398434
10,331/2,3,0.08617649078369105
10,331/2,5,0.4476116371154788
10,331/2,6,1.1331260490417483
10,331/2,7,1.4200404930114745
10,331/2,8,1.1174383926391602
10,331/2,9,0.40269535064697237
10,331/2,11,0.2525648880004887
10,341/17,1,0.5315016555786141
10,341/17,2,0.48615009307861357
10,341/17,4,0.4208640480041508
10,341/17,5,1.0990485954284672
10,341/17,7,1.0838694190979004
10,341/17,8,1.0633837127685544
10,341/17,9,0.729902858734131
10,341/17,10,0.40275459289550763
10,341/17,11,0.3629875183105469
10,342/78,1,0.2331725311279298
10,342/78,2,0.5688771915435789
10,342/78,3,1.301826620101929
10,342/78,4,0.8066599845886229
10,342/78,5,0.07882430076599123
10,342/78,6,1.533363437652588
10,342/78,7,1.0663817405700684
10,342/78,8,0.539842700958252
10,342/78,9,0.4086700725555419
10,342/78,10,0.5950079154968257
10,342/78,11,3.6604653739929196
10,342/78,12,1.1368621921539308
10,342/97,1,0.15002460479736346
10,342/97,2,0.09113695144653278
10,342/97,3,0.24855920791625952
10,342/97,4,0.7725796699523926
10,342/97,5,2.6048017883300782
10,342/97,6,0.8663546943664553
10,342/97,7,0.9274462032318116
10,342/97,8,2.5625888729095463
10,342/97,9,0.0003452110290531607
10,342/97,10,1.4913410568237309
10,342/97,11,0.9546838188171387
10,342/97,12,0.4923573875427243
10,377/54,1,0.8244548797607418
10,377/54,5,2.2893905639648438
10,377/54,6,0.5752660751342775
10,377/54,7,0.2293157100677492
10,377/54,8,2.425870418548584
10,377/54,9,1.480491352081299
10,377/54,10,4.020438098907471
10,377/54,11,1.0173187255859375
10,377/54,12,1.8366880416870117
10,377/84,1,1.305078125
10,377/84,2,1.4281709671020506
10,377/84,3,0.6331437110900877
10,377/84,4,0.28228302001953054
10,377/84,5,1.4634212493896488
10,377/84,6,3.2005027770996097
10,377/84,7,0.7377344131469723
10,377/84,8,0.22606754302978516
10,377/84,9,0.07412605285644513
10,377/84,10,0.20276288986206037
10,377/84,11,0.09474414825439492
10,377/84,12,0.46577087402343764
10,377/86,1,0.6705085754394533
10,377/86,2,0.07785120010376012
10,377/86,3,0.1446995735168457
10,377/86,4,0.04115562438964826
10,377/86,5,0.40381912231445316
10,377/86,6,0.07645133972167972
10,377/86,7,0.06661058425903299
10,377/86,8,0.3238787269592285
10,377/86,9,0.2614484596252442
10,377/86,10,0.15300788879394522
10,377/86,11,0.011711082458496058
10,377/86,12,0.30647235870361333
10,377/94,1,0.09661905288696282
10,377/94,2,0.09628774642944338
10,377/94,3,0.07684102058410636
10,377/94,4,0.05909404754638681
10,377/94,5,0.0858075428009033
10,377/94,6,0.20783953666686994
10,377/94,7,0.0802375793457033
10,377/94,8,0.04794190406799359
10,377/94,9,0.19103691101074238
10,377/94,10,0.027533531188964844
10,377/94,11,0.1508324527740479
10,377/94,12,0.14670427322387702
10,390/208,1,0.15112375259399435
10,390/208,5,0.1090988731384277
10,390/208,6,0.0023456192016597655
10,390/208,7,0.7725312805175779
10,390/208,8,0.7519466018676759
10,390/208,9,0.5135689353942867
10,390/208,10,0.8016419982910152
10,390/208,11,0.2965078926086422
10,390/208,12,0.6610519027709962
10,391/243,1,0.1835578727722167
10,391/243,2,0.4475175762176513
10,391/243,3,0.17505472183227555
10,391/243,4,0.2796639156341554
10,391/243,5,0.7095777988433838
10,391/243,6,1.304443531036377
10,391/243,7,1.044540662765503
10,391/243,8,1.2661643314361573
10,391/243,9,1.0416525459289552
10,391/243,10,1.808929615020752
10,391/243,11,1.3690385437011718
10,391/243,12,0.7215704727172851
10,391/33,1,0.06100883483886754
10,391/33,2,0.12062824249267656
10,391/33,3,0.10511539459228558
10,391/33,4,0.15894309997558587
10,391/33,5,0.1589187622070316
10,391/33,6,0.2891180419921877
10,391/33,7,0.05552326202392521
10,391/33,8,0.5519033432006832
10,391/33,9,1.5818954086303716
10,391/33,10,1.4067997550964364
10,391/33,11,1.2520490646362301
10,391/33,12,1.4385724067687988
10,391/437,1,0.18911666870117116
10,391/437,2,0.14919612884521527
10,391/437,3,0.2753643798828129
10,391/437,4,0.11399372100830085
10,391/437,5,0.004670715332030895
10,391/437,6,0.013973007202148224
10,391/437,7,0.010957336425780895
10,391/437,8,0.20586982727050795
10,391/437,9,0.22724880218505916
10,391/437,10,0.18345478057861264
10,391/437,12,0.22553531646728509
10,404/69,1,0.5964814949035642
10,404/69,2,0.4035944366455082
10,404/69,3,0.5917555236816403
10,404/69,4,0.9814187431335446
10,404/69,5,0.49480247497558594
10,404/69,6,0.007658500671386292
10,404/69,7,0.23704227447509751
10,404/69,8,0.6680231475830078
10,405/17,1,0.24671180486679067
10,405/17,2,0.3751759600639344
10,405/17,3,0.28287878036499015
10,405/17,4,0.12954924583435057
10,405/17,5,0.22247182846069347
10,405/17,6,0.15233800411224374
10,405/17,7,0.05085657119750975
10,405/17,8,0.0055962824821471635
10,405/17,9,0.09298205852508545
10,405/17,10,0.1564359712600708
10,405/17,11,0.0149958205223083
10,405/17,12,0.055809762477874725
10,405/34,1,0.08720064163208008
10,405/34,2,0.2594366264343262
10,405/34,3,0.3849483871459962
10,405/34,4,0.6350858211517334
10,405/34,5,0.8789181613922121
10,405/34,6,1.2189078903198243
10,405/34,7,1.3825621032714843
10,405/34,8,1.3939113807678223
10,405/34,9,0.5870630359649658
10,405/34,10,0.20249728202819828
10,405/34,11,0.7932165718078613
10,418/15,1,0.15824249744415286
10,418/15,2,0.21019954919815054
10,418/15,3,0.3359115982055665
10,418/15,4,0.27649582862853994
10,418/15,5,0.36972767829895026
10,418/15,6,0.45265956878662106
10,418/15,7,0.2723516750335693
10,418/15,8,0.19018393516540533
10,418/15,9,0.03828561305999756
10,418/15,10,0.04144614458084106
10,418/15,11,0.05836220741271969
10,418/15,12,0.20102993011474612
10,418/4,1,0.2981550264358521
10,418/4,2,0.3137461423873902
10,418/4,3,0.18821997165679916
10,418/4,4,0.31771237373352035
10,418/4,6,0.23778470993041978
10,418/4,7,0.1392426013946535
10,418/4,8,0.436577754020691
10,418/4,9,0.4966564846038817
10,418/4,11,0.5824640560150147
10,418/4,12,0.5773279905319213
11,330/183,1,0.050823826789855975
11,330/183,2,0.09227293968200678
11,330/183,3,0.4468366003036499
11,330/183,4,0.986747875213623
11,330/183,5,1.3557046699523925
11,330/183,6,1.5687987041473388
11,330/183,7,0.4360537290573121
11,330/183,8,0.16233102798461907
11,330/183,9,0.054703030586242596
11,330/183,10,0.17594268321990958
11,330/183,11,0.2350770092010499
11,331/2,1,0.045808620452881144
11,331/2,2,0.3273896789550781
11,331/2,3,0.3825373268127441
11,331/2,4,0.09085073471069371
11,331/2,6,0.39937288284301786
11,331/2,7,1.1442113208770754
11,331/2,8,1.3153871345520018
11,331/2,9,1.0273714828491212
11,331/2,10,0.15014760971069308
11,331/2,12,0.2915010261535649
11,341/17,1,0.5366171646118172
11,341/17,2,0.4445317459106448
11,341/17,4,0.3779763603210453
11,341/17,5,1.0598411369323735
11,341/17,7,1.0390696144104004
11,341/17,8,1.0369478607177731
11,341/17,9,0.7760788154602052
11,341/17,10,0.0042063713073732245
11,342/78,1,1.2850597572326663
11,342/78,2,1.2911127853393554
11,342/78,3,1.1470210838317874
11,342/78,4,1.2223936080932614
11,342/78,5,1.2967531204223635
11,342/78,6,2.006048183441162
11,342/78,7,2.4589506149291993
11,342/78,8,1.1235619068145752
11,342/78,9,0.7986315250396729
11,342/78,10,0.2975612926483153
11,342/78,11,0.49228622436523395
11,342/78,12,3.69374264717102
11,342/97,1,0.37919185638427777
11,342/97,2,0.47771902084350604
11,342/97,3,0.2754192161560063
11,342/97,4,0.6561972808837888
11,342/97,5,1.2243151664733887
11,342/97,6,2.3387380981445314
11,342/97,7,0.6069912815093996
11,342/97,8,1.4415984916687012
11,342/97,9,2.478213968276978
11,342/97,10,0.06479928970336957
11,342/97,11,1.307766380310059
11,342/97,12,0.8822608375549317
11,377/54,1,0.3044452667236328
11,377/54,2,0.6937004089355465
11,377/54,6,2.360473155975342
11,377/54,7,0.5862149715423586
11,377/54,8,0.19975347518920916
11,377/54,9,2.4294445514678955
11,377/54,10,1.3050801277160646
11,377/54,11,4.191585445404053
11,377/54,12,0.8042583465576172
11,377/84,1,0.014589710235595632
11,377/84,2,1.4134989738464356
11,377/84,3,1.471703815460205
11,377/84,4,0.6249778747558592
11,377/84,5,0.278107833862304
11,377/84,6,1.452813529968262
11,377/84,7,3.194308662414551
11,377/84,8,0.7285943984985348
11,377/84,9,0.18565082550048828
11,377/84,10,0.006729793548584162
11,377/84,11,0.2060182571411131
11,377/84,12,0.07801383972168008
11,377/86,1,0.16672504425048817
11,377/86,2,0.767401170730591
11,377/86,3,0.008167839050292613
11,377/86,4,0.19175052642822266
11,377/86,5,0.01311759948730451
11,377/86,6,0.27326349258422855
11,377/86,7,0.11785701751708988
11,377/86,8,0.02090000152587912
11,377/86,9,0.35486145973205563
11,377/86,10,0.2295263576507569
11,377/86,11,0.19727435111999503
11,377/86,12,0.013001480102539098
11,377/94,1,0.04300992012023919
11,377/94,2,0.07442142486572267
11,377/94,3,0.05074801445007315
11,377/94,4,0.09015760421752939
11,377/94,5,0.11543629646301268
11,377/94,6,0.18378882408142072
11,377/94,7,0.06948609352111834
11,377/94,8,0.0395209598541264
11,377/94,9,0.15860435485839863
11,377/94,10,0.03189730644226074
11,377/94,11,0.14861492156982425
11,390/208,1,0.13158649444580117
11,390/208,2,0.3602254295349123
11,390/208,6,0.413287124633789
11,390/208,7,0.06976360321044961
11,390/208,8,0.6580221748352049
11,390/208,9,0.7703363037109376
11,390/208,10,0.47971206665039023
11,390/208,11,0.7469864463806148
11,390/208,12,0.27263408660888633
11,391/243,1,0.6098021411895753
11,391/243,2,0.5425866794586183
11,391/243,3,0.05667477607727056
11,391/243,4,0.04036886215209945
11,391/243,5,0.23683797836303722
11,391/243,6,0.6340508460998535
11,391/243,7,1.3703505325317382
11,391/243,8,0.9526455593109131
11,391/243,9,1.1502945709228516
11,391/243,10,0.9399448490142823
11,391/243,11,1.655788116455078
11,391/243,12,1.22039719581604
11,391/33,1,0.09035072326660121
11,391/33,2,0.2785958099365242
11,391/33,3,0.4237084197998051
11,391/33,4,0.06651123046875007
11,391/33,5,0.12144050598144496
11,391/33,6,0.027116546630859162
11,391/33,7,0.31170238494873104
11,391/33,8,1.0970531463623043
11,391/33,9,2.0015287971496587
11,391/33,10,1.6794061279296884
11,391/33,11,1.4863663673400875
11,391/437,1,0.20968265533447195
11,391/437,2,0.13820407867431683
11,391/437,3,0.3167996215820317
11,391/437,4,0.14521606445312507
11,391/437,5,0.011564636230469105
11,391/437,6,0.05295730590820291
11,391/437,7,0.08572921752929652
11,391/437,8,0.1903449630737306
11,391/437,9,0.2449833297729498
11,391/437,10,0.13371017456054624
11,404/69,1,0.01435663223266559
11,404/69,2,0.6875092315673825
11,404/69,3,0.5203341865539555
11,404/69,4,0.993072643280029
11,404/69,5,1.1903754615783688
11,404/69,6,1.234987735748291
11,404/69,7,0.5691123199462886
11,404/69,8,0.3258489036560057
11,404/69,9,0.6556902313232422
11,405/17,1,0.3084473752975463
11,405/17,2,0.40660936355590827
11,405/17,3,0.2674018383026122
11,405/17,4,0.13545928478240965
11,405/17,5,0.23662042140960704
11,405/17,6,0.1456949472427369
11,405/17,7,0.02989568233489992
11,405/17,8,0.015205202102661186
11,405/17,9,0.13233107805252076
11,405/17,10,0.1698680567741394
11,405/17,11,0.03520155668258662
11,405/34,1,0.049304561614990305
11,405/34,2,0.15955328941345215
11,405/34,3,0.32100250244140627
11,405/34,4,0.37511338233947766
11,405/34,5,0.5981719493865967
11,405/34,6,0.7965083026885988
11,405/34,7,1.1043508625030518
11,405/34,8,1.2152699851989746
11,405/34,9,1.2146406364440918
11,405/34,10,0.5701741790771484
11,405/34,11,0.17616800308227543
11,405/34,12,0.7636383628845215
11,418/15,1,0.22696248054504398
11,418/15,2,0.2149991536140441
11,418/15,3,0.3305273914337159
11,418/15,4,0.2724962377548217
11,418/15,5,0.39118856906890875
11,418/15,6,0.5354296779632568
11,418/15,7,0.47904288053512567
11,418/15,8,0.5774255967140198
11,418/15,9,0.22588729858398438
11,418/15,10,0.028491144180297856
11,418/15,11,0.11112739801406857
11,418/4,1,0.09448657989501963
11,418/4,2,0.055771069526672434
11,418/4,3,0.17075293064117436
11,418/4,4,0.17436856746673568
11,418/4,5,0.24414975166320785
11,418/4,7,0.2401071453094481
11,418/4,8,0.10996265411376971
11,418/4,9,0.4409474897384644
11,418/4,10,0.512064046859741
11,418/4,12,0.5568626689910889
12,330/183,1,0.1517068552970886
12,330/183,3,0.025831322669982892
12,330/183,4,0.16855794429779047
12,330/183,5,0.5980057811737061
12,330/183,6,0.9347087287902831
12,330/183,7,1.2910832214355468
12,330/183,8,1.576395673751831
12,330/183,9,0.4903543949127198
12,330/183,10,0.16624311923980706
12,330/183,11,0.08862248420715324
12,330/183,12,0.18823196887969962
12,331/2,1,0.23923362731933562
12,331/2,2,0.016646556854247763
12,331/2,3,0.3535136795043945
12,331/2,4,0.41035886764526364
12,331/2,5,0.0982793807983402
12,331/2,7,0.2945178222656253
12,331/2,8,1.1537146854400637
12,331/2,9,1.372652416229248
12,331/2,10,1.0470472145080567
12,331/2,11,0.026198215484619425
12,341/17,1,0.0973181152343745
12,341/17,4,0.4906748580932625
12,341/17,5,0.47014362335205107
12,341/17,7,0.3520044708251957
12,341/17,8,1.0221514511108403
12,341/17,10,1.0648173904418945
12,341/17,11,1.047259941101074
12,341/17,12,0.6889311027526857
12,342/78,1,0.8916819953918456
12,342/78,2,1.7482708168029788
12,342/78,3,1.4349349784851073
12,342/78,4,1.1076395797729495
12,342/78,5,1.4179106712341305
12,342/78,6,1.6091053009033205
12,342/78,7,2.0058870124816894
12,342/78,8,2.935509777069092
12,342/78,9,1.736577081680298
12,342/78,10,0.9994688987731934
12,342/78,11,0.4740668487548829
12,342/78,12,1.1990223121643062
12,342/97,1,0.9621088790893557
12,342/97,2,0.7221245574951176
12,342/97,3,0.895744037628174
12,342/97,4,0.542642097473145
12,342/97,5,1.0587980461120603
12,342/97,6,1.4035215377807617
12,342/97,7,2.365244998931885
12,342/97,8,0.5921881103515627
12,342/97,9,1.2630985546112061
12,342/97,10,2.5297972583770756
12,342/97,11,0.01309535980224652
12,342/97,12,1.627302112579346
12,377/54,1,6.123881721496582
12,377/54,2,2.0183048248291016
12,377/54,3,1.7041254997253414
12,377/54,7,2.2239160537719727
12,377/54,8,0.5036012649536135
12,377/54,9,0.11797852516174334
12,377/54,10,2.4208881855010986
12,377/54,11,1.1118914604187013
12,377/54,12,1.669403457641602
12,377/84,1,0.2128434181213379
12,377/84,2,0.002240581512451101
12,377/84,3,1.3858586311340333
12,377/84,4,1.3641198158264158
12,377/84,5,0.6703413009643553
12,377/84,6,0.2827684402465813
12,377/84,7,1.4381526947021488
12,377/84,8,3.2233900070190433
12,377/84,9,0.7170167922973629
12,377/84,10,0.2478342056274414
12,377/84,11,0.004080009460449396
12,377/84,12,0.2266324043273924
12,377/86,1,0.17716550827026367
12,377/86,2,0.201031093597412
12,377/86,3,0.8966464519500734
12,377/86,4,0.13844432830810582
12,377/86,5,0.229461669921875
12,377/86,6,0.16786222457885724
12,377/86,7,0.3684239768981934
12,377/86,8,0.06421188354492191
12,377/86,9,0.00018526077270486496
12,377/86,10,0.3297752952575683
12,377/86,11,0.2668488788604737
12,377/86,12,0.2092167377471923
12,377/94,1,0.09929276943206777
12,377/94,3,0.011054201126098562
12,377/94,4,0.05256106376647951
12,377/94,5,0.07585253715515128
12,377/94,6,0.09962306022644052
12,377/94,7,0.10087607383728026
12,377/94,8,0.19711236953735334
12,377/94,9,0.09705657958984393
12,377/94,10,0.014514188766479919
12,377/94,11,0.17180869102478047
12,377/94,12,0.03148317337036133
12,390/208,1,0.04959167480468718
12,390/208,2,0.1511530303955082
12,390/208,3,0.3704121017456057
12,390/208,7,0.40617938995361325
12,390/208,8,0.02548259735107461
12,390/208,9,0.7692349052429197
12,390/208,10,0.7377330398559572
12,390/208,11,0.473239479064941
12,390/208,12,0.720640716552734
12,391/243,1,0.7887742710113526
12,391/243,2,0.5447541618347169
12,391/243,3,1.0772505950927735
12,391/243,4,0.09630971908569341
12,391/243,5,0.06532580375671371
12,391/243,6,0.11331784248352061
12,391/243,7,0.6114437580108643
12,391/243,8,1.2938393878936767
12,391/243,9,0.9347837162017822
12,391/243,10,1.165005235671997
12,391/243,11,0.8561235523223878
12,391/243,12,1.6085814762115478
12,391/33,1,0.38128728866577166
12,391/33,3,0.7206221580505368
12,391/33,4,0.9288281250000008
12,391/33,5,1.0024885940551762
12,391/33,6,0.639988021850586
12,391/33,7,0.709274864196777
12,391/33,8,0.6371476745605467
12,391/33,9,0.8198639297485357
12,391/33,10,1.3702445983886715
12,391/33,11,2.6811247444152837
12,391/33,12,2.428532085418702
12,391/437,1,0.2892366409301754
12,391/437,3,0.6940452575683587
12,391/437,4,0.6505017089843754
12,391/437,5,0.6452317047119145
12,391/437,6,0.09362403869628899
12,391/437,7,0.2837835311889645
12,391/437,8,0.14619564056396506
12,391/437,9,0.10409202575683629
12,391/437,10,0.23993698120117202
12,391/437,11,0.2823358917236334
12,391/437,12,0.06999137878417905
12,404/69,1,0.3807993125915523
12,404/69,2,0.859732799530029
12,404/69,3,0.6135544204711918
12,404/69,4,1.0387071514129635
12,404/69,5,1.154874458312988
12,404/69,6,1.1020174026489258
12,404/69,7,0.47804738998413043
12,404/69,8,0.3187182807922362
12,404/69,9,0.7036924743652344
12,405/17,1,0.13405236721038816
12,405/17,3,0.47183151483535757
12,405/17,4,0.4836407375335694
12,405/17,5,0.33013286590576163
12,405/17,6,0.13889322757720945
12,405/17,7,0.24452399730682384
12,405/17,8,0.15906879901885995
12,405/17,9,0.02961482524871828
12,405/17,10,0.02601963043212896
12,405/17,11,0.11695832490921021
12,405/17,12,0.15796894311904908
12,405/34,1,0.048375177383422674
12,405/34,2,0.043561296463012766
12,405/34,3,0.11928272247314453
12,405/34,4,0.2904756259918213
12,405/34,5,0.40027584075927747
12,405/34,6,0.6003117561340332
12,405/34,7,0.865652074813843
12,405/34,8,1.2302921390533448
12,405/34,9,1.4003800773620605
12,405/34,10,1.4099321556091309
12,405/34,11,0.6735229110717773
12,405/34,12,0.25857023239135746
12,418/15,1,0.27085411071777343
12,418/15,3,0.2656858897209168
12,418/15,4,0.266687467098236
12,418/15,5,0.31653305530548104
12,418/15,6,0.26975025177001943
12,418/15,7,0.3823705387115479
12,418/15,8,0.47429271697998043
12,418/15,9,0.30074935436248773
12,418/15,10,0.2656841850280762
12,418/15,11,0.02748894691467285
12,418/15,12,0.12421434640884399
12,418/4,1,0.716861867904663
12,418/4,2,0.33400760650634775
12,418/4,3,0.15466408252716057
12,418/4,4,0.11019237041473384
12,418/4,5,0.003095216751098473
12,418/4,6,0.24641305923461898
12,418/4,8,0.2351921463012694
12,418/4,9,0.17359371185302752
12,418/4,10,0.42503281116485603
12,418/4,11,0.46915871620178207
13,330/183,1,0.11809523105621333
13,330/183,2,0.19966123580932615
13,330/183,4,0.07064215421676634
13,330/183,5,0.1302629137039184
13,330/183,6,0.5226532316207886
13,330/183,7,1.0606128120422362
13,330/183,8,1.3418775844573974
13,330/183,9,1.6563739013671874
13,330/183,10,0.4527804613113404
13,330/183,11,0.09857551574707024
13,330/183,12,0.04929319381713859
13,331/2,1,0.14362243652343754
13,331/2,2,0.26249135971069304
13,331/2,3,0.01884729385376005
13,331/2,4,0.34690233230590817
13,331/2,5,0.42749544143676754
13,331/2,6,0.14775552749633825
13,331/2,8,0.25014144897460966
13,331/2,9,1.1832909870147708
13,331/2,10,1.3818653869628905
13,331/2,11,1.007562713623047
13,331/2,12,0.12250869750976534
13,341/17,1,0.28137142181396513
13,341/17,2,0.2720933532714849
13,341/17,5,0.5756520080566414
13,341/17,6,0.5722697448730472
13,341/17,8,0.4588288688659672
13,341/17,9,1.0415758895874028
13,341/17,11,1.0300325965881347
13,341/17,12,1.0570341491699216
13,342/78,1,3.3630282878875732
13,342/78,2,1.2246257400512697
13,342/78,3,1.2023739147186276
13,342/78,4,1.2154003334045411
13,342/78,5,1.0945467662811277
13,342/78,6,0.7331046104431156
13,342/78,7,0.2929933547973631
13,342/78,8,0.06694080352783205
13,342/78,9,1.4506689071655274
13,342/78,10,0.907025146484375
13,342/78,11,0.5650259017944337
13,342/78,12,0.3667691993713378
13,342/97,1,0.7094440078735351
13,342/97,2,0.3415005493164065
13,342/97,3,0.7295174407958989
13,342/97,4,0.6825663566589357
13,342/97,5,0.5004257965087895
13,342/97,6,1.08595344543457
13,342/97,7,1.311439037322998
13,342/97,8,2.4208818817138673
13,342/97,9,0.6142074966430666
13,342/97,10,1.2284694480895997
13,342/97,11,2.483794631958008
13,342/97,12,0.019609909057617614
13,377/54,1,0.1095565795898441
13,377/54,2,5.992142105102539
13,377/54,3,2.129884719848633
13,377/54,4,1.778108692169189
13,377/54,8,2.051558017730713
13,377/54,9,0.5585691452026369
13,377/54,10,0.12154479026794451
13,377/54,11,2.4875988960266113
13,377/54,12,1.1481306076049806
13,377/84,1,0.10111856460571289
13,377/84,2,0.3120260238647461
13,377/84,3,0.15668718338012688
13,377/84,4,1.5456110000610352
13,377/84,5,1.4636071205139158
13,377/84,6,0.6965783119201658
13,377/84,7,0.304780197143554
13,377/84,8,1.3877014160156254
13,377/84,9,3.2259353637695316
13,377/84,10,0.7878128051757809
13,377/84,11,0.2723050117492676
13,377/84,12,0.016698169708251775
13,377/86,1,0.09946516990661625
13,377/86,2,0.1269545555114746
13,377/86,3,0.1960114288330077
13,377/86,4,0.7769500732421877
13,377/86,5,0.0893224716186527
13,377/86,6,0.12404537200927734
13,377/86,7,0.06590585708618146
13,377/86,8,0.41881517410278324
13,377/86,9,0.04831794738769535
13,377/86,10,0.05306840896606424
13,377/86,11,0.28684040069580075
13,377/86,12,0.16931946754455574
13,377/94,1,0.4290686225891114
13,377/94,2,0.2288681411743163
13,377/94,4,0.0715614986419677
13,377/94,5,0.06016590118408205
13,377/94,6,0.059557104110717685
13,377/94,7,0.07463941574096689
13,377/94,8,0.11526391983032225
13,377/94,9,0.25343303680419904
13,377/94,10,0.10897870063781756
13,377/94,11,0.06933329582214398
13,377/94,12,0.19468113899230977
13,390/208,1,0.5444155311584469
13,390/208,2,0.08986555099487337
13,390/208,3,0.0751637840271
13,390/208,4,0.3839604759216311
13,390/208,8,0.8126774215698243
13,390/208,9,0.40440898895263633
13,390/208,10,0.8113606071472166
13,390/208,11,0.8272978401184083
13,390/208,12,0.5497122383117672
13,391/243,1,0.7382683610916136
13,391/243,2,1.4454151582717896
13,391/243,3,1.9578333044052125
13,391/243,4,0.9110113334655763
13,391/243,5,0.842994031906128
13,391/243,6,0.2378395271301268
13,391/243,7,0.12287939071655263
13,391/243,8,0.21405339241027832
13,391/243,9,0.8467349338531494
13,391/243,10,0.5702066612243653
13,391/243,11,0.36355271816253665
13,391/243,12,0.1355584716796876
13,391/33,1,0.40157363891601605
13,391/33,2,0.7554146766662599
13,391/33,4,0.7685271263122555
13,391/33,5,1.0044149208068855
13,391/33,6,1.2667636680603032
13,391/33,7,0.8283768463134766
13,391/33,8,0.8888212203979489
13,391/33,9,0.6662347412109373
13,391/33,10,0.827170028686524
13,391/33,11,1.6199375152587887
13,391/33,12,2.790838775634766
13,391/437,1,0.004760360717773082
13,391/437,2,0.30283794403076136
13,391/437,4,0.665838432312011
13,391/437,5,0.6700844573974614
13,391/437,6,0.6112866210937504
13,391/437,7,0.08619873046874993
13,391/437,8,0.28282890319824183
13,391/437,9,0.13709663391113303
13,391/437,10,0.11486186981201207
13,391/437,11,0.25520339965820327
13,391/437,12,0.26808036804199276
13,404/69,1,1.6558572578430177
13,404/69,3,0.3792128372192387
13,404/69,4,0.1920978355407712
13,404/69,5,0.03351408004760703
13,404/69,6,0.2573014640808102
13,404/69,7,0.5633908653259274
13,404/69,8,0.20661497116088867
13,404/69,9,0.04638288497924847
13,404/69,10,0.48178228378295884
13,404/69,11,1.1115317726135254
13,405/17,1,0.14515492677688602
13,405/17,2,0.03788200139999387
13,405/17,4,0.3960248374938964
13,405/17,5,0.4558462572097779
13,405/17,6,0.3268223047256469
13,405/17,7,0.14193139553070067
13,405/17,8,0.2428395700454713
13,405/17,9,0.1574127435684205
13,405/17,10,0.03899766921997072
13,405/17,11,0.023264942169189506
13,405/17,12,0.10850662469863892
13,405/34,1,0.9728273963928222
13,405/34,2,0.8535511970520018
13,405/34,3,0.907948179244995
13,405/34,4,0.8366320133209229
13,405/34,5,0.7178509044647217
13,405/34,6,0.8273719406127928
13,405/34,7,0.45704054832458496
13,405/34,8,0.14717484474182108
13,405/34,9,0.04897171020507818
13,405/34,10,0.08720320701599116
13,405/34,11,0.19677450180053713
13,405/34,12,0.6984274005889892
13,418/15,1,0.17371970891952515
13,418/15,2,0.21688347578048706
13,418/15,4,0.18996391057968143
13,418/15,5,0.20622010469436636
13,418/15,6,0.2680675649642945
13,418/15,7,0.21282006740570059
13,418/15,8,0.3006907176971436
13,418/15,9,0.4468301153182983
13,418/15,10,0.24276106834411615
13,418/15,11,0.050974664688110405
13,418/15,12,0.1933835744857788
13,418/4,1,0.07964417457580586
13,418/4,2,0.7294084072113036
13,418/4,3,0.3209004259109498
13,418/4,4,0.1428590250015258
13,418/4,5,0.010995793342590376
13,418/4,6,2.3193359374840128e-05
13,418/4,7,0.22670633316040023
13,418/4,9,0.1756542587280272
13,418/4,10,0.09196085929870623
13,418/4,11,0.4488610792160035
13,418/4,12,0.4693661403656004
14,330/183,1,0.9519837379455567
14,330/183,2,0.32920791625976564
14,330/183,4,0.24031795978546144
14,330/183,5,0.4877327108383178
14,330/183,6,0.5822097158432007
14,330/183,7,0.7960323238372802
14,330/183,8,1.3218354034423827
14,330/183,9,1.6163884830474853
14,330/183,10,0.4858783245086671
14,330/183,11,0.09837619781494134
14,331/2,1,0.254455699920654
14,331/2,2,0.2281828308105469
14,331/2,3,0.24792541503906218
14,331/2,4,0.06904537200927763
14,331/2,5,0.3873161888122558
14,331/2,6,0.4096331214904785
14,331/2,7,0.08613576889038121
14,331/2,9,0.16717512130737333
14,331/2,10,1.1524272251129153
14,331/2,11,1.3484095382690429
14,331/2,12,0.9499517250061036
14,341/17,1,0.2351143836975096
14,341/17,2,0.6959832382202151
14,341/17,3,0.7072311019897466
14,341/17,6,0.7184399414062508
14,341/17,7,0.6077407073974612
14,341/17,9,0.4139403724670414
14,341/17,10,1.0770444679260258
14,341/17,12,1.0177507019042968
14,342/78,1,2.1934288787841796
14,342/78,2,3.895369529724121
14,342/78,3,4.444485220909119
14,342/78,4,2.769449644088745
14,342/78,5,1.1795285892486573
14,342/78,6,0.9223937702178953
14,342/78,7,0.7925242424011234
14,342/78,8,0.21229462623596174
14,342/78,9,0.11852457046508791
14,342/78,10,1.4209481239318849
14,342/78,11,1.0065784931182862
14,342/78,12,0.48799738883972177
14,342/97,1,0.18870023727416996
14,342/97,2,0.6841244316101074
14,342/97,3,0.3655913162231448
14,342/97,4,0.6279730606079106
14,342/97,5,0.6225497245788576
14,342/97,6,0.4855823326110844
14,342/97,7,1.042616100311279
14,342/97,8,1.3421874046325684
14,342/97,9,2.308621063232422
14,342/97,10,0.7250554466247561
14,342/97,11,1.166139440536499
14,342/97,12,2.4963964843750004
14,377/54,1,2.6575660705566406
14,377/54,2,0.314529991149902
14,377/54,3,6.080214881896973
14,377/54,4,3.4327354431152344
14,377/54,5,1.8634949684143063
14,377/54,9,2.2807440757751465
14,377/54,10,0.568081569671631
14,377/54,11,0.11263747215271014
14,377/54,12,2.6062028408050537
14,377/86,1,0.31984833717346195
14,377/86,2,0.14931273460388184
14,377/86,3,0.10773981094360341
14,377/86,4,0.7158252716064455
14,377/86,5,0.03591957092285192
14,377/86,6,0.12092828750610352
14,377/86,7,0.02110023498535174
14,377/86,8,0.2675032997131348
14,377/86,9,0.08603147506713871
14,377/86,10,0.03924537658691385
14,377/86,11,0.3095526313781738
14,377/94,1,0.5315328216552735
14,377/94,2,0.4184149646759032
14,377/94,4,0.41724245071411126
14,377/94,5,0.4567649555206299
14,377/94,6,0.27033343315124503
14,377/94,7,0.297509527206421
14,377/94,8,0.25353858947753904
14,377/94,9,0.4202206611633299
14,377/94,10,0.2513336658477785
14,377/94,11,0.10341598510742145
14,390/208,1,0.03248538970947301
14,390/208,2,0.5114513015747066
14,390/208,3,0.07326112747192415
14,390/208,4,0.057990970611572656
14,390/208,5,0.3929664993286135
14,390/208,9,0.9047184371948243
14,390/208,10,0.33103042602539023
14,390/208,11,0.8220746612548826
14,390/208,12,0.8133107757568361
14,391/243,1,0.39038022994995125
14,391/243,2,0.3991008853912352
14,391/243,3,1.0887114000320435
14,391/243,4,0.8023940467834474
14,391/243,5,1.1560751152038575
14,391/243,6,0.052261533737182564
14,391/243,7,0.22251432418823258
14,391/243,8,0.1826680850982667
14,391/243,9,0.7837502956390381
14,391/243,10,1.3050152587890624
14,391/243,11,0.9684148025512695
14,391/243,12,1.17471173286438
14,391/33,1,0.6864190292358394
14,391/33,2,0.2004039764404295
14,391/33,4,0.10216274261474645
14,391/33,5,0.13116729736328203
14,391/33,6,0.12223384857177777
14,391/33,7,0.2167033386230468
14,391/33,8,0.19532241821289098
14,391/33,9,0.32899497985839865
14,391/33,10,0.0553840255737299
14,391/33,11,0.7513319015502926
14,391/437,1,0.07804813385009801
14,391/437,2,0.13559589385986293
14,391/437,4,0.2940446853637688
14,391/437,5,0.1415104675292973
14,391/437,6,0.2856478500366215
14,391/437,7,0.1355601119995118
14,391/437,8,0.060566520690917613
14,391/437,9,0.030071029663085724
14,391/437,10,0.021417045593262074
14,391/437,11,0.20423904418945327
14,404/69,1,0.06605400085449187
14,404/69,2,1.665494613647461
14,404/69,4,0.439527969360352
14,404/69,5,0.12614458084106417
14,404/69,6,0.02496582031249961
14,404/69,7,0.09025491714477507
14,404/69,8,0.5317865753173825
14,404/69,9,0.07833242416381836
14,404/69,10,0.10196063995361371
14,404/69,11,0.24774011611938462
14,404/69,12,0.8208580398559571
14,405/17,1,0.18234053611755374
14,405/17,2,0.0464239430427551
14,405/17,4,0.4025175118446349
14,405/17,5,0.45478189706802374
14,405/17,6,0.3198017120361327
14,405/17,7,0.126816611289978
14,405/17,8,0.21096896648406993
14,405/17,9,0.17003498077392587
14,405/17,10,0.015806894302368146
14,405/17,11,0.00046354293823247517
14,405/34,1,0.3157352733612062
14,405/34,2,0.7463252162933349
14,405/34,3,0.5365574836730955
14,405/34,4,0.5127639007568359
14,405/34,5,0.49021482467651367
14,405/34,6,0.5266644763946533
14,405/34,7,0.6491759872436522
14,405/34,8,0.46053624153137207
14,405/34,9,0.2103214359283445
14,405/34,10,0.010545072555542045
14,405/34,11,0.14017862319946284
14,405/34,12,0.35913087844848635
14,418/15,1,0.1993257451057434
14,418/15,2,0.16976576566696167
14,418/15,4,0.18046036720275882
14,418/15,5,0.20619763374328604
14,418/15,6,0.2832892799377442
14,418/15,7,0.23904110431671133
14,418/15,8,0.3041687679290772
14,418/15,9,0.37745340824127194
14,418/15,10,0.21217053413391107
14,418/15,11,0.08137136459350591
14,418/4,1,0.4020106077194212
14,418/4,2,0.48243722438812275
14,418/4,3,0.2692591190338134
14,418/4,4,0.23289750576019297
14,418/4,5,0.04460637092590325
14,418/4,6,0.0772687673568726
14,418/4,7,0.14532179355621322
14,418/4,8,0.2636728954315184
14,418/4,10,0.21650823593139634
14,418/4,11,0.11369295120239276
14,418/4,12,0.4468600320816041
15,330/183,1,1.2640116214752197
15,330/183,3,2.5162203788757322
15,330/183,4,1.5369777870178223
15,330/183,6,1.0311384391784668
15,330/183,7,1.0611347579956054
15,330/183,8,1.4156615829467774
15,330/183,9,2.2792695903778073
15,330/183,10,1.8844801235198974
15,330/183,11,1.563855094909668
15,330/183,12,0.44616971015930185
15,331/2,1,0.6249478912353519
15,331/2,2,0.5989376449584958
15,331/2,3,0.39164260864257816
15,331/2,4,0.38750757217407195
15,331/2,5,0.000930137634277628
15,331/2,6,0.3609442329406738
15,331/2,7,0.42563673019409176
15,331/2,8,0.1651133537292484
15,331/2,10,0.1032818031311038
15,331/2,11,1.2414102840423586
15,331/2,12,1.2143091011047362
15,341/17,1,0.5061916160583495
15,341/17,2,0.5220115661621092
15,341/17,3,1.0269125175476077
15,341/17,4,1.0956397628784185
15,341/17,7,0.6767052459716805
15,341/17,8,0.5909283828735354
15,341/17,10,0.29297870635986367
15,341/17,11,0.9903950500488286
15,342/78,1,0.037465305328369336
15,342/78,2,2.1907013702392577
15,342/78,3,3.840447425842285
15,342/78,4,3.958020958900452
15,342/78,5,2.354347639083862
15,342/78,6,1.384617443084717
15,342/78,7,1.2158395957946775
15,342/78,8,1.4404057502746586
15,342/78,9,0.8283885002136229
15,342/78,10,0.16313292503356935
15,342/78,11,1.5305944442749024
15,342/78,12,1.0203896045684815
15,342/97,1,0.20990701675415036
15,342/97,2,0.16478534698486325
15,342/97,3,0.0016460800170898793
15,342/97,4,0.9951727676391604
15,342/97,5,0.6436810302734379
15,342/97,6,0.8276144981384279
15,342/97,7,0.6465434837341313
15,342/97,8,1.0294649314880369
15,342/97,9,1.373619556427002
15,342/97,10,2.283666744232178
15,342/97,11,0.7189783954620363
15,342/97,12,1.1983438301086426
15,377/54,1,0.39440307617187464
15,377/54,2,2.8296756744384766
15,377/54,3,0.2283512115478512
15,377/54,4,6.1636346817016605
15,377/54,5,3.387812614440918
15,377/54,6,1.8758131027221676
15,377/54,10,2.348471164703369
15,377/54,11,0.6112603664398195
15,377/54,12,0.09982414245605487
15,377/86,1,0.16954721450805632
15,377/86,3,0.288823881149292
15,377/86,4,0.012171745300292969
15,377/86,5,0.133509759902954
15,377/86,6,0.8422686576843263
15,377/86,7,0.05988588333129918
15,377/86,8,0.11676502227783203
15,377/86,9,0.04519777297973615
15,377/86,10,0.2939615631103516
15,377/86,11,0.06752923965454105
15,377/86,12,0.011851062774658416
15,377/94,1,0.20184826850891113
15,377/94,3,0.48556524276733404
15,377/94,4,0.27048553466796865
15,377/94,6,0.10501996994018548
15,377/94,7,0.0941250514984131
15,377/94,8,0.07250061035156241
15,377/94,9,0.09077510833740243
15,377/94,10,0.11186454772949217
15,377/94,11,0.1989534378051756
15,377/94,12,0.054235649108886896
15,390/208,1,0.13568397521972653
15,390/208,2,0.024566745758056285
15,390/208,3,0.5688057518005367
15,390/208,4,0.07344757080078157
15,390/208,5,0.025190773010254297
15,390/208,6,0.3070938491821291
15,390/208,10,0.9085088157653809
15,390/208,11,0.3365932083129879
15,390/208,12,0.867089042663574
15,391/243,1,0.7500859737396239
15,391/243,2,0.6893998050689698
15,391/243,3,0.006604804992675906
15,391/243,4,0.02166364669799803
15,391/243,5,0.4866625213623048
15,391/243,6,0.1450315761566161
15,391/243,7,0.2890064144134521
15,391/243,8,0.0672774982452391
15,391/243,9,0.061369533538818466
15,391/243,10,0.6483190059661865
15,391/243,11,1.4341825771331786
15,391/243,12,0.9853000831604004
15,391/33,1,0.34761764526367145
15,391/33,3,0.5883832168579097
15,391/33,4,0.08063344955444318
15,391/33,6,0.01829586029052699
15,391/33,7,0.2657336044311531
15,391/33,8,0.41454170227050824
15,391/33,9,0.004293365478515554
15,391/33,10,0.15620956420898402
15,391/33,11,0.11262107849121072
15,391/33,12,0.4072491073608404
15,391/437,1,0.06277324676513629
15,391/437,3,0.027096366882323863
15,391/437,4,0.33080444335937464
15,391/437,6,0.7034351348876946
15,391/437,7,0.5904946136474614
15,391/437,8,0.6610522079467778
15,391/437,9,0.10840694427490227
15,391/437,10,0.22184143066406214
15,391/437,11,0.010362396240234162
15,391/437,12,0.01743850708007777
15,404/69,1,0.3405588722229007
15,404/69,2,2.107792549133301
15,404/69,4,0.37835214614868207
15,404/69,5,0.2386223602294919
15,404/69,6,0.03308338165283242
15,404/69,7,0.22151292800903288
15,404/69,8,0.6579324150085446
15,404/69,9,0.1868910789489746
15,404/69,10,0.04944036483764691
15,404/69,11,0.4209063911437987
15,405/17,1,0.2715254354476928
15,405/17,3,0.37774911880493167
15,405/17,4,0.03845676898956296
15,405/17,6,0.39932741165161123
15,405/17,7,0.46217776060104376
15,405/17,8,0.3261518716812133
15,405/17,9,0.13296685695648192
15,405/17,10,0.26717257022857677
15,405/17,11,0.1577547550201417
15,405/17,12,0.022268552780151385
15,405/34,1,0.1432229900360107
15,405/34,2,0.5731186199188234
15,405/34,3,0.8169610118865966
15,405/34,4,0.7040231704711912
15,405/34,5,0.7831632328033447
15,405/34,6,0.7882442474365234
15,405/34,7,0.7509355354309082
15,405/34,8,0.8106375789642333
15,405/34,9,0.4272282123565674
15,405/34,10,0.2462709045410154
15,405/34,11,0.014056978225708061
15,405/34,12,0.1524574184417724
15,418/15,1,0.31596752166748043
15,418/15,3,0.3246495771408081
15,418/15,4,0.06351905584335327
15,418/15,6,0.15616396427154544
15,418/15,7,0.22244800567626943
15,418/15,8,0.34382179021835335
15,418/15,9,0.2537021780014037
15,418/15,10,0.36736399650573737
15,418/15,11,0.4511962747573852
15,418/15,12,0.29657738685607904
15,418/4,1,0.017058143615722443
15,418/4,2,0.3076425075531004
15,418/4,3,0.41403719902038594
15,418/4,4,0.2919290304183959
15,418/4,5,0.20518146514892588
15,418/4,6,0.05332343101501458
15,418/4,7,0.010335493087768599
15,418/4,8,0.011037416458129723
15,418/4,9,0.2383454513549803
15,418/4,11,0.23146661758422837
15,418/4,12,0.1469797611236574
16,330/183,1,0.38900250434875483
16,330/183,2,1.4504382610321045
16,330/183,4,2.4334438323974608
16,330/183,5,1.562940378189087
16,330/183,7,1.1818061065673828
16,330/183,8,1.2614385509490966
16,330/183,9,1.4367706871032715
16,330/183,10,2.6373416328430173
16,330/183,11,2.6742705154418944
16,330/183,12,3.0361789894104003
16,331/2,1,0.044270401000976456
16,331/2,2,0.6728476142883304
16,331/2,3,0.6927596473693844
16,331/2,4,0.5010719680786133
16,331/2,5,0.3070527458190915
16,331/2,6,0.039818935394286825
16,331/2,7,0.3476357078552246
16,331/2,8,0.45589633941650387
16,331/2,9,0.1889919281005863
16,331/2,11,0.057149238586426065
16,331/2,12,1.2564475822448733
16,341/17,1,0.24248594284057656
16,341/17,2,0.7406004714965819
16,341/17,3,0.8021605491638182
16,341/17,4,1.0400651168823245
16,341/17,5,1.1225805854797368
16,341/17,8,0.7196568298339852
16,341/17,9,0.644028015136719
16,341/17,11,0.32682270050048867
16,341/17,12,0.9797701644897465
16,342/78,1,0.8320533370971681
16,342/78,2,0.7204715919494631
16,342/78,3,2.0688542175292968
16,342/78,4,4.266057968139648
16,342/78,5,4.087771329879761
16,342/78,6,2.8048307228088376
16,342/78,7,1.2001584720611573
16,342/78,8,1.049139947891235
16,342/78,9,0.6722010612487797
16,342/78,10,0.32612781524658185
16,342/78,11,0.1214688014984131
16,342/78,12,1.5738137722015382
16,342/97,1,0.27475734710693356
16,342/97,2,0.028646430969238246
16,342/97,3,0.4651813125610351
16,342/97,4,0.6856525230407717
16,342/97,5,0.6122107315063481
16,342/97,6,0.6530839920043947
16,342/97,7,0.5044541168212895
16,342/97,8,0.9986216735839841
16,342/97,9,1.3128042221069336
16,342/97,10,2.383234634399414
16,342/97,11,0.7160146141052248
16,377/54,1,0.07221336364746112
16,377/54,2,0.3623414993286129
16,377/54,3,2.8183975219726562
16,377/54,4,0.2308355331420895
16,377/54,5,6.3017972946167
16,377/54,6,3.4405393600463867
16,377/54,7,1.8601833343505856
16,377/54,11,2.34696102142334
16,377/54,12,0.6066007137298586
16,377/86,1,0.2525028228759769
16,377/86,2,0.6226564788818356
16,377/86,4,0.6308555984497071
16,377/86,5,0.33438897132873535
16,377/86,6,0.14217245101928722
16,377/86,7,0.4793157100677492
16,377/86,8,0.007515335083008168
16,377/86,9,0.10929393768310547
16,377/86,10,0.021604251861572443
16,377/86,11,0.17336753845214847
16,377/86,12,0.04317144393920902
16,377/94,1,0.10187788963317868
16,377/94,2,0.32627010345458984
16,377/94,4,0.49890595436096197
16,377/94,5,0.2700525665283202
16,377/94,7,0.1006449890136718
16,377/94,8,0.07957031250000002
16,377/94,9,0.03993525505065909
16,377/94,10,0.0980781078338624
16,377/94,11,0.14105580329895018
16,377/94,12,0.19743733406066877
16,390/208,1,0.31267408370971683
16,390/208,2,0.05566402435302731
16,390/208,3,0.12397680282592738
16,390/208,4,0.5504789924621578
16,390/208,5,0.0974534606933597
16,390/208,6,0.046139183044433985
16,390/208,7,0.294468631744385
16,390/208,11,0.6606555366516114
16,390/208,12,0.2745184326171879
16,391/243,1,0.35698266983032223
16,391/243,2,1.0112384796142577
16,391/243,3,0.9765008354187013
16,391/243,4,0.2622193241119386
16,391/243,5,0.35168455123901365
16,391/243,6,0.11901201248168958
16,391/243,7,0.04094970703124989
16,391/243,8,0.4730307483673095
16,391/243,9,0.25835102081298844
16,391/243,10,0.22198545455932628
16,391/243,11,0.7357597351074219
16,391/243,12,1.551023654937744
16,391/33,1,0.24036254882812536
16,391/33,2,0.5610099029541011
16,391/33,4,0.5109267425537105
16,391/33,5,0.08824901580810529
16,391/33,7,0.012914562225342152
16,391/33,8,0.24397361755371172
16,391/33,9,0.42322395324707074
16,391/33,10,0.02690498352050774
16,391/33,11,0.1372562408447262
16,391/33,12,0.00866245269775412
16,391/437,1,0.05332077026367266
16,391/437,2,0.009251098632812926
16,391/437,4,0.03460750579833949
16,391/437,5,0.3678499221801754
16,391/437,7,0.6800052642822259
16,391/437,8,0.654533843994141
16,391/437,9,0.5884785461425786
16,391/437,10,0.07522098541259759
16,391/437,11,0.1664901733398434
16,391/437,12,0.003919830322265838
16,404/69,1,0.16465475082397418
16,404/69,3,0.159421310424805
16,404/69,4,1.7815281677246095
16,404/69,6,0.34138010025024457
16,404/69,7,0.26407831192016573
16,404/69,8,0.06228548049926719
16,404/69,9,0.20624984741210906
16,404/69,10,0.6380621337890622
16,404/69,11,0.06819677352905273
16,404/69,12,0.15075204849243207
16,405/17,1,0.18640414714813236
16,405/17,2,0.20569437026977533
16,405/17,4,0.3820239043235779
16,405/17,5,0.008496613502502415
16,405/17,7,0.28511722326278677
16,405/17,8,0.4015671086311341
16,405/17,9,0.28655948638916007
16,405/17,10,0.12280271530151365
16,405/17,11,0.23853528022766124
16,405/17,12,0.14471099376678476
16,405/34,1,0.4049429035186769
16,405/34,2,0.5502755069732665
16,405/34,3,0.6695360469818117
16,405/34,4,0.5353705501556396
16,405/34,5,0.2096491336822508
16,405/34,6,0.09909693717956536
16,405/34,7,0.05633115768432617
16,405/34,8,0.23529102325439455
16,405/34,9,0.3548096561431886
16,405/34,10,0.6039149761199951
16,405/34,11,0.8929767513275149
16,405/34,12,1.2772667980194092
16,418/15,1,0.22291600227355968
16,418/15,2,0.15587814807891842
16,418/15,4,0.2861858654022217
16,418/15,5,0.11897456169128418
16,418/15,7,0.14394894599914554
16,418/15,8,0.24092639923095693
16,418/15,9,0.38021185636520394
16,418/15,10,0.31600226402282705
16,418/15,11,0.34957713603973395
16,418/15,12,0.4699750757217407
16,418/4,1,0.011661701202392738
16,418/4,2,0.017147073745727326
16,418/4,3,0.3993921756744383
16,418/4,4,0.46020731449127217
16,418/4,5,0.3035404920578002
16,418/4,6,0.21278785228729258
16,418/4,7,0.037289066314697195
16,418/4,8,0.07065932750701909
16,418/4,9,0.13245243549346908
16,418/4,10,0.22703463554382308
16,418/4,12,0.17110451698303208
17,330/183,1,0.6790041351318359
17,330/183,2,1.4655163288116455
17,330/183,4,2.2206588268280028
17,330/183,5,1.1356606674194336
17,330/183,7,0.8110450696945191
17,330/183,8,1.0090672397613525
17,330/183,9,0.8136212921142578
17,330/183,10,1.8313282871246337
17,330/183,11,1.6168223667144774
17,331/2,1,0.14362915039062507
17,331/2,2,0.11502063751220692
17,331/2,3,0.7506965255737308
17,331/2,4,0.706153526306152
17,331/2,5,0.6218929672241211
17,331/2,6,0.3045836830139157
17,331/2,7,0.008104629516601847
17,331/2,8,0.39327140808105465
17,331/2,9,0.4365253067016601
17,331/2,10,0.16179027557373082
17,331/2,12,0.007087402343749716
17,341/17,1,0.5429484939575193
17,341/17,2,0.7088341140747074
17,341/17,3,0.9535468864440917
17,341/17,4,0.7677286148071287
17,341/17,5,1.1817057800292972
17,341/17,6,1.1798568344116216
17,341/17,9,0.7343691635131844
17,341/17,10,0.573619194030762
17,341/17,12,0.300477447509766
17,342/78,1,0.8485753726959229
17,342/78,2,0.20336333274841323
17,342/78,3,0.036656351089477734
17,342/78,4,2.1782711791992186
17,342/78,5,3.6830873489379883
17,342/78,6,3.9225094652175905
17,342/78,7,2.141658716201782
17,342/78,8,1.048112030029297
17,342/78,9,0.8943812561035154
17,342/78,10,0.7972489833831791
17,342/78,11,0.1333857059478758
17,342/78,12,0.15022732734680178
17,342/97,1,0.15747591018676754
17,342/97,2,0.06525377273559574
17,342/97,3,0.47379156112670895
17,342/97,4,0.6692946243286135
17,342/97,5,0.6852006721496586
17,342/97,6,0.6284496307373049
17,342/97,7,0.5417427825927739
17,342/97,8,1.023265571594238
17,342/97,9,1.2759895324707031
17,342/97,10,2.5574036979675294
17,377/54,1,0.5414085388183594
17,377/54,2,0.0936518192291258
17,377/54,3,0.2247663497924801
17,377/54,4,2.8248209953308105
17,377/54,5,0.2931362152099606
17,377/54,6,6.262358093261719
17,377/54,7,3.3566408157348633
17,377/54,8,1.8357788085937496
17,377/54,12,2.3378195762634277
17,377/86,1,0.19032754898071325
17,377/86,2,0.4568673515319821
17,377/86,4,0.3474774742126465
17,377/86,5,0.10617661476135254
17,377/86,6,0.10712635993957509
17,377/86,7,0.6929375648498537
17,377/86,8,0.022684955596924183
17,377/86,9,0.16762924194335938
17,377/86,10,0.05521602630615252
17,377/86,11,0.22378448486328129
17,377/94,1,0.06952901840209957
17,377/94,2,0.2711489200592041
17,377/94,4,0.5289228534698487
17,377/94,5,0.4004796886444091
17,377/94,7,0.40919939994812005
17,377/94,8,0.44755579948425295
17,377/94,9,0.31216135025024405
17,377/94,10,0.3434427738189698
17,377/94,11,0.3435268211364746
17,390/208,1,1.9148013687133787
17,390/208,2,0.35808702468872067
17,390/208,3,0.6207356071472168
17,390/208,4,0.31193075180053675
17,390/208,5,0.8310418701171871
17,390/208,6,0.18450056076049837
17,390/208,7,0.0866388702392582
17,390/208,8,0.18216203689575217
17,390/208,12,0.2681755638122558
17,391/243,1,0.27291420936584476
17,391/243,2,0.4480735874176025
17,391/243,3,1.0859712600708007
17,391/243,4,1.052822198867798
17,391/243,5,0.2941273593902589
17,391/243,6,0.26142881393432615
17,391/243,7,0.41740955352783216
17,391/243,8,0.07890761375427235
17,391/243,9,0.35345167160034174
17,391/243,10,0.09003693580627425
17,391/243,11,0.15099203109741222
17,391/243,12,0.6541247367858887
17,391/33,1,0.4410690307617191
17,391/33,2,0.7692227554321285
17,391/33,4,0.15500308990478473
17,391/33,5,0.2536851882934572
17,391/33,7,0.649897193908691
17,391/33,8,0.8576930809021004
17,391/33,9,0.8352546501159672
17,391/33,10,0.5245056915283204
17,391/33,11,0.5257497787475582
17,391/437,1,0.0564554977417
17,391/437,2,0.12445400238037152
17,391/437,4,0.0276208877563473
17,391/437,5,0.3186508178710934
17,391/437,7,0.6540910720825188
17,391/437,8,0.6238159942626957
17,391/437,9,0.5842404174804692
17,391/437,10,0.12120334625244134
17,391/437,11,0.25962123870849574
17,404/69,1,0.4747180747985844
17,404/69,2,0.5339408111572261
17,404/69,4,0.22758449554443327
17,404/69,5,1.8144151496887209
17,404/69,7,0.40920398712158246
17,404/69,8,0.07359235763549776
17,404/69,9,0.022116718292235937
17,404/69,10,0.20439161300659148
17,404/69,11,0.6900798225402829
17,404/69,12,0.37880897521972656
17,405/17,1,0.18605057239532474
17,405/17,2,0.20342486381530756
17,405/17,4,0.36081770420074466
17,405/17,5,0.013185532093048069
17,405/17,7,0.29827423334121694
17,405/17,8,0.3806269836425782
17,405/17,9,0.26838650703430167
17,405/17,10,0.11562107086181639
17,405/17,11,0.24376558780670177
17,405/34,1,0.026092557907104297
17,405/34,2,0.3925415611267091
17,405/34,3,0.5394918346405029
17,405/34,4,0.7023393440246584
17,405/34,5,0.5533911800384521
17,405/34,6,0.25527887344360334
17,405/34,7,0.1412951183319091
17,405/34,8,0.04254865646362305
17,405/34,9,0.2338323783874512
17,405/34,10,0.3820771121978761
17,405/34,11,0.6171669960021973
17,405/34,12,0.8681588077545168
17,418/15,1,0.05867576122283946
17,418/15,2,0.30048557281494137
17,418/15,4,0.3174728202819824
17,418/15,5,0.052262480258941646
17,418/15,7,0.17174783706665042
17,418/15,8,0.21278883457183828
17,418/15,9,0.33511194229125985
17,418/15,10,0.284639492034912
17,418/15,11,0.3475715589523316
17,418/4,1,0.12001098632812512
17,418/4,2,0.056563072204590004
17,418/4,3,0.01817012786865213
17,418/4,4,0.38540487289428693
17,418/4,5,0.4936295461654665
17,418/4,6,0.08812453746795645
17,418/4,7,0.14407824039459238
17,418/4,8,0.014873428344726491
17,418/4,9,0.0540143728256226
17,418/4,10,0.029522724151611168
17,418/4,11,0.22057778358459457
18,330/183,1,2.0091393184661865
18,330/183,3,2.6813599491119384
18,330/183,4,1.898815631866455
18,330/183,6,2.077194261550903
18,330/183,7,1.23730637550354
18,330/183,9,0.884161491394043
18,330/183,10,1.0655478858947753
18,330/183,11,1.2032487487792969
18,330/183,12,2.267235889434814
18,331/2,1,0.5653338241577153
18,331/2,2,0.4179063606262208
18,331/2,3,0.150277976989746
18,331/2,4,1.013239727020264
18,331/2,5,0.6651264572143551
18,331/2,6,0.6756406211853028
18,331/2,7,0.41303743362426726
18,331/2,8,0.0795839500427249
18,331/2,9,0.34515949249267575
18,331/2,10,0.43468280792236325
18,331/2,11,0.26061048507690465
18,341/17,1,0.25228073120117145
18,341/17,2,0.6716563796997068
18,341/17,3,0.7095741653442387
18,341/17,4,1.0395082283020018
18,341/17,5,0.9039605140686033
18,341/17,6,1.1900757026672366
18,341/17,7,1.1559281921386724
18,341/17,10,0.7114371109008797
18,341/17,11,0.6245005798339847
18,342/78,1,0.10102247238159201
18,342/78,2,0.8252089214324951
18,342/78,3,0.17943111419677749
18,342/78,4,0.10528370857238789
18,342/78,5,2.224294548034668
18,342/78,6,3.925654649734497
18,342/78,7,3.8280757999420167
18,342/78,8,2.0344771671295163
18,342/78,9,1.0812052440643312
18,342/78,10,1.0120317649841306
18,342/78,11,0.6702119350433353
18,342/78,12,0.025470542907714666
18,342/97,1,0.17583414077758786
18,342/97,2,0.05827661514282223
18,342/97,3,0.39029594421386715
18,342/97,4,0.8992626953125002
18,342/97,5,0.6143803405761723
18,342/97,6,0.5858227729797365
18,342/97,7,0.3625936317443852
18,342/97,8,0.8682448577880857
18,342/97,9,1.2912054061889648
18,377/54,1,0.04897427558898926
18,377/54,2,0.5538465976715088
18,377/54,3,0.11291103363037092
18,377/54,4,0.14871034622192347
18,377/54,5,2.7926602363586426
18,377/54,6,0.48966560363769496
18,377/54,7,6.12122859954834
18,377/54,8,3.2282238006591797
18,377/54,9,1.744306659698486
18,377/86,1,0.6870268821716312
18,377/86,3,0.2825139999389652
18,377/86,4,0.6512519264221188
18,377/86,6,0.6494245910644532
18,377/86,7,0.3324863910675049
18,377/86,8,0.16886913299560558
18,377/86,9,0.4886829376220705
18,377/86,10,0.04678831100463832
18,377/86,11,0.1431140899658203
18,377/86,12,0.09233446121215838
18,377/94,1,0.15246963500976562
18,377/94,3,0.09637431144714359
18,377/94,4,0.15641522407531738
18,377/94,6,0.580117998123169
18,377/94,7,0.423473253250122
18,377/94,9,0.399224681854248
18,377/94,10,0.44044615745544435
18,377/94,11,0.3664013385772704
18,377/94,12,0.41778740882873544
18,390/208,1,0.713740215301514
18,390/208,2,1.687073001861572
18,390/208,3,0.8073162651062011
18,390/208,4,0.5980858421325683
18,390/208,5,0.40987310409545863
18,390/208,6,0.8563838577270504
18,390/208,7,0.17275129318237337
18,390/208,8,0.1395697021484379
18,390/208,9,0.24180244445800803
18,391/243,1,0.058699951171874876
18,391/243,2,0.255954065322876
18,391/243,3,0.4633481121063232
18,391/243,4,1.1120990753173827
18,391/243,5,1.0523649120330811
18,391/243,6,0.2925964736938478
18,391/243,7,0.26812670707702635
18,391/243,8,0.4110371017456056
18,391/243,9,0.13437355041503896
18,391/243,10,0.3168126964569091
18,391/243,11,0.06385023117065414
18,391/243,12,0.17083680152893077
18,391/33,1,0.1511747360229485
18,391/33,3,0.5863555908203129
18,391/33,4,0.9792590332031246
18,391/33,6,0.3937988090515141
18,391/33,7,0.6547624588012697
18,391/33,9,0.6975098609924313
18,391/33,10,0.8644331741333016
18,391/33,11,0.8299360084533696
18,391/33,12,0.5119782257080079
18,391/437,1,0.35939781188964837
18,391/437,3,0.010964279174805469
18,391/437,4,0.06752346038818402
18,391/437,6,0.00667800903320348
18,391/437,7,0.34249362945556605
18,391/437,9,0.7074920654296868
18,391/437,10,0.6493201065063481
18,391/437,11,0.6000428009033207
18,391/437,12,0.05218116760253899
18,404/69,1,0.16321332931518562
18,404/69,2,0.6100158500671391
18,404/69,3,0.505603809356689
18,404/69,5,0.30741228103637663
18,404/69,6,1.8846957015991213
18,404/69,8,0.3262295532226567
18,404/69,9,0.15030782699584933
18,404/69,10,0.14257997512817422
18,404/69,11,0.557166709899902
18,404/69,12,1.0849076652526852
18,405/17,1,0.07752743244171145
18,405/17,3,0.23267022609710697
18,405/17,4,0.1370710659027099
18,405/17,6,0.32066163778305057
18,405/17,7,0.005964665412902859
18,405/17,9,0.2854584598541259
18,405/17,10,0.3838254284858704
18,405/17,11,0.2672623634338378
18,405/17,12,0.12510941505432127
18,405/34,1,0.04198412895202619
18,405/34,2,0.015850038528442578
18,405/34,3,0.2535175418853761
18,405/34,4,0.27389496803283686
18,405/34,5,0.6061248111724855
18,405/34,6,0.7382008647918701
18,405/34,7,0.6711876869201658
18,405/34,8,0.7376503181457519
18,405/34,9,0.7391996383666992
18,405/34,10,0.5247678565979004
18,405/34,11,0.5525342082977294
18,405/34,12,0.4159855842590332
18,418/15,1,0.16862264633178703
18,418/15,3,0.2511553716659547
18,418/15,4,0.1075962400436401
18,418/15,6,0.2605503249168396
18,418/15,7,0.16841119050979614
18,418/15,9,0.18603173255920413
18,418/15,10,0.2285053277015685
18,418/15,11,0.3619793319702149
18,418/15,12,0.29954411029815664
18,418/4,1,0.11946119308471692
18,418/4,2,0.006272859573364098
18,418/4,3,0.015954027175903107
18,418/4,4,0.3543378591537474
18,418/4,5,0.43502768993377705
18,418/4,6,0.27146127223968497
18,418/4,7,0.18115602493286143
18,418/4,8,0.005226569175720286
18,418/4,9,0.06858055591583256
18,418/4,10,0.005916900634765465
18,418/4,11,0.217987127304077
19,330/183,1,1.4492950344085693
19,330/183,2,2.011405963897705
19,330/183,4,4.498534622192382
19,330/183,5,5.2223711013793945
19,330/183,7,1.3148608684539795
19,330/183,8,0.6139306020736695
19,330/183,10,0.3901434135437012
19,330/183,11,0.3836748027801513
19,330/183,12,0.7047252750396729
19,331/2,1,0.33853723526000934
19,331/2,2,0.6193976211547856
19,331/2,3,0.6455975341796876
19,331/2,4,0.23212421417236317
19,331/2,5,0.8800514793395999
19,331/2,6,0.7250090980529782
19,331/2,7,0.7095971488952637
19,331/2,8,0.40737213134765593
19,331/2,9,0.04000551223754911
19,331/2,10,0.37567611694335934
19,331/2,11,0.3671712493896484
19,331/2,12,0.2597507476806644
19,341/17,1,0.23556997299194293
19,341/17,2,0.11499883651733356
19,341/17,3,0.5977733230590818
19,341/17,4,0.6835674667358402
19,341/17,5,0.9915970611572265
19,341/17,6,0.8697288513183592
19,341/17,7,1.084044284820557
19,341/17,8,1.0711975669860845
19,341/17,11,0.7049607086181648
19,341/17,12,0.6516583633422854
19,342/78,1,1.2123483085632323
19,342/78,2,1.3745336437225344
19,342/78,3,1.3499429416656494
19,342/78,4,0.0725038909912108
19,342/78,5,0.10298851013183574
19,342/78,6,1.9480131912231444
19,342/78,7,3.0136404037475586
19,342/78,8,1.9886955356597902
19,342/78,9,2.273055486679077
19,342/78,10,1.8601766777038575
19,342/78,11,1.2619144630432126
19,342/78,12,1.273003959655762
19,342/97,1,0.02162689208984414
19,342/97,5,0.14228340148925778
19,342/97,6,0.0623159027099609
19,342/97,7,0.24578042984008786
19,342/97,8,0.9012120056152346
19,342/97,9,0.573953132629395
19,342/97,10,0.41024847030639666
19,342/97,11,0.058100204467773864
19,342/97,12,0.3385703277587888
19,377/54,1,0.1790269851684574
19,377/54,2,0.16547036170959473
19,377/54,3,0.5350217819213867
19,377/54,4,0.12871127128601056
19,377/54,5,0.13501558303832972
19,377/54,6,2.818300724029541
19,377/54,7,0.41880092620849574
19,377/54,8,6.189824485778809
19,377/54,9,3.469675064086914
19,377/54,10,1.7595578193664547
19,377/86,1,0.20197343826293945
19,377/86,2,0.5690702438354496
19,377/86,4,0.27127685546875036
19,377/86,5,0.6511408233642575
19,377/86,7,0.5628128433227539
19,377/86,8,0.3315620422363281
19,377/86,9,0.14875518798828136
19,377/86,10,0.5182961940765383
19,377/86,11,0.006203556060791371
19,377/86,12,0.053902626037597656
19,377/94,1,0.019259166717529475
19,377/94,2,0.15177178382873535
19,377/94,4,0.05717400550842289
19,377/94,5,0.1559135913848877
19,377/94,7,0.5655544376373292
19,377/94,8,0.43497289657592764
19,377/94,10,0.4366723728179931
19,377/94,11,0.45648386001586916
19,377/94,12,0.3200077056884765
19,390/208,1,0.3594395256042482
19,390/208,2,0.866978511810303
19,390/208,3,1.9271667098999021
19,390/208,4,0.8440961456298828
19,390/208,5,0.6535615539550781
19,390/208,6,0.3726225852966305
19,390/208,7,0.9142509078979488
19,390/208,8,0.2178300476074222
19,390/208,9,0.02786582946777383
19,390/208,10,0.27095293045043967
19,391/243,1,0.13490527153015153
19,391/243,2,0.04707612037658704
19,391/243,3,0.23678449630737308
19,391/243,4,0.4597496604919433
19,391/243,5,1.1310993671417235
19,391/243,6,1.0386308097839356
19,391/243,7,0.28006304740905774
19,391/243,8,0.3272771644592285
19,391/243,9,0.12206973075866712
19,391/243,10,0.0956994342803954
19,391/243,11,0.4554178142547607
19,391/243,12,0.1584910678863527
19,391/33,1,0.049895286560058594
19,391/33,2,0.21293849945068288
19,391/33,4,0.7408842086791996
19,391/33,5,1.0909838867187496
19,391/33,7,0.8171057510375981
19,391/33,8,0.8899137496948244
19,391/33,10,0.7522793769836422
19,391/33,11,0.941854839324952
19,391/33,12,1.284113864898682
19,391/437,1,0.337507591247558
19,391/437,2,0.12091819763183587
19,391/437,4,0.1358641433715828
19,391/437,5,0.05161239624023395
19,391/437,7,0.019874191284179332
19,391/437,8,0.351242637634277
19,391/437,10,0.7483541488647454
19,391/437,11,0.6386580276489262
19,391/437,12,0.6084751892089848
19,404/69,1,0.24618247985839847
19,404/69,2,0.27272851943969734
19,404/69,3,1.081798534393311
19,404/69,4,1.0089168739318843
19,404/69,6,0.15123905181884734
19,404/69,7,1.801255397796631
19,404/69,9,0.3680734443664555
19,404/69,10,0.09599273681640597
19,404/69,11,0.009752216339111719
19,404/69,12,0.23864330291748015
19,405/17,1,0.20832686901092523
19,405/17,2,0.2579965877532959
19,405/17,4,0.518098750114441
19,405/17,5,0.027436084747314515
19,405/17,7,0.15288499355316165
19,405/17,8,0.07484433174133298
19,405/17,10,0.4154291892051696
19,405/17,11,0.430108494758606
19,405/17,12,0.3087510108947753
19,405/34,1,0.14617405891418445
19,405/34,2,0.30184893608093244
19,405/34,3,0.5341644573211668
19,405/34,4,1.0674897766113283
19,405/34,5,1.5133017921447753
19,405/34,6,1.4698144721984865
19,405/34,7,0.33710118293762203
19,405/34,8,0.0654387950897215
19,405/34,9,0.013182716369628977
19,405/34,10,0.11176729202270508
19,405/34,11,0.2328407955169678
19,405/34,12,0.38132442474365247
19,418/15,1,0.1625333786010743
19,418/15,2,0.30062297344207756
19,418/15,4,0.29930471897125255
19,418/15,5,0.10880609512329098
19,418/15,7,0.1989021348953247
19,418/15,8,0.1426028561592102
19,418/15,10,0.1439948415756226
19,418/15,11,0.21998555898666372
19,418/15,12,0.3340950870513917
19,418/4,1,0.01711952209472667
19,418/4,3,0.12133111000061048
19,418/4,4,0.07324164390563981
19,418/4,5,0.014015684127807404
19,418/4,6,0.3895587205886839
19,418/4,7,0.49391672134399434
19,418/4,8,0.10950603485107413
19,418/4,9,0.08709941864013682
19,418/4,10,0.01563744068145745
19,418/4,11,0.15291612148284917
19,418/4,12,0.13745052337646468
20,330/183,1,0.32909017086029047
20,330/183,2,1.408652057647705
20,330/183,3,2.1429758262634278
20,330/183,5,3.32663387298584
20,330/183,6,3.744296073913574
20,330/183,8,1.749366569519043
20,330/183,9,1.1659219455718994
20,330/183,11,0.8709637117385864
20,330/183,12,0.9766609096527099
20,331/2,1,0.01803009033203118
20,331/2,2,0.39928247451782184
20,331/2,3,0.614090900421143
20,331/2,4,0.6922064590454102
20,331/2,5,0.2914832878112792
20,331/2,6,0.8922055816650394
20,331/2,7,0.6949898147583005
20,331/2,8,0.7518315696716309
20,331/2,9,0.41561569213867156
20,331/2,10,0.01349514007568331
20,331/2,11,0.3538064575195312
20,331/2,12,0.42775770187377926
20,341/17,1,0.19289400100707965
20,341/17,2,0.016732234954833558
20,341/17,3,0.5856144523620603
20,341/17,4,0.6479296112060551
20,341/17,5,1.0762442398071288
20,341/17,6,0.8671010017395018
20,341/17,7,1.127635307312012
20,341/17,8,1.0285101509094243
20,341/17,11,0.6194456863403328
20,342/78,1,1.46012734413147
20,342/78,2,1.6348503494262694
20,342/78,3,0.7626907730102541
20,342/78,4,1.4886753749847412
20,342/78,5,0.13926640510559096
20,342/78,6,0.08404019355773906
20,342/78,7,1.8942087936401366
20,342/78,8,2.8579325675964355
20,342/78,9,2.294568214416504
20,342/78,10,2.2940275001525876
20,342/78,11,1.2098745059967042
20,342/78,12,0.9870273780822751
20,342/97,1,0.2741944313049318
20,342/97,2,0.18013566970825234
20,342/97,6,0.13500448226928707
20,342/97,7,0.005074939727783168
20,342/97,8,0.4731716728210449
20,342/97,9,0.6056974220275881
20,342/97,10,0.6205115127563481
20,342/97,11,0.5606400489807131
20,342/97,12,0.4202766227722172
20,377/54,1,0.543900108337402
20,377/54,2,0.13541641235351598
20,377/54,3,0.03197169303894043
20,377/54,4,0.510995626449585
20,377/54,5,0.233300733566284
20,377/54,6,0.3039148807525631
20,377/54,7,2.620246410369873
20,377/54,8,0.10390720367431605
20,377/54,9,6.17072811126709
20,377/54,10,2.637544631958008
20,377/54,11,1.7751170158386227
20,377/86,1,0.037348251342773864
20,377/86,2,0.07924556732177734
20,377/86,3,0.7696975708007816
20,377/86,5,0.19065370559692418
20,377/86,6,0.44324697494506804
20,377/86,8,0.3114002132415772
20,377/86,9,0.15832805633544922
20,377/86,10,0.1180533218383788
20,377/86,11,0.7465159416198732
20,377/86,12,0.012568855285644887
20,377/94,1,0.10792583465576167
20,377/94,2,0.03916172981262189
20,377/94,3,0.19451045989990234
20,377/94,5,0.04330114364624027
20,377/94,6,0.18032526969909668
20,377/94,8,0.5361292934417725
20,377/94,9,0.4178742313385009
20,377/94,11,0.3938299846649169
20,377/94,12,0.45507552146911623
20,390/208,1,0.41001268386840817
20,390/208,2,0.5076543426513673
20,390/208,3,1.0268281555175784
20,390/208,4,1.9045908546447752
20,390/208,5,0.7756981468200683
20,390/208,6,0.6335701560974121
20,390/208,7,0.34536085128784144
20,390/208,8,0.8217731094360348
20,390/208,9,0.24049650192260774
20,390/208,10,0.024314346313476953
20,390/208,11,0.25918506622314474
20,391/243,1,0.09352938652038567
20,391/243,2,0.007012195587158043
20,391/243,3,0.08382140159606921
20,391/243,4,0.22984746932983402
20,391/243,5,0.4671165561676025
20,391/243,6,1.1522692680358886
20,391/243,7,1.0848616027832032
20,391/243,8,0.3904403591156007
20,391/243,9,0.3485061931610107
20,391/243,10,0.1678429985046388
20,391/243,11,0.18840492248535146
20,391/243,12,0.354468765258789
20,391/33,1,0.19023502349853594
20,391/33,2,0.05179309844970703
20,391/33,3,0.11188335418701101
20,391/33,5,0.5979961395263675
20,391/33,6,0.9730076980590816
20,391/33,8,0.3910212326049809
20,391/33,9,0.4965621948242189
20,391/33,11,0.6341110229492184
20,391/33,12,0.8665641593933113
20,391/437,1,0.28213874816894524
20,391/437,2,0.31781326293945256
20,391/437,3,0.0815409851074218
20,391/437,5,0.041905288696289844
20,391/437,6,0.08913848876953168
20,391/437,8,0.005405044555663707
20,391/437,9,0.3022504806518551
20,391/437,11,0.7094509124755852
20,391/437,12,0.6032318878173832
20,404/69,1,0.25432481765747106
20,404/69,2,0.112566032409668
20,404/69,3,0.11839397430419929
20,404/69,4,0.8245243835449223
20,404/69,5,0.6242294502258297
20,404/69,7,0.23589433670043913
20,404/69,8,1.7892910766601564
20,404/69,10,0.3403172302246098
20,404/69,11,0.037840061187743856
20,404/69,12,0.13112550735473594
20,405/17,1,0.15931091785430906
20,405/17,2,0.2545872259140014
20,405/17,3,0.2799003410339356
20,405/17,5,0.47483865261077884
20,405/17,6,0.0497873497009278
20,405/17,8,0.12556615829467777
20,405/17,9,0.06327960014343259
20,405/17,11,0.3948867464065551
20,405/17,12,0.45320517539978034
20,405/34,1,0.10356610298156754
20,405/34,2,0.2518681144714354
20,405/34,3,0.3936365127563475
20,405/34,4,0.5391445446014402
20,405/34,5,1.0508486366271974
20,405/34,6,1.4842116260528564
20,405/34,7,1.526273422241211
20,405/34,8,0.28279968261718746
20,405/34,9,0.08683948516845685
20,405/34,10,0.05065195083618157
20,405/34,11,0.0925893783569336
20,405/34,12,0.2392814350128174
20,418/15,1,0.07119577884674078
20,418/15,2,0.05152795314788827
20,418/15,3,0.10624125957489006
20,418/15,5,0.23201059818267833
20,418/15,6,0.16422494411468502
20,418/15,8,0.26014674186706543
20,418/15,9,0.14390334010124206
20,418/15,11,0.16930070877075198
20,418/15,12,0.21951778173446646
20,418/4,1,0.06275494575500495
20,418/4,2,0.012144441604614364
20,418/4,4,0.11815060615539563
20,418/4,5,0.023783855438232582
20,418/4,6,0.005235919952392365
20,418/4,7,0.38028221130371076
20,418/4,8,0.5057866287231447
20,418/4,9,0.09148981571197501
20,418/4,10,0.09617327213287363
20,418/4,11,0.04918817996978753
20,418/4,12,0.12206940650939946
21,330/183,1,0.21992870807647713
21,330/183,2,0.16933935165405267
21,330/183,3,1.7073848152160644
21,330/183,4,2.1092295837402344
21,330/183,6,4.56037181854248
21,330/183,7,5.885046005249023
21,330/183,9,1.4088197231292725
21,330/183,10,0.6029679965972901
21,330/183,12,0.4485125732421875
21,331/2,1,0.6493214035034178
21,331/2,2,0.2576002311706542
21,331/2,3,0.14471675872802692
21,331/2,4,0.4017805862426762
21,331/2,5,0.5660148429870606
21,331/2,6,0.266672019958496
21,331/2,7,0.8957103347778324
21,331/2,8,0.7235161209106442
21,331/2,9,0.7670274162292481
21,331/2,10,0.2020913505554196
21,331/2,11,0.12231761932373075
21,331/2,12,0.20424743652343746
21,341/17,1,0.20649944305419865
21,341/17,3,0.21946384429931598
21,341/17,4,0.13480232238769574
21,341/17,5,0.4560625648498533
21,341/17,6,0.6355919265747074
21,341/17,7,1.0872782516479491
21,341/17,8,0.8503745079040526
21,341/17,9,1.1161521148681643
21,341/17,10,1.1284852600097661
21,342/78,1,0.20781425476074222
21,342/78,2,1.2637429141998293
21,342/78,3,0.7724946403503417
21,342/78,4,0.3405644798278811
21,342/78,5,1.2234475803375244
21,342/78,6,0.16369215011596694
21,342/78,7,0.12841442108154277
21,342/78,8,1.9622305679321288
21,342/78,9,2.960423469543457
21,342/78,10,2.0245470142364503
21,342/78,11,2.5602745342254636
21,342/78,12,2.33777081489563
21,342/97,1,0.708404541015625
21,342/97,2,0.7570702552795412
21,342/97,3,0.8511843109130863
21,342/97,7,0.5279364204406738
21,342/97,8,0.4078487968444824
21,342/97,9,0.00014301300048824572
21,342/97,10,0.9526903915405276
21,342/97,11,0.7052569198608403
21,342/97,12,0.8069874763488771
21,377/54,1,1.0937970161437987
21,377/54,2,0.05647363662719762
21,377/54,3,0.151717567443848
21,377/54,4,0.04810905456542969
21,377/54,5,0.5435817241668701
21,377/54,6,0.2178874492645262
21,377/54,7,0.2947886943817135
21,377/54,8,2.6047186851501465
21,377/54,9,0.20243606567382777
21,377/54,10,6.1406644821167
21,377/54,11,3.766282081604004
21,377/54,12,1.5810428619384762
21,377/86,1,0.45231859207153313
21,377/86,2,0.025503654479980042
21,377/86,3,0.24484729766845703
21,377/86,4,0.6838406562805179
21,377/86,6,0.1784352302551273
21,377/86,7,0.5226909065246579
21,377/86,9,0.4190879249572754
21,377/86,10,0.16743087768554688
21,377/86,11,0.14819825172424306
21,377/86,12,0.7457656383514406
21,377/94,1,0.04329233169555646
21,377/94,2,0.06636041641235346
21,377/94,3,0.028219747543334783
21,377/94,4,0.19353032112121582
21,377/94,6,0.05093316078186039
21,377/94,7,0.1748363971710205
21,377/94,9,0.5443764305114747
21,377/94,10,0.41539658546447744
21,377/94,12,0.40213672637939446
21,390/208,1,0.49106260299682614
21,390/208,2,0.584699592590332
21,390/208,3,0.8566423988342287
21,390/208,4,0.9891375160217288
21,390/208,5,2.0110576248168943
21,390/208,6,0.7349266624450683
21,390/208,7,0.6553797340393066
21,390/208,8,0.34827337265014613
21,390/208,9,0.8089361763000484
21,390/208,10,0.24609933853149446
21,390/208,11,0.029631080627441797
21,390/208,12,0.005030879974365021
21,391/243,1,0.2164466953277584
21,391/243,2,0.12772147178649895
21,391/243,3,0.03254240036010758
21,391/243,4,0.050325736999511594
21,391/243,5,0.24973634719848636
21,391/243,6,0.4757370567321777
21,391/243,7,1.153648042678833
21,391/243,8,1.0797792339324952
21,391/243,9,0.2702127838134767
21,391/243,10,0.33868144035339354
21,391/243,11,0.10434545516967786
21,391/243,12,0.10272944450378407
21,391/33,1,0.08990394592285078
21,391/33,2,0.248807792663575
21,391/33,3,0.1721363067626953
21,391/33,4,0.03266029357910227
21,391/33,6,0.4819272994995121
21,391/33,7,0.8261704635620113
21,391/33,9,0.22448108673095746
21,391/33,10,0.31496782302856463
21,391/33,12,0.6244512557983395
21,391/437,1,0.16895191192626946
21,391/437,2,0.2703036499023437
21,391/437,3,0.37123046874999943
21,391/437,4,0.055112762451171804
21,391/437,6,0.13779247283935625
21,391/437,7,0.009710807800292542
21,391/437,9,7.209777831995723e-05
21,391/437,10,0.3394809722900387
21,391/437,12,0.7516548156738274
21,404/69,1,0.16781017303466772
21,404/69,2,0.11962118148803746
21,404/69,3,0.21795467376708988
21,404/69,4,0.15086849212646491
21,404/69,5,0.7734222221374516
21,404/69,6,0.5974888992309566
21,404/69,8,0.35311283111572234
21,404/69,9,1.8100926208496095
21,404/69,11,0.38301799774169965
21,404/69,12,0.07635848999023409
21,405/17,1,0.2323901653289795
21,405/17,2,0.3189068841934204
21,405/17,3,0.4152343797683715
21,405/17,4,0.39196720600128176
21,405/17,6,0.5580573463439942
21,405/17,7,0.07952541828155524
21,405/17,9,0.1285720801353455
21,405/17,10,0.06694260358810422
21,405/17,12,0.380109622478485
21,405/34,1,0.1925127029418947
21,405/34,2,0.250391893386841
21,405/34,3,0.32050763130187976
21,405/34,4,0.44678025245666486
21,405/34,5,0.6488657283782957
21,405/34,6,1.127198133468628
21,405/34,7,1.495974006652832
21,405/34,8,1.5177060890197756
21,405/34,9,0.2824363327026367
21,405/34,10,0.1570685386657713
21,405/34,11,0.041389150619506765
21,405/34,12,0.07804083824157715
21,418/15,1,0.09137361049652104
21,418/15,2,0.00371592998504644
21,418/15,3,0.2094818115234376
21,418/15,4,0.30627718925476066
21,418/15,6,0.2744144153594972
21,418/15,7,0.19339188098907467
21,418/15,9,0.3419768261909485
21,418/15,10,0.08666270494461059
21,418/15,12,0.22709802150726321
21,418/4,1,0.009079279899597115
21,418/4,2,0.04085619926452644
21,418/4,3,0.015989894866943466
21,418/4,5,0.11111344337463391
21,418/4,6,0.027089529037475746
21,418/4,7,0.003231534957885529
21,418/4,8,0.3902838706970213
21,418/4,9,0.49879583835601826
21,418/4,10,0.09820547103881827
21,418/4,11,0.12165270805358896
21,418/4,12,0.009285049438476634
22,330/183,1,0.11053372859954824
22,330/183,2,0.45905401945114144
22,330/183,3,0.16743762016296393
22,330/183,4,1.735849847793579
22,330/183,5,2.0413980674743653
22,330/183,7,4.579215469360351
22,330/183,8,5.825998783111572
22,330/183,10,1.4424524784088135
22,330/183,11,0.6032401514053345
22,331/2,1,0.6033003044128415
22,331/2,2,0.7697094345092772
22,331/2,3,0.10277120590209954
22,331/2,4,0.15511705398559528
22,331/2,5,0.6126737403869633
22,331/2,6,0.717986183166504
22,331/2,7,0.3002141761779784
22,331/2,8,0.9222076988220218
22,331/2,9,0.7150217437744137
22,331/2,10,0.5982571029663086
22,331/2,11,0.7942425155639645
22,331/2,12,0.34224016189575224
22,341/17,1,0.29119499206542976
22,341/17,2,0.05203472137451115
22,341/17,4,0.22707654953002887
22,341/17,5,0.07119653701782269
22,341/17,6,0.46773983001708963
22,341/17,7,0.6365560913085941
22,341/17,8,1.0838655281066893
22,341/17,9,0.8604019165039061
22,341/17,10,1.1688731384277347
22,341/17,11,1.2074323272705083
22,342/78,1,0.9465023803710935
22,342/78,2,1.248533763885498
22,342/78,3,1.5681760406494138
22,342/78,4,1.6470748519897462
22,342/78,5,1.9818394279479978
22,342/78,6,1.3581719207763672
22,342/78,7,1.7744819259643556
22,342/78,8,1.4939801406860354
22,342/78,9,0.38779056549072255
22,342/78,10,0.1841115951538086
22,342/78,11,0.9629395866394042
22,342/78,12,1.5292685699462893
22,342/97,1,0.34311571121215856
22,342/97,2,0.09629583358764648
22,342/97,3,0.07023639678955096
22,342/97,4,0.08211320877075234
22,342/97,8,0.3444332695007324
22,342/97,9,0.34737010955810543
22,342/97,10,0.006525001525878871
22,342/97,11,0.9301631736755374
22,342/97,12,0.7065396118164067
22,377/54,1,1.0244344711303714
22,377/54,2,1.173746871948242
22,377/54,3,0.3593164443969723
22,377/54,4,0.09345903396606481
22,377/54,5,0.03789877891540527
22,377/54,6,0.5769307613372803
22,377/54,7,0.2232923984527586
22,377/54,8,0.16350731849670375
22,377/54,9,2.6771368980407715
22,377/54,10,0.32711181640624964
22,377/54,11,6.532956504821778
22,377/54,12,4.300868034362793
22,377/86,1,0.015367107391357493
22,377/86,2,0.45012561798095696
22,377/86,3,0.008892078399657777
22,377/86,4,0.18435382843017578
22,377/86,5,0.573104286193848
22,377/86,7,0.3139647483825687
22,377/86,8,0.6177359962463376
22,377/86,10,0.6795735740661621
22,377/86,11,0.3780193328857422
22,377/86,12,0.1473280143737794
22,377/94,1,0.30410224914550765
22,377/94,2,0.3570315361022951
22,377/94,3,0.3876690292358398
22,377/94,4,0.26956253051757795
22,377/94,5,0.4048652648925781
22,377/94,7,0.1865106010437012
22,377/94,8,0.08282303810119629
22,377/94,10,0.5754006481170655
22,377/94,11,0.44237650871276846
22,390/208,1,0.1932211494445797
22,390/208,2,0.32944198608398434
22,390/208,3,0.5242843246459961
22,390/208,4,0.8462425804138185
22,390/208,5,0.9903343772888187
22,390/208,6,2.020794639587402
22,390/208,7,0.7479858016967773
22,390/208,8,0.6859941101074218
22,390/208,9,0.36758146286010707
22,390/208,10,0.8288198089599605
22,390/208,11,0.23123918533325227
22,390/208,12,0.007132949829101953
22,391/243,1,0.33876820564270016
22,391/243,2,0.28261404991149863
22,391/243,3,0.3465220165252685
22,391/243,4,0.2131658267974852
22,391/243,5,0.1521655178070067
22,391/243,6,0.22990254402160648
22,391/243,7,0.4688880062103271
22,391/243,8,1.1616331577301025
22,391/243,9,1.071799840927124
22,391/243,10,0.28647388458251966
22,391/243,11,0.2985896873474121
22,391/243,12,0.453734531402588
22,391/33,1,0.32225002288818416
22,391/33,2,0.2115010070800789
22,391/33,3,0.08154499053955
22,391/33,4,0.131317138671875
22,391/33,5,0.1855518341064446
22,391/33,7,0.6559757232666019
22,391/33,8,1.0052581024169918
22,391/33,10,0.8101386833190922
22,391/33,11,0.9811717987060549
22,391/437,1,0.4250760269165035
22,391/437,2,0.4131249618530273
22,391/437,3,0.4835480880737304
22,391/437,4,0.47114788055419865
22,391/437,5,0.007532196044921946
22,391/437,7,0.00027095794677656215
22,391/437,8,0.02012966156005902
22,391/437,10,0.004267311096191051
22,391/437,11,0.31562290191650355
22,404/69,1,0.398553352355957
22,404/69,2,0.16742202758789038
22,404/69,3,0.2796019554138187
22,404/69,4,0.18118862152099613
22,404/69,5,0.13840253829956062
22,404/69,6,0.6864118385314946
22,404/69,7,0.4872408103942867
22,404/69,9,0.28693975448608366
22,404/69,10,1.7870241928100588
22,404/69,12,0.41873643875122113
22,405/17,1,0.09917691707611087
22,405/17,2,0.25416213274002075
22,405/17,3,0.3365958738327026
22,405/17,4,0.42874532222747797
22,405/17,5,0.4108848857879639
22,405/17,7,0.5505359554290772
22,405/17,8,0.055040783882141175
22,405/17,10,0.12851575374603275
22,405/17,11,0.055821628570556614
22,405/34,1,0.1857305240631102
22,405/34,2,0.04230637550354022
22,405/34,3,0.07521813392639176
22,405/34,4,0.2264414882659911
22,405/34,5,0.39849977493286115
22,405/34,6,0.5583172130584715
22,405/34,7,1.0387024021148683
22,405/34,8,1.4901041412353515
22,405/34,9,1.5984134006500246
22,405/34,10,0.26548191070556637
22,405/34,11,0.10835962295532209
22,405/34,12,0.07016889572143548
22,418/15,1,0.18475050449371344
22,418/15,2,0.23451869487762456
22,418/15,3,0.10075515747070307
22,418/15,4,0.2667230129241944
22,418/15,5,0.3002528285980224
22,418/15,7,0.29072224617004405
22,418/15,8,0.16191764831542965
22,418/15,10,0.31263524770736695
22,418/15,11,0.10425066471099853
22,418/4,1,0.016006088256836026
22,418/4,2,0.03694457054138178
22,418/4,3,0.037132577896118235
22,418/4,4,0.039193744659423935
22,418/4,6,0.1243111038208009
22,418/4,7,0.0712720680236818
22,418/4,8,0.018473396301269318
22,418/4,9,0.37598865032196027
22,418/4,10,0.4883798074722292
22,418/4,11,0.29258289337158194
22,418/4,12,0.18341909408569346
23,330/183,1,0.5011923265457154
23,330/183,2,0.10350547790527354
23,330/183,3,0.14593109130859383
23,330/183,4,0.21370380401611322
23,330/183,5,1.5114130878448486
23,330/183,6,2.341404457092285
23,330/183,8,3.086459102630615
23,330/183,9,3.2706446647644043
23,330/183,11,1.784804391860962
23,330/183,12,1.1635096263885498
23,331/2,1,0.13994457244873004
23,331/2,2,0.7603223037719724
23,331/2,3,0.8304251098632811
23,331/2,4,0.1689566802978515
23,331/2,5,0.08346654891967731
23,331/2,6,0.39768360137939496
23,331/2,7,0.5616279411315919
23,331/2,8,0.24765193939208974
23,331/2,9,0.9618385887145999
23,331/2,10,0.7512141609191891
23,331/2,11,0.5654836082458496
23,331/2,12,0.9113289260864255
23,341/17,1,0.09065254211425788
23,341/17,2,0.3522246932983393
23,341/17,4,0.22266389846801715
23,341/17,5,0.1195521163940434
23,341/17,6,0.37845064163207986
23,341/17,7,0.5662063980102543
23,341/17,8,1.0423239517211913
23,341/17,9,0.9054415702819822
23,341/17,10,1.1927793693542483
23,341/17,11,1.2689166641235357
23,342/78,1,1.393568115234375
23,342/78,2,2.0311118888854978
23,342/78,3,1.6338029289245606
23,342/78,4,1.4411633110046385
23,342/78,5,1.35205379486084
23,342/78,6,1.7013919448852537
23,342/78,7,1.0124945449829101
23,342/78,8,1.682911548614502
23,342/78,9,0.5878775405883787
23,342/78,10,1.8947290229797362
23,342/78,11,1.9770278930664062
23,342/78,12,1.6493860816955568
23,342/97,1,1.3102351188659664
23,342/97,2,0.3211995124816891
23,342/97,3,0.6348457336425781
23,342/97,4,0.7500702857971193
23,342/97,5,0.8990826034545902
23,342/97,9,0.557844123840332
23,342/97,10,0.7411079025268554
23,342/97,11,0.028570137023925746
23,342/97,12,0.8700602340698245
23,377/54,1,1.637461853027343
23,377/54,2,1.3193162918090824
23,377/54,3,1.248212146759033
23,377/54,4,0.480916595458984
23,377/54,5,0.05405225753784215
23,377/54,6,0.04032540321350098
23,377/54,7,0.5506784915924072
23,377/54,8,0.19987826347351056
23,377/54,9,0.32628903388977015
23,377/54,10,2.5520739555358887
23,377/54,11,0.158920860290527
23,377/54,12,6.170392417907715
23,377/86,1,0.06863169670104963
23,377/86,2,0.14775927543640144
23,377/86,3,0.09358446121215813
23,377/86,4,0.1378187942504887
23,377/86,5,0.12889957427978516
23,377/86,6,0.6589035034179691
23,377/86,8,0.19521274566650426
23,377/86,9,0.4594789886474606
23,377/86,11,0.34081081390380863
23,377/86,12,0.16821718215942383
23,377/94,1,0.017759408950805522
23,377/94,2,0.2569306564331053
23,377/94,3,0.08495755195617694
23,377/94,4,0.09335130691528315
23,377/94,5,0.06252865791320783
23,377/94,6,0.2122786045074463
23,377/94,8,0.16971949577331547
23,377/94,9,0.1954498291015625
23,377/94,11,0.3151376819610596
23,377/94,12,0.08120955467224111
23,390/208,1,0.44979196548461875
23,390/208,2,0.2529750442504879
23,390/208,3,0.1411103820800781
23,390/208,4,0.42180725097656246
23,390/208,5,0.4809657669067384
23,390/208,6,1.0437167739868167
23,390/208,7,1.9481241798400877
23,390/208,8,0.777692756652832
23,390/208,9,0.626905403137207
23,390/208,10,0.34208211898803675
23,390/208,11,0.8663383102416988
23,390/208,12,0.06809936523437532
23,391/243,1,0.013990726470947124
23,391/243,2,0.31300970077514645
23,391/243,3,0.22533017158508262
23,391/243,4,0.13829080581665032
23,391/243,5,0.09532649040222152
23,391/243,6,0.14896474838256824
23,391/243,7,0.28951624870300297
23,391/243,8,0.5124477958679199
23,391/243,9,1.15002384185791
23,391/243,10,1.0867715740203858
23,391/243,11,0.3427072906494142
23,391/243,12,0.27745316505432127
23,391/33,1,0.13818717956542947
23,391/33,2,0.3573223495483404
23,391/33,3,0.3581494140625008
23,391/33,4,0.18698989868163984
23,391/33,5,0.23757362365722656
23,391/33,6,0.3623382568359368
23,391/33,8,0.7378906250000004
23,391/33,9,1.0080857467651363
23,391/33,11,0.767016868591309
23,391/33,12,0.9727231979370119
23,391/437,1,0.17039154052734418
23,391/437,2,0.5815377426147457
23,391/437,3,0.6812018585205077
23,391/437,4,0.672364158630371
23,391/437,5,0.46429859161376896
23,391/437,6,0.05969913482666023
23,391/437,8,0.0957783508300789
23,391/437,9,0.0297694396972652
23,391/437,11,0.01970443725585902
23,391/437,12,0.3909059524536129
23,404/69,1,0.5584198951721193
23,404/69,2,0.3296694564819336
23,404/69,3,0.23271247863769506
23,404/69,4,0.2928294181823734
23,404/69,5,0.21731142044067386
23,404/69,6,0.10778291702270515
23,404/69,7,0.8290152359008793
23,404/69,8,0.6624331665039058
23,404/69,10,0.1854440116882321
23,404/69,11,1.8223730850219728
23,405/17,1,0.03388251066207881
23,405/17,2,0.1275955176353455
23,405/17,3,0.2649805545806885
23,405/17,4,0.3560632276535034
23,405/17,5,0.40750318050384515
23,405/17,6,0.4138737010955811
23,405/17,8,0.5308518791198731
23,405/17,9,0.06848365783691412
23,405/17,11,0.14356282711029056
23,405/17,12,0.07184931755065915
23,405/34,1,0.003294906616210902
23,405/34,2,0.183291025161743
23,405/34,3,0.011615800857543768
23,405/34,4,0.07009904861450211
23,405/34,5,0.24045907020568835
23,405/34,6,0.37574844360351545
23,405/34,7,0.5086038398742674
23,405/34,8,0.7853328323364259
23,405/34,9,0.7564317607879638
23,405/34,10,0.9441193866729738
23,405/34,11,0.5953793144226074
23,405/34,12,0.2802553653717039
23,418/15,1,0.09457144737243661
23,418/15,2,0.2594333958625794
23,418/15,3,0.24735741615295415
23,418/15,4,0.12344485759735102
23,418/15,5,0.2775405406951905
23,418/15,6,0.30672970771789543
23,418/15,8,0.28622912883758556
23,418/15,9,0.21803780555725094
23,418/15,11,0.31935787677764893
23,418/15,12,0.06921225309371948
23,418/4,1,0.2959097623825073
23,418/4,2,0.2443739414215087
23,418/4,3,0.1806373023986816
23,418/4,4,0.018891887664794993
23,418/4,5,0.03876578330993663
23,418/4,7,0.09298910140991223
23,418/4,8,0.043718271255493324
23,418/4,9,0.021207103729247834
23,418/4,10,0.33030002117156965
23,418/4,11,0.4386293601989748
23,418/4,12,0.2523429632186889
24,330/183,1,0.01333686351776131
24,330/183,2,0.668475742340088
24,330/183,3,0.11429284572601328
24,330/183,4,0.17950078487396248
24,330/183,5,0.18210273265838617
24,330/183,6,1.7138976955413818
24,330/183,7,2.2743630599975586
24,330/183,9,4.237781944274902
24,330/183,10,5.351405620574951
24,330/183,12,1.3669119358062745
24,331/2,1,0.1423842620849607
24,331/2,2,0.1561293792724605
24,331/2,3,0.8803360176086423
24,331/2,4,0.7475574874877928
24,331/2,5,0.07773344039916985
24,331/2,6,0.17095567703247028
24,331/2,7,0.631969432830811
24,331/2,8,0.6762166786193848
24,331/2,9,0.33766305923461903
24,331/2,10,0.8955930328369144
24,331/2,11,0.7485019111633298
24,331/2,12,0.4954400444030762
24,341/17,1,0.014412803649902273
24,341/17,2,0.3458217239379877
24,341/17,4,0.2535090637207027
24,341/17,5,0.11802051544189496
24,341/17,6,0.3543355560302732
24,341/17,7,0.5855059051513676
24,341/17,8,1.1001581001281737
24,341/17,9,0.8227894783020018
24,341/17,10,1.1404612731933597
24,342/78,1,0.20565067291259798
24,342/78,2,1.3404169845581055
24,342/78,3,2.0514408874511716
24,342/78,4,1.6798825645446778
24,342/78,5,1.531045684814453
24,342/78,6,1.5335618591308595
24,342/78,7,1.819120178222656
24,342/78,8,0.7551913070678711
24,342/78,9,1.4669987297058107
24,342/78,10,0.7206237602233885
24,342/78,11,1.763688449859619
24,342/78,12,1.907806396484375
24,342/97,1,1.035044860839844
24,342/97,2,1.158056831359863
24,342/97,3,0.4593068122863766
24,342/97,4,0.7751755714416504
24,342/97,5,0.8510415077209474
24,342/97,6,1.0596894645690922
24,342/97,10,0.9373731231689453
24,342/97,11,0.5964374160766601
24,342/97,12,0.4119573020935059
24,377/54,1,1.1445678710937504
24,377/54,2,1.4801799774169915
24,377/54,3,1.167450332641602
24,377/54,4,1.2152307510375975
24,377/54,5,0.3937669754028317
24,377/54,6,0.12788858413696325
24,377/54,7,0.05696296691894531
24,377/54,8,0.5016860961914062
24,377/54,9,0.07249026298522931
24,377/54,10,0.2678242683410641
24,377/54,11,2.753260612487793
24,377/54,12,0.15655746459960973
24,377/86,1,0.011408367156982457
24,377/86,2,0.13696055412292463
24,377/86,3,0.3923192787170411
24,377/86,4,0.003492279052734304
24,377/86,5,0.1986374664306645
24,377/86,6,0.1274867057800293
24,377/86,7,0.6481360435485843
24,377/86,9,0.22230567932128942
24,377/86,10,0.6338077926635739
24,377/86,12,0.7390418434143067
24,377/94,1,0.12920601844787605
24,377/94,2,0.14611777305603013
24,377/94,3,0.10519177436828597
24,377/94,4,0.004187154769897283
24,377/94,5,0.05241054534912104
24,377/94,6,0.04396514892578107
24,377/94,7,0.20972514152526855
24,377/94,9,0.11326078414916996
24,377/94,10,0.10370063781738281
24,377/94,12,0.5335918045043946
24,390/208,1,0.2119844055175779
24,390/208,2,0.4360538101196285
24,390/208,3,0.3655543899536129
24,390/208,4,0.20999427795410153
24,390/208,5,0.8173989868164062
24,390/208,6,0.5720025634765626
24,390/208,7,1.0310214614868167
24,390/208,8,1.9822452163696287
24,390/208,9,0.7758645629882812
24,390/208,10,0.6220311737060547
24,390/208,11,0.31876430511474574
24,390/208,12,0.8168101882934566
24,391/243,1,0.33693916320800765
24,391/243,2,0.03201166152954116
24,391/243,3,0.3023807621002197
24,391/243,4,0.23429590225219687
24,391/243,5,0.2174655628204345
24,391/243,6,0.07744128227233871
24,391/243,7,0.07589255332946765
24,391/243,8,0.2840896034240723
24,391/243,9,0.4705805397033691
24,391/243,10,1.11423602104187
24,391/243,11,1.0663898849487305
24,391/243,12,0.3107873344421388
24,391/33,1,0.47612659454345696
24,391/33,2,0.6325833892822263
24,391/33,3,0.6760345840454107
24,391/33,4,0.670011405944825
24,391/33,5,0.6549855422973625
24,391/33,6,0.6680288314819336
24,391/33,7,0.6917020797729485
24,391/33,9,0.9910806655883793
24,391/33,10,1.3383221817016597
24,391/33,12,0.6688923645019536
24,391/437,1,0.11251213073730426
24,391/437,2,0.27489326477050824
24,391/437,3,0.5689110946655269
24,391/437,4,0.5317305755615234
24,391/437,5,0.679592056274414
24,391/437,6,0.476968154907226
24,391/437,7,0.039499359130859446
24,391/437,9,0.058179969787596875
24,391/437,10,0.09326980590820355
24,391/437,12,0.05010757446289027
24,404/69,1,0.4651055717468262
24,404/69,2,0.5866496086120607
24,404/69,3,0.39010808944702147
24,404/69,4,0.09912273406982397
24,404/69,5,0.298354530334473
24,404/69,6,0.12115339279174808
24,404/69,7,0.12840278625488288
24,404/69,8,0.7689022827148442
24,404/69,9,0.64905740737915
24,404/69,11,0.3027984046936032
24,404/69,12,1.8350393104553224
24,405/17,1,0.21270774841308593
24,405/17,2,0.14970780611038204
24,405/17,3,0.14382741212844852
24,405/17,4,0.26032865047454834
24,405/17,5,0.3505353736877441
24,405/17,6,0.4140366840362548
24,405/17,7,0.4200481462478638
24,405/17,9,0.5609182500839234
24,405/17,10,0.07999832153320319
24,405/17,12,0.13018581628799442
24,405/34,1,0.2466214179992674
24,405/34,2,0.18452807426452633
24,405/34,3,0.22591526031494125
24,405/34,4,0.0715427875518797
24,405/34,5,0.08043497085571305
24,405/34,6,0.1924458599090575
24,405/34,7,0.2952356815338133
24,405/34,8,0.5033917713165281
24,405/34,9,0.7925817108154298
24,405/34,10,0.7365879440307617
24,405/34,11,0.8929993438720705
24,405/34,12,0.6660894966125488
24,418/15,1,0.24725759506225575
24,418/15,2,0.2817357540130616
24,418/15,3,0.33118129491806036
24,418/15,4,0.367136824131012
24,418/15,5,0.2540231370925903
24,418/15,6,0.2801828145980836
24,418/15,7,0.34793809413909904
24,418/15,9,0.25507795333862315
24,418/15,10,0.26580365657806393
24,418/15,12,0.3260820555686951
24,418/4,1,0.08244333267211923
24,418/4,2,0.29493844509124756
24,418/4,3,0.25608625411987296
24,418/4,4,0.15113193035125727
24,418/4,5,0.018730716705322337
24,418/4,6,0.02395689010620128
24,418/4,8,0.10371197700500501
24,418/4,9,0.06086056709289567
24,418/4,10,0.012308130264282013
24,418/4,11,0.3827244520187376
24,418/4,12,0.49432966232299824
25,330/183,1,0.2925318431854249
25,330/183,2,0.16061076164245613
25,330/183,3,0.43401848793029796
25,330/183,4,0.2438728666305543
25,330/183,5,0.11188313007354744
25,330/183,6,0.14506249904632562
25,330/183,7,1.4852082633972168
25,330/183,8,2.3553805541992188
25,330/183,10,4.3892845535278315
25,330/183,11,5.215957164764404
25,331/2,1,0.018708248138427308
25,331/2,2,0.13143321990966772
25,331/2,3,0.0348811340332027
25,331/2,4,0.9654352378845212
25,331/2,5,0.6961749458312987
25,331/2,6,0.09868661880493157
25,331/2,7,0.2125983428955074
25,331/2,8,0.6628002929687504
25,331/2,9,0.7197252082824708
25,331/2,10,0.22127569198608388
25,331/2,11,0.8837555503845218
25,331/2,12,0.7256227874755856
25,341/17,1,0.011569995880126527
25,341/17,4,0.033472137451171946
25,341/17,5,0.29008804321289006
25,341/17,7,0.17195512771606403
25,341/17,8,0.12326147079467731
25,341/17,9,0.6854446029663084
25,341/17,10,0.7118892097473148
25,341/17,11,0.795083885192871
25,341/17,12,0.894745635986328
25,342/78,1,0.8014168357849121
25,342/78,2,0.3590477561950687
25,342/78,3,1.3707276153564454
25,342/78,4,1.9131461906433103
25,342/78,5,1.5724311256408692
25,342/78,6,1.35603214263916
25,342/78,7,1.3832632637023927
25,342/78,8,1.3042776679992674
25,342/78,9,0.7679223823547363
25,342/78,10,0.9317604637145998
25,342/78,11,0.42310145378112773
25,342/78,12,2.691589241027832
25,342/97,1,1.9556223869323732
25,377/54,1,4.601363372802734
25,377/54,2,1.8687757492065433
25,377/54,3,1.5442201614379876
25,377/54,4,1.5345567703247074
25,377/54,5,1.2522438049316404
25,377/54,6,0.7912288665771481
25,377/54,7,0.21763839721679723
25,377/54,8,0.3876042366027832
25,377/54,9,0.38739013671875
25,377/54,10,0.08200101852416974
25,377/54,11,0.32659420967102015
25,377/54,12,2.5572028160095215
25,377/86,1,0.24352261543273945
25,377/86,2,0.25498656272888187
25,377/86,3,0.1699326515197752
25,377/86,4,0.4397576618194581
25,377/86,5,0.06356803894042962
25,377/86,6,0.2164940643310551
25,377/86,7,0.09955692291259766
25,377/86,8,0.7557910919189457
25,377/86,10,0.235305213928223
25,377/86,11,0.5000673675537106
25,377/94,1,0.13044998168945332
25,377/94,2,0.23934634208679206
25,377/94,3,0.21036085128784165
25,377/94,4,0.07219368934631332
25,377/94,5,0.10958619117736834
25,377/94,6,0.1721710586547851
25,377/94,7,0.15507965087890607
25,377/94,8,0.21402621269226074
25,377/94,10,0.06798771858215336
25,377/94,11,0.1735701560974121
25,390/208,1,0.1592717170715332
25,390/208,2,0.12298656463623026
25,390/208,3,0.3879561996459957
25,390/208,4,0.29938846588134727
25,390/208,5,0.24849077224731442
25,390/208,6,0.4406852340698242
25,390/208,7,0.6370736694335939
25,390/208,8,0.9490884399414066
25,390/208,9,1.8211920356750486
25,390/208,10,0.7484540557861328
25,390/208,11,0.6102585411071777
25,390/208,12,0.32680902481079066
25,391/243,1,0.06960432052612298
25,391/243,2,0.2537377548217772
25,391/243,3,0.019498739242553853
25,391/243,4,0.3273908710479736
25,391/243,5,0.20444899559020957
25,391/243,6,0.12954751968383782
25,391/243,7,0.012140579223632653
25,391/243,8,0.09628044128417956
25,391/243,9,0.20798567771911625
25,391/243,10,0.47298308372497555
25,391/243,11,1.1515056133270263
25,391/243,12,1.058367338180542
25,391/33,1,0.12789642333984297
25,391/33,2,0.5488776397705077
25,391/33,3,0.6863048171997068
25,391/33,4,0.7035728836059576
25,391/33,5,0.6913698959350594
25,391/33,6,0.6654292297363273
25,391/33,7,0.7013692855834961
25,391/33,8,0.6793243408203118
25,391/33,10,0.9296525955200199
25,391/33,11,1.3066649627685543
25,391/437,1,0.0824196624755853
25,391/437,2,0.1037287902832027
25,391/437,3,0.3112959671020512
25,391/437,4,0.6395812225341793
25,391/437,5,0.645682258605957
25,391/437,6,0.7064990234374999
25,391/437,7,0.5195191955566401
25,391/437,8,0.06766708374023445
25,391/437,10,0.005326385498046093
25,391/437,11,0.04670475006103558
25,404/69,1,0.5800604629516606
25,404/69,2,0.23697904586791996
25,404/69,3,0.6458012580871584
25,404/69,4,0.3588919448852539
25,404/69,5,0.02321168899536108
25,404/69,6,0.3347467422485355
25,404/69,7,0.07117179870605472
25,404/69,8,0.10935075759887702
25,404/69,9,0.7603893089294438
25,404/69,10,0.6081819725036617
25,404/69,12,0.38809074401855437
25,405/17,1,0.024511957168579124
25,405/17,2,0.22356813192367553
25,405/17,3,0.16450877189636226
25,405/17,4,0.1542993521690369
25,405/17,5,0.257865846157074
25,405/17,6,0.33682666301727293
25,405/17,7,0.40927081584930414
25,405/17,8,0.4303093242645264
25,405/17,10,0.6090510272979737
25,405/17,11,0.16162276983261115
25,405/34,1,0.2802821540832521
25,405/34,2,0.5509970664978026
25,405/34,3,0.5000328636169433
25,405/34,4,0.46648652076721175
25,405/34,5,0.33375816345214826
25,405/34,6,0.2674079608917235
25,405/34,7,0.3220802688598634
25,405/34,8,0.29052658081054705
25,405/34,9,0.15749284744262715
25,405/34,10,0.05333772659301772
25,405/34,11,0.17704886436462397
25,405/34,12,0.5092739391326906
25,418/15,1,0.38311383247375486
25,418/15,2,0.4148525047302245
25,418/15,3,0.2508510112762452
25,418/15,4,0.40742225170135504
25,418/15,5,0.3850317478179932
25,418/15,6,0.28287762641906733
25,418/15,7,0.3525907754898072
25,418/15,8,0.43849054336547844
25,418/15,10,0.29588984966278087
25,418/15,11,0.2781616067886352
25,418/4,1,0.18485354423522948
25,418/4,2,0.1482346296310424
25,418/4,3,0.07180273532867432
25,418/4,4,0.08503046035766593
25,418/4,5,0.054830732345581
25,418/4,6,0.06928594589233406
25,418/4,7,0.012981767654419052
25,418/4,9,0.09462417602539075
25,418/4,10,0.040059499740600746
25,418/4,11,0.04475356101989725
25,418/4,12,0.2960269927978514
26,330/183,1,0.3879250526428222
26,330/183,2,0.11827647209167491
26,330/183,3,0.056414690017700275
26,330/183,4,0.6641373586654664
26,330/183,5,0.3548650598526002
26,330/183,6,0.14594605922698967
26,330/183,7,0.37559240341186517
26,330/183,8,1.3871788883209228
26,330/183,9,2.3339214515686035
26,330/183,11,3.168896141052246
26,330/183,12,3.4971837997436523
26,331/2,1,0.08705446243286108
26,331/2,2,0.35199544906616254
26,331/2,3,0.38456800460815455
26,331/2,4,0.05600883483886676
26,331/2,5,0.7069546890258787
26,331/2,6,0.7465952301025389
26,331/2,7,0.17713014602661126
26,331/2,8,0.04679252624511676
26,331/2,9,0.501753311157227
26,331/2,10,0.4902697372436524
26,331/2,11,0.10818851470947255
26,331/2,12,0.7975538825988773
26,341/17,1,0.0848727989196778
26,341/17,2,0.15924551010131793
26,341/17,5,0.0942515563964843
26,341/17,6,0.24310623168945256
26,341/17,8,0.11442901611328082
26,341/17,9,0.08732082366943317
26,341/17,10,0.6415059661865232
26,341/17,11,0.7081245803833012
26,341/17,12,1.0760868835449218
26,342/78,1,1.5094362735748295
26,342/78,2,1.4439625358581543
26,342/78,3,3.5935984706878665
26,342/78,4,0.7010049057006835
26,342/78,5,0.11473543167114286
26,342/78,6,1.220221004486084
26,342/78,7,1.478395690917969
26,342/78,8,1.0126996898651122
26,342/78,9,0.5442619228363039
26,342/78,10,1.4204838466644287
26,342/78,11,0.08102599143981948
26,342/78,12,0.40799978256225566
26,342/97,1,1.9556223869323732
26,377/54,1,0.5474733352661136
26,377/54,2,4.703818988800048
26,377/54,3,1.7528299331665043
26,377/54,4,1.6641275405883782
26,377/54,5,1.4753488540649418
26,377/54,6,1.2215426445007322
26,377/54,7,0.7044335365295407
26,377/54,8,0.29311027526855504
26,377/54,9,0.3784160614013672
26,377/54,10,0.3680152893066406
26,377/54,11,0.09197978973388654
26,377/54,12,0.3145807743072506
26,377/86,1,0.010457115173339915
26,377/86,2,0.2860092830657961
26,377/86,3,0.31745366096496586
26,377/86,4,0.24847178459167463
26,377/86,5,0.1944132614135743
26,377/86,6,0.04352657318115227
26,377/86,7,0.20974014282226605
26,377/86,8,0.10071659088134766
26,377/86,9,0.6179818153381351
26,377/86,11,0.28821601867675817
26,377/86,12,0.5221749687194821
26,377/94,1,0.007880678176880096
26,377/94,2,0.09383413314819355
26,377/94,3,0.1776135730743409
26,377/94,4,0.18980940818786607
26,377/94,5,0.07391054153442367
26,377/94,6,0.05038614273071307
26,377/94,7,0.15773934364318842
26,377/94,8,0.11389760971069318
26,377/94,9,0.20318317413330078
26,377/94,11,0.0681782150268555
26,377/94,12,0.13782167434692383
26,390/208,1,0.30993476867675795
26,390/208,2,0.05430412292480469
26,390/208,3,0.34254384994506815
26,390/208,4,0.4229751205444332
26,390/208,5,0.33156400680541953
26,390/208,6,0.2208075141906738
26,390/208,7,0.48737045288085934
26,390/208,8,0.583982620239258
26,390/208,9,0.91671501159668
26,390/208,10,1.87743688583374
26,390/208,11,0.746752700805664
26,390/208,12,0.6314849472045898
26,391/243,1,0.1334489727020265
26,391/243,2,0.20536248207092278
26,391/243,3,0.14621574401855453
26,391/243,4,0.008460845947265483
26,391/243,5,0.288012466430664
26,391/243,6,0.16535407066345176
26,391/243,7,0.13006655693054192
26,391/243,8,0.080385751724243
26,391/243,9,0.09713564872741687
26,391/243,10,0.2725680255889893
26,391/243,11,0.4830782032012939
26,391/243,12,1.157617712020874
26,391/33,1,0.2702630996704105
26,391/33,2,0.28472053527831953
26,391/33,3,0.6126965713500976
26,391/33,4,0.6307361221313474
26,391/33,5,0.7420622253417974
26,391/33,6,0.6268910217285164
26,391/33,7,0.6668034744262687
26,391/33,8,0.7172470092773438
26,391/33,9,0.6182748794555657
26,391/33,11,0.8181661605834964
26,391/33,12,1.1816344451904293
26,391/437,1,0.02536933898925753
26,391/437,2,0.0576546478271478
26,391/437,3,0.07594062805175739
26,391/437,4,0.24993179321289105
26,391/437,5,0.5958256912231441
26,391/437,6,0.6641797256469726
26,391/437,7,0.725042266845703
26,391/437,8,0.5290959930419916
26,391/437,9,0.09885604858398445
26,391/437,11,0.05540359497070391
26,391/437,12,0.010842781066894958
26,404/69,1,0.04406057357788118
26,404/69,2,0.7906493949890141
26,404/69,3,0.017220935821533168
26,404/69,4,0.6324216842651369
26,404/69,5,0.3875164794921875
26,404/69,6,0.036657066345214595
26,404/69,7,0.3270663261413578
26,404/69,8,0.049878635406494176
26,404/69,9,0.018101768493652415
26,404/69,10,0.6188554573059086
26,404/69,11,0.5235338401794429
26,405/17,1,0.008257112503051722
26,405/17,2,0.047079288959503196
26,405/17,3,0.21809356451034545
26,405/17,4,0.15216178894042964
26,405/17,5,0.16110673904418948
26,405/17,6,0.2523882985115051
26,405/17,7,0.33448133945465086
26,405/17,8,0.41515820503234857
26,405/17,9,0.43644252300262454
26,405/17,11,0.6106650018692017
26,405/17,12,0.16985351562500006
26,405/34,1,0.08360449790954583
26,405/34,2,0.3317107105255128
26,405/34,3,0.5341449260711668
26,405/34,4,0.5256867027282714
26,405/34,5,0.3986266326904295
26,405/34,6,0.23802213668823224
26,405/34,7,0.09605223655700668
26,405/34,8,0.04547227859497083
26,405/34,9,0.09155030250549334
26,405/34,10,0.021429986953735547
26,405/34,11,0.21887293815612807
26,405/34,12,0.26051014900207514
26,418/15,1,0.0836765217781067
26,418/15,2,0.2919090104103088
26,418/15,3,0.38585711002349843
26,418/15,4,0.300768530368805
26,418/15,5,0.4794249606132508
26,418/15,6,0.3907351970672608
26,418/15,7,0.2899785661697387
26,418/15,8,0.33537003993988046
26,418/15,9,0.3899280166625976
26,418/15,11,0.24679338455200206
26,418/15,12,0.2188917016983032
26,418/4,1,0.14253509998321534
26,418/4,2,0.010278215408325186
26,418/4,3,0.0654933214187623
26,418/4,4,0.33700108528137207
26,418/4,5,0.31410493850708
26,418/4,6,0.115835371017456
26,418/4,7,0.01124365806579597
26,418/4,8,0.021386737823486435
26,418/4,10,0.09046377182006848
26,418/4,11,0.03158705711364762
26,418/4,12,0.022608528137206818
27,330/183,1,0.31724371910095206
27,330/183,2,0.12924932956695567
27,330/183,3,0.11095615863800057
27,330/183,4,0.3504490804672242
27,330/183,5,0.017918810844421484
27,330/183,6,0.1858876609802247
27,330/183,7,0.16776042461395257
27,330/183,8,1.5589442157745361
27,330/183,9,2.3971085739135742
27,330/183,11,4.284704627990722
27,331/2,1,0.7621955871582031
27,331/2,2,0.09667995452880884
27,331/2,3,0.07737495422363239
27,331/2,4,0.15329954147338842
27,331/2,5,0.21563245773315387
27,331/2,6,0.9554192733764646
27,331/2,7,0.724819984436035
27,331/2,8,0.13530580520629876
27,331/2,9,0.12967683792114215
27,331/2,10,0.662341575622559
27,331/2,11,0.6900654602050782
27,331/2,12,0.20291316986083974
27,341/17,1,0.047855205535888956
27,341/17,2,0.02953998565673821
27,341/17,3,0.043611545562743714
27,341/17,6,0.02879722595214851
27,341/17,7,0.2839616394042963
27,341/17,9,0.18824245452880817
27,341/17,10,0.012946147918700746
27,341/17,11,0.5793321228027342
27,341/17,12,0.7111253166198734
27,342/78,1,0.34252623558044437
27,342/78,2,1.8552669525146488
27,342/78,3,1.8974608993530273
27,342/78,4,2.717362747192383
27,342/78,5,0.6457137298583984
27,342/78,6,1.6103497219085696
27,342/78,7,1.648425064086914
27,342/78,8,1.113320817947388
27,342/78,9,0.825239267349243
27,342/78,10,0.4853308105468752
27,342/78,11,1.008780975341797
27,342/78,12,0.05121532440185561
27,342/97,1,1.9556223869323732
27,377/54,1,0.2883053016662598
27,377/54,2,0.6866339683532718
27,377/54,3,4.533934307098388
27,377/54,4,1.7372173309326175
27,377/54,5,1.8158409118652337
27,377/54,6,1.6295560836791996
27,377/54,7,1.2941658973693846
27,377/54,8,0.6664906501770016
27,377/54,9,0.2812661170959476
27,377/54,10,0.40278196334838867
27,377/54,11,0.3424806594848633
27,377/54,12,0.07531647682189924
27,377/86,1,0.19618694305419915
27,377/86,2,0.17251965522766133
27,377/86,3,0.1412516021728516
27,377/86,4,0.20564537048339826
27,377/86,5,0.2892342376708985
27,377/86,6,0.16452590942382805
27,377/86,7,0.2415756988525395
27,377/86,8,0.05633687973022461
27,377/86,9,0.8276428222656254
27,377/86,11,0.13513317108154332
27,377/94,1,0.12503100395202615
27,377/94,2,0.2103719425201418
27,377/94,3,0.3093572425842286
27,377/94,4,0.3126903438568114
27,377/94,5,0.0043450069427488636
27,377/94,6,0.05212469100952166
27,377/94,7,0.16450137138366694
27,377/94,8,0.11425666809082013
27,377/94,9,0.20783615112304688
27,377/94,11,0.08582762718200687
27,390/208,1,0.29620880126953164
27,390/208,2,0.3488198852539064
27,390/208,3,0.04145097732543945
27,390/208,4,0.33633209228515604
27,390/208,5,0.4187002754211422
27,390/208,6,0.2847915267944332
27,390/208,7,0.27141328811645504
27,390/208,8,0.5261969184875488
27,390/208,9,0.8649818038940431
27,390/208,10,0.8348792648315433
27,390/208,11,1.9163215255737303
27,390/208,12,0.8689946746826172
27,391/243,1,0.2554546451568602
27,391/243,2,0.04159416198730481
27,391/243,3,0.12809125900268548
27,391/243,4,0.22789699554443343
27,391/243,5,0.015406694412231303
27,391/243,6,0.3738350486755371
27,391/243,7,0.23209458351135215
27,391/243,8,0.2384301853179931
27,391/243,9,0.08939082145690902
27,391/243,10,0.1251264667510985
27,391/243,11,0.3100314521789551
27,391/243,12,0.3948237514495849
27,391/33,1,0.6544794082641605
27,391/33,2,0.6918545913696281
27,391/33,3,0.8763846588134765
27,391/33,4,0.8760993576049803
27,391/33,5,1.110520973205567
27,391/33,6,1.218804244995118
27,391/33,7,1.1437112045288078
27,391/33,8,1.035308837890625
27,391/33,9,0.913127136230468
27,391/33,11,1.105863952636719
27,391/437,1,0.09995429992675753
27,391/437,2,0.4069550323486322
27,391/437,3,0.3722243499755855
27,391/437,4,0.3475489425659184
27,391/437,5,0.6027493667602535
27,391/437,6,0.6630047988891601
27,391/437,7,0.6946658325195312
27,391/437,8,0.4606736755371088
27,391/437,9,0.0663777160644532
27,391/437,11,0.04576862335205156
27,404/69,1,0.20771760940551776
27,404/69,2,0.13512910842895476
27,404/69,3,1.0944738197326664
27,404/69,4,0.009452781677246058
27,404/69,5,0.6917955398559572
27,404/69,6,0.4113869476318359
27,404/69,7,0.04159572601318384
27,404/69,8,0.3940257072448734
27,404/69,9,0.04495481491088871
27,404/69,10,0.062400894165039134
27,404/69,11,0.6684489059448246
27,404/69,12,0.4999561500549312
27,405/17,1,0.09252282142639157
27,405/17,2,0.14484248161315916
27,405/17,3,0.021266510486602774
27,405/17,4,0.10462297201156612
27,405/17,5,0.16914752483367923
27,405/17,6,0.2560792565345764
27,405/17,7,0.34186158657073973
27,405/17,8,0.42845552444458
27,405/17,9,0.4271025943756104
27,405/17,11,0.536238112449646
27,405/34,1,0.2030228233337401
27,405/34,2,0.1729472446441651
27,405/34,3,0.023190631866455202
27,405/34,4,0.3461709499359129
27,405/34,5,0.22454234123229977
27,405/34,6,0.2950461578369139
27,405/34,7,0.021917629241943182
27,405/34,8,0.06857388496398942
27,405/34,9,0.15314255714416491
27,405/34,10,0.2848153591156004
27,405/34,11,0.38263538360595684
27,405/34,12,0.6911114788055421
27,418/15,1,0.06242388963699341
27,418/15,2,0.25958469629287717
27,418/15,3,0.3216605234146117
27,418/15,4,0.35189244747161874
27,418/15,5,0.4502625536918641
27,418/15,6,0.38314484357833867
27,418/15,7,0.2668244266510009
27,418/15,8,0.3307864427566529
27,418/15,9,0.4125831460952758
27,418/15,11,0.2377886724472047
27,418/4,1,0.3486186504364013
27,418/4,2,0.0714676284790039
27,418/4,3,0.20895742416381835
27,418/4,4,0.2668804168701171
27,418/4,5,0.07033383846282959
27,418/4,6,0.0708275794982911
27,418/4,7,0.02459210395812983
27,418/4,8,0.024583654403686594
27,418/4,9,0.0277746868133546
27,418/4,11,0.11736096382141126
27,418/4,12,0.06339352607727067
28,330/183,1,1.2358656692504884
28,330/183,3,1.4048789978027343
28,330/183,4,0.5021368312835692
28,330/183,5,0.5588618850708007
28,330/183,6,1.0832630348205567
28,330/183,7,0.3474136447906495
28,330/183,8,0.06447192668914803
28,330/183,9,0.39578085422515863
28,330/183,10,1.4352300071716309
28,330/183,11,2.1423487854003906
28,331/2,1,0.4504564571380616
28,331/2,2,0.6630148887634277
28,331/2,3,0.09748580932617212
28,331/2,4,0.08754636764526325
28,331/2,5,0.2189566802978513
28,331/2,6,0.3653865051269527
28,331/2,7,0.8448192787170408
28,331/2,8,0.7186911964416502
28,331/2,9,0.16798822402954094
28,331/2,10,0.12765695571899371
28,331/2,11,0.49175355911254925
28,331/2,12,0.6094556617736817
28,341/17,1,0.3665019607543947
28,341/17,2,0.04317409515380888
28,341/17,3,0.15735618591308587
28,341/17,4,0.034946899414062926
28,341/17,7,0.001760406494140554
28,341/17,8,0.317060813903808
28,341/17,10,0.2137742233276363
28,341/17,11,0.187971572875977
28,341/17,12,0.40652252197265604
28,342/78,1,0.5976228523254394
28,342/78,2,0.8693180465698243
28,342/78,3,1.9872504711151127
28,342/78,4,2.1332468605041504
28,342/78,5,2.854879722595215
28,342/78,6,1.250749750137329
28,342/78,7,1.299467868804932
28,342/78,8,1.1819340801239013
28,342/78,9,1.2586486244201662
28,342/78,10,1.1357522869110106
28,342/78,11,0.6877217197418215
28,342/78,12,1.3878219318389893
28,342/97,1,1.9556223869323732
28,377/54,1,0.3201900863647462
28,377/54,2,0.18653823852539064
28,377/54,3,0.3404802322387699
28,377/54,4,4.650013637542724
28,377/54,5,2.1931518554687504
28,377/54,6,1.8055116653442376
28,377/54,7,2.7230295181274418
28,377/54,8,1.3117783546447752
28,377/54,9,0.6263223648071286
28,377/54,10,0.2332285881042484
28,377/54,11,0.4279160499572754
28,377/54,12,0.36537766456604004
28,377/86,1,0.20618455886840792
28,377/86,3,0.014013214111328054
28,377/86,4,0.24199983596801777
28,377/86,5,0.31678394317626957
28,377/86,6,0.22074775695800763
28,377/86,7,0.10952623367309577
28,377/86,8,0.2943386268615722
28,377/86,9,0.015478630065917542
28,377/86,10,0.24338912963867188
28,377/86,11,0.6620015144348148
28,377/94,1,0.05118723869323727
28,377/94,3,0.15045071601867654
28,377/94,4,0.2370602798461916
28,377/94,5,0.26846082687377937
28,377/94,6,0.3110566997528075
28,377/94,7,0.00447052001953141
28,377/94,8,0.05664987564086932
28,377/94,9,0.18194645881652827
28,377/94,10,0.13555793762207013
28,377/94,11,0.1921679973602295
28,390/208,1,2.2742114639282223
28,390/208,2,0.22025293350219766
28,390/208,3,0.33157363891601577
28,390/208,4,0.08859109878540039
28,390/208,5,0.36724639892578104
28,390/208,6,0.428862152099609
28,390/208,7,0.3184180831909176
28,390/208,8,0.28015609741210934
28,390/208,9,0.3876928901672363
28,390/208,10,0.8391353225708009
28,390/208,11,0.8418687438964847
28,390/208,12,1.9148838615417478
28,391/243,1,0.281954917907715
28,391/243,2,0.11705957412719714
28,391/243,3,0.029160394668579226
28,391/243,4,0.11598054885864251
28,391/243,5,0.21448881149291976
28,391/243,6,0.06073435783386216
28,391/243,7,0.2807030296325683
28,391/243,8,0.18958765029907187
28,391/243,9,0.11829726219177239
28,391/243,10,0.029378719329833825
28,391/243,11,0.09557639122009265
28,391/243,12,0.3154788398742676
28,391/33,1,0.3889570617675773
28,391/33,3,0.8886283874511722
28,391/33,4,1.0748206329345695
28,391/33,5,1.4025305938720702
28,391/33,6,1.4054486846923826
28,391/33,7,1.9386373901367193
28,391/33,8,1.930664424896241
28,391/33,9,1.7120057296752922
28,391/33,10,1.6424741744995117
28,391/33,11,1.499207687377929
28,391/437,1,0.027683067321778054
28,391/437,3,0.10412376403808565
28,391/437,4,0.40618827819824155
28,391/437,5,0.36714889526367145
28,391/437,6,0.3402066040039067
28,391/437,7,0.5406823348999019
28,391/437,8,0.4643649291992187
28,391/437,9,0.506994171142578
28,391/437,10,0.439466819763183
28,391/437,11,0.020570831298828196
28,404/69,1,0.4237902069091799
28,404/69,2,0.3957139968872072
28,404/69,3,0.5498534584045407
28,404/69,4,1.0946798133850102
28,404/69,5,0.08717866897583004
28,404/69,6,0.7353384017944338
28,404/69,7,0.3999867248535156
28,404/69,8,0.0076225090026857956
28,404/69,9,0.3902443885803226
28,404/69,10,0.019725360870361364
28,404/69,11,0.16265256881713874
28,404/69,12,0.7666854667663578
28,405/17,1,0.43619657039642323
28,405/17,3,0.3191083455085755
28,405/17,4,0.20451458692550661
28,405/17,5,0.29139654874801635
28,405/17,6,0.24118323326110835
28,405/17,7,0.1751394605636597
28,405/17,8,0.28436851501464844
28,405/17,9,0.37314687252044676
28,405/17,10,0.4196502494812011
28,405/17,11,0.41370394706726077
28,405/34,1,0.08257087707519517
28,405/34,2,0.4188269233703612
28,405/34,3,0.41602905273437507
28,405/34,4,0.12329231262207019
28,405/34,5,0.20473079681396467
28,405/34,6,0.21964164733886715
28,405/34,7,0.31540710449218734
28,405/34,8,0.03340463638305646
28,405/34,9,0.0645725059509279
28,405/34,10,0.16019617080688464
28,405/34,11,0.3149958133697508
28,405/34,12,0.5443852233886717
28,418/15,1,0.05272619247436516
28,418/15,3,0.010819311141967769
28,418/15,4,0.44117471694946286
28,418/15,5,0.48879796743392934
28,418/15,6,0.3000175118446351
28,418/15,7,0.4278892350196839
28,418/15,8,0.4674336194992066
28,418/15,9,0.27163666725158686
28,418/15,10,0.32758853435516366
28,418/15,11,0.39925948143005363
28,418/4,1,0.10982040405273441
28,418/4,2,0.37141849994659415
28,418/4,3,0.08412205219268798
28,418/4,4,0.18305944442749023
28,418/4,5,0.2797881603240966
28,418/4,6,0.07420456409454346
28,418/4,7,0.02361629009246835
28,418/4,8,0.053891482353210396
28,418/4,9,0.048970298767089915
28,418/4,10,0.016395444869995224
28,418/4,12,0.1030086421966554
29,330/183,1,1.6402710247039796
29,330/183,2,2.6166969108581544
29,330/183,4,1.8811463356018066
29,330/183,5,0.8496917533874511
29,330/183,6,0.6112202739715575
29,330/183,7,1.0956176471710206
29,330/183,8,0.39074753284454355
29,330/183,9,0.04845705986022941
29,330/183,10,0.1175637769699096
29,330/183,11,1.639193525314331
29,330/183,12,2.1863413047790528
29,331/2,1,1.3817087936401364
29,331/2,2,1.0272017288208009
29,331/2,3,0.6747040748596191
29,331/2,4,0.2056062507629397
29,331/2,5,1.0900912475585933
29,331/2,6,0.4486577224731443
29,331/2,7,0.4023132514953609
29,331/2,8,0.8056084823608396
29,331/2,9,0.772147979736328
29,331/2,10,0.10165683746337884
29,331/2,11,0.2415147018432613
29,331/2,12,0.6512198257446293
29,341/17,1,0.0828744125366212
29,341/17,2,0.4207483863830568
29,341/17,3,0.449720211029053
29,341/17,4,0.8010858726501464
29,341/17,5,0.43735216140747113
29,341/17,8,0.046129302978515696
29,341/17,9,0.24711643218994084
29,341/17,11,0.21410133361816364
29,341/17,12,0.022457103729248473
29,342/78,1,0.8673837661743162
29,342/78,2,0.22549225807189943
29,342/78,3,0.5347659969329834
29,342/78,4,2.5597788333892826
29,342/78,5,2.609144172668457
29,342/78,6,2.5297626113891605
29,342/78,7,2.819365186691284
29,342/78,8,1.4007812213897708
29,342/78,9,1.2987994766235351
29,342/78,10,1.440152635574341
29,342/78,11,1.37754186630249
29,342/78,12,0.8714234733581545
29,342/97,1,1.9556223869323732
29,377/54,1,0.4176798629760743
29,377/54,2,0.3962189102172853
29,377/54,3,0.4155950736999512
29,377/54,4,0.40854635238647496
29,377/54,5,4.653892230987548
29,377/54,6,2.07896842956543
29,377/54,7,1.8337127685546868
29,377/54,8,2.724760437011719
29,377/54,9,1.3741071701049803
29,377/54,10,0.7067757606506344
29,377/54,11,0.19891443252563512
29,377/54,12,0.18173837661743164
29,377/86,1,0.27108745574951154
29,377/86,2,0.2370812225341794
29,377/86,4,0.01323596954345696
29,377/86,5,0.20961973190307637
29,377/86,6,0.2492094421386719
29,377/86,7,0.15007381439208967
29,377/86,8,0.21544702529907234
29,377/86,9,0.029532508850097727
29,377/86,10,0.17925117492675824
29,377/86,11,0.017011642456054688
29,377/86,12,0.7797912597656254
29,377/94,1,0.08150784492492669
29,377/94,2,0.11907478332519528
29,377/94,4,0.19419337272644022
29,377/94,5,0.34012362480163594
29,377/94,6,0.3407941627502442
29,377/94,7,0.31582936286926255
29,377/94,8,0.02475398063659684
29,377/94,9,0.04523630142211932
29,377/94,10,0.14177936553955073
29,377/94,11,0.01941661834716779
29,377/94,12,0.1845688819885254
29,390/208,1,0.28126588821411147
29,390/208,2,1.9575288867950436
29,390/208,3,0.24621910095214883
29,390/208,4,0.3528954124450685
29,390/208,5,0.08185625076293945
29,390/208,6,0.40156723022460916
29,390/208,7,0.5261636352539059
29,390/208,8,0.42398792266845664
29,390/208,9,0.31398864746093746
29,390/208,10,0.6087970352172851
29,390/208,11,0.759918842315674
29,390/208,12,0.8823846435546878
29,391/243,1,0.22902413368225094
29,391/243,2,0.33810058593750014
29,391/243,3,0.1488073921203612
29,391/243,4,0.02232517242431653
29,391/243,5,0.15146557807922356
29,391/243,6,0.19233471870422347
29,391/243,7,0.07666620254516587
29,391/243,8,0.30452748298645016
29,391/243,9,0.22905617713928184
29,391/243,10,0.18990509033203118
29,391/243,11,0.08114344596862777
29,391/243,12,0.05048714637756335
29,391/33,1,0.10973693847656207
29,391/33,2,0.4810629272460929
29,391/33,4,0.8862623214721683
29,391/33,5,1.0697451782226555
29,391/33,6,1.3648881149291991
29,391/33,7,1.334353218078613
29,391/33,8,1.9974781417846685
29,391/33,9,1.9819582748413094
29,391/33,10,1.729752655029296
29,391/33,11,1.6542978286743164
29,391/33,12,1.5119487762451165
29,391/437,1,0.5530250167846678
29,391/437,2,0.29203777313232493
29,391/437,4,0.015070610046386435
29,391/437,5,0.08744838714599545
29,391/437,6,0.11012699127197223
29,391/437,7,0.3778242874145512
29,391/437,8,0.6396660995483394
29,391/437,9,0.6352433395385741
29,391/437,10,0.6916703414916991
29,391/437,11,0.5220864868164057
29,391/437,12,0.08837707519531257
29,404/69,1,0.8970574378967289
29,404/69,2,0.7040774726867678
29,404/69,3,0.7127477645874025
29,404/69,4,0.5712672615051266
29,404/69,5,1.2796287345886235
29,404/69,6,0.2174515342712402
29,404/69,7,0.7533108711242678
29,404/69,8,0.42591474533081053
29,404/69,9,0.010847301483154048
29,404/69,10,0.3809494018554691
29,404/69,11,0.12066892623901371
29,404/69,12,0.05536071777343743
29,405/17,1,0.09149844169616705
29,405/17,2,0.4197907495498656
29,405/17,4,0.30657849550247196
29,405/17,5,0.22715564966201784
29,405/17,6,0.30580811738967895
29,405/17,7,0.2928062796592712
29,405/17,8,0.20645764827728275
29,405/17,9,0.2887156009674072
29,405/17,10,0.39110813617706297
29,405/17,11,0.42507594108581537
29,405/17,12,0.4305365371704102
29,405/34,1,0.26136119842529304
29,405/34,2,0.3071559333801268
29,405/34,3,0.8125887966156005
29,405/34,4,0.6690872478485108
29,405/34,5,0.26664482116699206
29,405/34,6,0.14742021560668928
29,405/34,7,0.16582866668701168
29,405/34,8,0.25397951126098617
29,405/34,9,0.021667194366455256
29,405/34,10,0.06063192367553727
29,405/34,11,0.15849219322204577
29,405/34,12,0.35853700637817365
29,418/15,1,0.16765148162841803
29,418/15,2,0.014215903282165598
29,418/15,4,0.19616461277008057
29,418/15,5,0.1669811916351318
29,418/15,6,0.2877276587486266
29,418/15,7,0.3156907320022584
29,418/15,8,0.518412835597992
29,418/15,9,0.4057915091514588
29,418/15,10,0.2739438438415527
29,418/15,11,0.3130638360977174
29,418/15,12,0.37977806091308586
29,418/4,1,0.06071386337280282
29,418/4,2,0.13129786491394047
29,418/4,3,0.3164646863937377
29,418/4,4,0.0815919542312622
29,418/4,5,0.18415795803070067
29,418/4,6,0.2721979856491088
29,418/4,7,0.07825255393981934
29,418/4,8,0.01875481605529794
29,418/4,9,0.028217973709106392
29,418/4,10,0.04431994438171394
29,418/4,11,0.023901100158691513
30,330/183,1,0.058138651847839284
30,330/183,2,1.707882480621338
30,330/183,3,2.6478601264953614
30,330/183,5,1.9185451507568358
30,330/183,6,0.8501724052429198
30,330/183,7,0.5939823722839355
30,330/183,8,1.0961240482330323
30,330/183,9,0.35124979972839365
30,330/183,10,0.07100376129150399
30,330/183,11,0.12710493087768548
30,330/183,12,1.8343303108215332
30,331/2,1,0.02886157989501914
30,331/2,2,1.5647584724426267
30,331/2,3,1.0804448890686036
30,331/2,4,0.7013211250305176
30,331/2,5,0.03271177291870142
30,331/2,6,0.13651559829711957
30,331/2,7,0.18171861648559595
30,331/2,8,0.23821403503417926
30,331/2,9,0.6745483589172361
30,331/2,10,0.7014044189453124
30,331/2,11,0.14656631469726555
30,331/2,12,0.1610694122314449
30,341/17,1,0.06961788177490202
30,341/17,2,0.1507912826538087
30,341/17,3,0.38556972503662124
30,341/17,4,0.35236007690429716
30,341/17,5,0.5002907943725585
30,341/17,6,0.4228687095642094
30,341/17,9,0.13734014511108406
30,341/17,10,0.2210038757324213
30,341/17,12,0.20977499008178668
30,342/78,1,0.09374466896057143
30,342/78,2,0.8535998344421385
30,342/78,3,0.25682308197021486
30,342/78,4,0.4186716461181641
30,342/78,5,2.6788820266723636
30,342/78,6,2.9216403579711914
30,342/78,7,3.043302402496338
30,342/78,8,2.5687772464752197
30,342/78,9,1.1844061088562015
30,342/78,10,0.6567864036560058
30,342/78,11,0.7680003547668459
30,342/78,12,0.8473747634887694
30,342/97,1,1.9556223869323732
30,377/54,1,0.4321630764007569
30,377/54,2,0.432902708053589
30,377/54,3,0.47139169692993166
30,377/54,4,0.27718343734741246
30,377/54,5,4.603536319732665
30,377/54,6,1.9921564102172855
30,377/54,7,1.894985389709472
30,377/54,8,1.750395202636719
30,377/54,9,1.3108280181884764
30,377/54,10,0.7141290664672848
30,377/54,11,0.14522542953491246
30,377/86,1,0.5456354141235353
30,377/86,2,0.6123297691345213
30,377/86,3,0.5816575813293454
30,377/86,5,0.03742401123046868
30,377/86,6,0.19670531272888203
30,377/86,7,0.12151030540466312
30,377/86,8,0.131693649291992
30,377/86,9,0.202915267944336
30,377/86,10,0.056205825805664134
30,377/86,11,0.033880214691162536
30,377/86,12,0.0978689193725586
30,377/94,1,0.03579961776733409
30,377/94,2,0.09741632461547844
30,377/94,3,0.1712317085266113
30,377/94,5,0.2874410247802732
30,377/94,6,0.28597113609313984
30,377/94,7,0.29608304977417
30,377/94,8,0.3178835773468016
30,377/94,9,0.001760416030883949
30,377/94,10,0.04760880470275897
30,377/94,11,0.12957233428955073
30,377/94,12,0.024933147430419744
30,390/208,1,0.03171354293823203
30,390/208,2,0.34535089492797866
30,390/208,3,1.955978212356567
30,390/208,4,0.1513218307495121
30,390/208,5,0.35539117813110366
30,390/208,6,0.1492633819580078
30,390/208,7,0.446307907104492
30,390/208,8,0.4920950508117672
30,390/208,9,0.40897565841674766
30,390/208,10,0.30374999999999996
30,390/208,11,0.6034440612792968
30,390/208,12,0.7056342697143556
30,391/243,1,0.10225050926208512
30,391/243,2,0.3024239158630371
30,391/243,3,0.4762293434143068
30,391/243,4,0.23134528160095202
30,391/243,5,0.010599746704101687
30,391/243,6,0.09937660217285149
30,391/243,7,0.2180958461761473
30,391/243,8,0.04092225074768052
30,391/243,9,0.25267382621765133
30,391/243,10,0.2045009708404537
30,391/243,11,0.17853395462036126
30,391/243,12,0.03983456611633285
30,391/33,1,0.06284130096435625
30,391/33,2,0.11207344055175739
30,391/33,3,0.45428852081298743
30,391/33,5,0.9976886749267582
30,391/33,6,1.2507868957519523
30,391/33,7,1.5786275100708007
30,391/33,8,1.5656650161743162
30,391/33,9,2.088019981384278
30,391/33,10,1.932812576293946
30,391/33,11,1.6871558380126945
30,391/33,12,1.6229171752929688
30,391/437,1,0.04155918121337976
30,391/437,2,0.5517003631591795
30,391/437,3,0.2944429397583015
30,391/437,5,0.05091445922851534
30,391/437,6,0.0777504730224603
30,391/437,7,0.13383724212646442
30,391/437,8,0.33184192657470746
30,391/437,9,0.6759982299804683
30,391/437,10,0.6370677185058593
30,391/437,11,0.7695826721191406
30,391/437,12,0.46701560974121037
30,404/69,1,0.20789730072021495
30,404/69,2,0.5961398124694828
30,404/69,3,0.7078478240966799
30,404/69,4,0.7029864311218263
30,404/69,5,0.5027977371215817
30,404/69,6,1.2014193344116215
30,404/69,7,0.08620115280151364
30,404/69,8,0.699361038208008
30,404/69,9,0.5040936279296875
30,404/69,10,0.06602069854736303
30,404/69,11,0.38931503295898473
30,404/69,12,0.1602173233032227
30,405/17,1,0.11032521724700928
30,405/17,2,0.1016522121429444
30,405/17,3,0.4399184036254882
30,405/17,5,0.2964492225646973
30,405/17,6,0.21767219305038454
30,405/17,7,0.34343605279922484
30,405/17,8,0.26406295299530025
30,405/17,9,0.2619130945205689
30,405/17,10,0.3347666263580322
30,405/17,11,0.44295130252838133
30,405/17,12,0.4677564430236816
30,405/34,1,0.28271331787109366
30,405/34,2,0.3506220149993897
30,405/34,3,0.3742767238616942
30,405/34,4,0.9177087402343749
30,405/34,5,0.757135705947876
30,405/34,6,0.2907289123535155
30,405/34,7,0.1571140766143797
30,405/34,8,0.1636936283111572
30,405/34,9,0.29534155845642074
30,405/34,10,0.18178744316101092
30,405/34,11,0.20489757537841813
30,405/34,12,0.304082736968994
30,418/15,1,0.05625136852264401
30,418/15,2,0.15269441127777106
30,418/15,3,0.03391511917114265
30,418/15,5,0.18932199954986573
30,418/15,6,0.16956368207931516
30,418/15,7,0.2890973138809203
30,418/15,8,0.3326197028160096
30,418/15,9,0.4537482333183289
30,418/15,10,0.4299204230308533
30,418/15,11,0.3119936609268188
30,418/15,12,0.3305670976638795
30,418/4,1,0.05589113235473642
30,418/4,2,0.13059739112854007
30,418/4,3,0.3609239101409911
30,418/4,4,0.09544800758361816
30,418/4,5,0.17016886711120605
30,418/4,6,0.18355538845062247
30,418/4,7,0.08232724666595459
30,418/4,8,0.0674232006072999
30,418/4,9,0.025395336151122994
30,418/4,10,0.040781097412109446
30,418/4,11,0.015550489425659286
31,330/183,1,0.030709171295165927
31,330/183,2,0.09546370983123786
31,330/183,3,1.6271854209899903
31,330/183,4,2.7806144523620606
31,330/183,6,1.7429744243621825
31,330/183,7,1.0176802921295165
31,330/183,8,0.7555843925476073
31,330/183,9,1.1133433532714845
31,330/183,10,0.3839177942276002
31,330/183,11,0.10795942306518547
31,330/183,12,0.16272418975830072
31,331/2,1,0.6452908325195317
31,331/2,2,0.6162486648559566
31,331/2,3,1.4504582214355466
31,331/2,4,1.029793815612793
31,331/2,5,0.869293212890625
31,331/2,6,0.3012612152099612
31,331/2,7,0.4643845748901363
31,331/2,8,0.25158617019653295
31,331/2,9,0.606335182189941
31,331/2,10,0.7847363662719724
31,331/2,11,0.73321231842041
31,331/2,12,0.13171379089355462
31,341/17,1,0.16503347396850554
31,341/17,2,0.38233243942260753
31,341/17,3,0.7779776191711427
31,341/17,4,0.7658065032958987
31,341/17,5,0.7786163520812988
31,341/17,6,0.34549520492553754
31,341/17,9,0.1298385429382325
31,341/17,10,0.23923145294189396
31,342/78,1,0.0963228225708006
31,342/78,2,0.05651959419250474
31,342/78,3,0.8474429130554197
31,342/78,4,0.3168540191650391
31,342/78,5,0.37943295478820804
31,342/78,6,2.823118352890015
31,342/78,7,2.7678227043151855
31,342/78,8,2.857363090515137
31,342/78,9,2.838302774429321
31,342/78,10,1.445243663787842
31,342/78,11,1.263757905960083
31,342/78,12,1.4152440929412844
31,342/97,1,1.9556223869323732
31,377/54,1,0.12459232330322223
31,377/54,3,0.38169606208801277
31,377/54,4,0.43863476753234876
31,377/54,5,0.36375643730163576
31,377/54,6,0.17937364578247106
31,377/54,7,4.6458999633789055
31,377/54,8,1.9802011489868168
31,377/54,9,1.7928936004638665
31,377/54,10,1.7173322677612308
31,377/54,11,1.30681734085083
31,377/54,12,0.6811295509338375
31,377/86,1,0.005088005065918111
31,377/86,2,0.5307709693908693
31,377/86,3,0.5871770858764647
31,377/86,4,0.4609262275695798
31,377/86,6,0.09711830139160149
31,377/86,7,0.1184525203704836
31,377/86,8,0.1401229286193848
31,377/86,9,0.20030288696289045
31,377/86,10,0.18524868965148933
31,377/86,11,0.010583801269531179
31,377/86,12,0.07327840805053754
31,377/94,1,0.0456153869628908
31,377/94,2,0.045115594863891495
31,377/94,3,0.002624826431274485
31,377/94,4,0.07338186264038082
31,377/94,6,0.15667344093322733
31,377/94,7,0.24725839614868184
31,377/94,8,0.2636605072021485
31,377/94,9,0.2566486263275145
31,377/94,10,0.08096200942993148
31,377/94,11,0.11575384140014666
31,377/94,12,0.16325634956359858
31,390/208,1,1.3857950592041015
31,390/208,2,0.2952584648132328
31,390/208,3,0.08304992675781264
31,390/208,4,2.0510910129547115
31,390/208,5,0.0758199119567875
31,390/208,6,0.38377443313598647
31,390/208,7,0.08530282974243164
31,390/208,8,0.356985340118408
31,390/208,9,0.31566673278808555
31,390/208,10,0.294986305236816
31,390/208,11,0.2112392997741699
31,390/208,12,0.35202547073364254
31,391/243,1,0.15359054565429675
31,391/243,2,0.1007095050811766
31,391/243,3,0.19579621315002438
31,391/243,4,0.37601843833923354
31,391/243,5,0.23446045875549304
31,391/243,6,0.0010055446624757103
31,391/243,7,0.12115756988525384
31,391/243,8,0.18996293067932113
31,391/243,9,0.025027360916137553
31,391/243,10,0.3008064842224121
31,391/243,11,0.20502573013305625
31,391/243,12,0.16911904335021966
31,391/33,1,0.17844825744628956
31,391/33,2,0.17385494232177656
31,391/33,3,0.23757602691650348
31,391/33,4,0.4720926666259757
31,391/33,6,0.9695400238037113
31,391/33,7,1.3327552032470695
31,391/33,8,1.5653161239624023
31,391/33,9,1.553922424316406
31,391/33,10,2.0614382171630865
31,391/33,11,1.8564909744262703
31,391/33,12,1.6793423843383781
31,391/437,1,0.2552072525024407
31,391/437,2,0.0661773300170907
31,391/437,3,0.6323630905151365
31,391/437,4,0.26188735961914134
31,391/437,6,0.08465606689453153
31,391/437,7,0.05700996398925717
31,391/437,8,0.13686134338378864
31,391/437,9,0.37766025543212933
31,391/437,10,0.6139674377441402
31,391/437,11,0.6744574737548827
31,391/437,12,0.6965607833862304
31,404/69,1,1.2034378814697266
31,404/69,2,0.7573326873779296
31,404/69,3,1.1977614402771
31,404/69,4,1.3460285568237307
31,404/69,5,0.907775115966797
31,404/69,6,0.7275515937805173
31,404/69,7,1.279270629882813
31,404/69,8,0.192184886932373
31,404/69,9,0.7851707458496096
31,404/69,10,0.43256948471069334
31,404/69,11,0.031273574829101314
31,404/69,12,0.4645051002502445
31,405/17,1,0.03900418281555185
31,405/17,2,0.13170123100280762
31,405/17,3,0.14518053054809577
31,405/17,4,0.46049678802490224
31,405/17,6,0.31320253849029545
31,405/17,7,0.22561618089675906
31,405/17,8,0.3068749213218689
31,405/17,9,0.3047267317771911
31,405/17,10,0.19494763374328616
31,405/17,11,0.27395737171173096
31,405/17,12,0.35864887714385985
31,405/34,1,0.009397897720337056
31,405/34,2,0.2702096939086913
31,405/34,3,0.32644017219543464
31,405/34,4,0.46954854965209947
31,405/34,5,0.9368234729766844
31,405/34,6,0.7803278732299805
31,405/34,7,0.2878917312622069
31,405/34,8,0.14509372711181623
31,405/34,9,0.16423531532287594
31,405/34,10,0.2975156974792479
31,405/34,11,0.1763503074645998
31,405/34,12,0.04538076400756852
31,418/15,1,0.09538573265075678
31,418/15,2,0.08405915737152103
31,418/15,3,0.03667754650115973
31,418/15,4,0.030934019088745046
31,418/15,6,0.008789713382720943
31,418/15,7,0.4053927373886108
31,418/15,8,0.39969939470291127
31,418/15,9,0.27817527055740365
31,418/15,10,0.40480405807495123
31,418/15,11,0.44705091714859013
31,418/15,12,0.3056551837921142
31,418/4,1,0.06771791458129872
31,418/4,3,0.020411872863769442
31,418/4,4,0.050885477066040075
31,418/4,5,0.365623378753662
31,418/4,6,0.09736632347106933
31,418/4,7,0.19622134208679198
31,418/4,8,0.2572765588760375
31,418/4,9,0.04736018180847168
31,418/4,10,0.14000568389892587
31,418/4,11,0.08119731903076177
31,418/4,12,0.05928714752197273
32,330/183,1,0.012891674041747958
32,330/183,2,0.025982761383056552
32,330/183,3,0.03979797840118415
32,330/183,4,1.3770817089080811
32,330/183,5,2.364085512161255
32,330/183,7,1.483430528640747
32,330/183,8,0.39684415340423573
32,330/183,9,0.4214092826843261
32,330/183,10,0.8356382799148561
32,330/183,11,0.20741485118865977
32,330/183,12,0.11797961235046395
32,331/2,1,0.26978046417236357
32,331/2,2,0.6335902023315434
32,331/2,3,0.5256200408935543
32,331/2,4,1.3938309478759763
32,331/2,5,1.024441318511963
32,331/2,6,0.8660173416137695
32,331/2,7,0.16844347000122095
32,331/2,8,0.10638763427734332
32,331/2,9,0.05707094192504858
32,331/2,10,0.2789607238769527
32,331/2,11,0.7798545074462888
32,331/2,12,0.9029658699035643
32,341/17,1,0.11446414947509709
32,341/17,3,0.21480478286743132
32,341/17,4,0.4076305580139161
32,341/17,5,0.7775637245178224
32,341/17,6,0.7575824928283694
32,341/17,7,0.718865795135498
32,341/17,8,0.36638830184936566
32,341/17,11,0.1419535446166993
32,341/17,12,0.1757768249511713
32,342/78,1,0.799948425292969
32,342/78,2,0.710920286178589
32,342/78,3,0.6995767688751222
32,342/78,4,0.2719301700592043
32,342/78,5,0.5052954959869385
32,342/78,6,0.9705107593536377
32,342/78,7,2.0980564594268802
32,342/78,8,3.195990047454834
32,342/78,9,3.0260976409912113
32,342/78,10,2.3370362949371337
32,342/78,11,1.3762555789947513
32,342/78,12,1.1852640724182129
32,342/97,1,1.9556223869323732
32,377/54,1,0.4490247726440426
32,377/54,2,0.6089759063720699
32,377/54,4,0.47010238647460945
32,377/54,5,0.4323066616058351
32,377/54,6,0.4841356468200684
32,377/54,7,0.408311748504639
32,377/54,8,4.581436347961425
32,377/54,9,1.9644321441650394
32,377/54,10,1.7166730880737298
32,377/54,11,1.7092823028564457
32,377/54,12,1.4273579597473143
32,377/86,1,0.7854165267944335
32,377/86,2,0.07356134414672866
32,377/86,3,0.5887414932250978
32,377/86,4,0.4310577392578123
32,377/86,5,0.37029808044433565
32,377/86,7,0.02751548767089851
32,377/86,8,0.22610995292663594
32,377/86,9,0.36150673866271976
32,377/86,10,0.33806233406066877
32,377/86,11,0.23095520019531257
32,377/86,12,0.20551149368286126
32,377/94,1,0.033955850601196325
32,377/94,2,0.06899948120117205
32,377/94,3,0.06274784088134755
32,377/94,4,0.02337233543395989
32,377/94,5,0.059507093429565394
32,377/94,7,0.13893342971801736
32,377/94,8,0.20206615447998066
32,377/94,9,0.26421721458435066
32,377/94,10,0.302374448776245
32,377/94,11,0.028054065704345543
32,377/94,12,0.06223435401916522
32,390/208,1,0.15082193374633768
32,390/208,2,1.3175267601013183
32,390/208,3,0.20588916778564492
32,390/208,4,0.07406106948852553
32,390/208,5,2.242045459747314
32,390/208,6,0.0693196678161625
32,390/208,7,0.2760030364990236
32,390/208,8,0.01420736312866211
32,390/208,9,0.5001938438415525
32,390/208,10,0.3622284507751461
32,390/208,11,0.2901812171936031
32,390/208,12,0.1888727760314941
32,391/243,1,0.022333784103393484
32,391/243,2,0.11261425971984851
32,391/243,3,0.15679676055908187
32,391/243,4,0.02269168853759762
32,391/243,5,0.3241132831573488
32,391/243,6,0.2272220706939696
32,391/243,7,0.026275053024292117
32,391/243,8,0.10568563461303704
32,391/243,9,0.23045284271240218
32,391/243,10,0.05713328361511216
32,391/243,11,0.2819196796417236
32,391/243,12,0.19029098510742148
32,391/33,1,0.3916389083862306
32,391/33,2,0.33318477630615284
32,391/33,3,0.21506416320800703
32,391/33,4,0.3198399734497066
32,391/33,5,0.5235557937622062
32,391/33,7,0.8849243164062504
32,391/33,8,1.0718117904663078
32,391/33,9,1.3666638565063476
32,391/33,10,1.344038734436035
32,391/33,11,1.9496694946289068
32,391/33,12,1.9118522453308113
32,391/437,1,0.1814181518554694
32,391/437,2,0.2024810791015632
32,391/437,3,0.030927619934082884
32,391/437,4,0.5071923828124998
32,391/437,5,0.3583190917968757
32,391/437,7,0.08070213317871122
32,391/437,8,0.05805328369140561
32,391/437,9,0.14670612335205035
32,391/437,10,0.39917991638183636
32,391/437,11,0.6948647689819332
32,391/437,12,0.8928708267211913
32,404/69,1,0.0277776241302492
32,404/69,2,1.2210279273986817
32,404/69,3,0.6828581142425536
32,404/69,4,1.143696212768555
32,404/69,5,1.1223351860046389
32,404/69,6,0.8929783821105959
32,404/69,7,0.7626291656494137
32,404/69,8,1.1711153793334965
32,404/69,9,0.006070575714111293
32,404/69,10,0.7112681388854982
32,404/69,11,0.36042402267456053
32,404/69,12,0.06883689880371069
32,405/17,1,0.05259945392608634
32,405/17,2,0.0367464780807496
32,405/17,3,0.11779475212097168
32,405/17,4,0.09678596973419196
32,405/17,5,0.4617000865936278
32,405/17,7,0.33650753736495975
32,405/17,8,0.22961839437484743
32,405/17,9,0.3211154246330261
32,405/17,10,0.25061876773834224
32,405/17,11,0.16800120830535892
32,405/17,12,0.2797812819480896
32,405/34,1,0.06177907943725591
32,405/34,2,0.02248939514160142
32,405/34,3,0.2521721363067626
32,405/34,4,0.34282930374145515
32,405/34,5,0.48551901817321763
32,405/34,6,0.98158465385437
32,405/34,7,0.7827809619903565
32,405/34,8,0.2828849411010741
32,405/34,9,0.11453490257263166
32,405/34,10,0.16318102836608883
32,405/34,11,0.3282302093505858
32,405/34,12,0.1744296073913576
32,418/15,1,0.017891235351562562
32,418/15,2,0.07084149360656733
32,418/15,3,0.08920125007629398
32,418/15,4,0.05697829246521002
32,418/15,5,0.06818561077117913
32,418/15,7,0.001715009212493901
32,418/15,8,0.42349389314651487
32,418/15,9,0.5107049989700316
32,418/15,10,0.2941522955894471
32,418/15,11,0.39096111774444586
32,418/15,12,0.39762907028198247
32,418/4,1,0.16041382312774655
32,418/4,2,0.023862009048461807
32,418/4,4,0.00671253204345712
32,418/4,5,0.09401802062988285
32,418/4,6,0.35487821102142325
32,418/4,7,0.10169087886810302
32,418/4,8,0.18820773601531982
32,418/4,9,0.2632335662841796
32,418/4,10,0.08405888080596924
32,418/4,11,0.024014091491699308
32,418/4,12,0.06356019020080561
33,330/183,1,0.1794187116622925
33,330/183,2,0.0734063148498536
33,330/183,3,0.0881840229034423
33,330/183,4,0.07941229820251472
33,330/183,5,1.614228563308716
33,330/183,6,2.434238271713257
33,330/183,8,1.5219029426574706
33,330/183,9,0.4646630334854125
33,330/183,10,0.421000633239746
33,330/183,11,0.8435779762268067
33,330/183,12,0.2865177249908448
33,331/2,1,0.2300803375244138
33,331/2,2,0.16468889236450224
33,331/2,3,0.46075914382934613
33,331/2,4,0.5128145790100094
33,331/2,5,1.416960411071777
33,331/2,6,1.0321408081054688
33,331/2,7,0.8080711364746094
33,331/2,8,0.19447496414184595
33,331/2,9,0.06294013977050739
33,331/2,10,0.0817482185363767
33,331/2,11,0.3569064331054683
33,331/2,12,0.9243619155883787
33,341/17,1,0.33545124053955
33,341/17,2,0.16302286148071232
33,341/17,4,0.17180599212646452
33,341/17,5,0.3332863998413087
33,341/17,6,0.7541314697265626
33,341/17,7,0.7542389106750491
33,341/17,8,0.6683892440795898
33,341/17,9,0.3379850196838383
33,341/17,12,0.06849773406982429
33,342/78,1,2.4709191656112672
33,342/78,2,1.6160244655609133
33,342/78,3,0.6359920024871828
33,342/78,4,0.7327405548095705
33,342/78,5,0.21147365570068377
33,342/78,6,0.43218944549560545
33,342/78,7,1.0102494144439698
33,342/78,8,2.1367954254150394
33,342/78,9,3.1623539543151855
33,342/78,10,2.966070995330811
33,342/78,11,2.3403641414642333
33,342/78,12,1.0954800319671634
33,342/97,1,1.9556223869323732
33,377/54,1,0.019967079162597656
33,377/54,2,0.5076485633850094
33,377/54,3,0.6056833457946773
33,377/54,5,0.4405427742004395
33,377/54,6,0.453567876815796
33,377/54,7,0.3768055629730225
33,377/54,8,0.253885650634766
33,377/54,9,4.775793743133544
33,377/54,10,1.9883350372314457
33,377/54,11,1.761811447143554
33,377/54,12,1.7581056594848636
33,377/86,1,0.15164890289306676
33,377/86,2,0.790607852935791
33,377/86,3,0.14644065856933608
33,377/86,4,0.5934249877929689
33,377/86,5,0.5490124702453612
33,377/86,6,0.4655172157287595
33,377/86,8,0.5080071258544923
33,377/86,9,0.04130771636962871
33,377/86,10,0.03646186828613285
33,377/86,11,0.07821445465087873
33,377/86,12,0.14562614440917976
33,377/94,1,0.04167593002319325
33,377/94,2,0.013163051605224574
33,377/94,3,0.017276000976562678
33,377/94,4,0.00514901161193837
33,377/94,5,0.06298367500305169
33,377/94,6,0.10921426773071286
33,377/94,8,0.2196574306488035
33,377/94,9,0.2975804519653322
33,377/94,10,0.3316374588012696
33,377/94,11,0.29404076576232896
33,377/94,12,0.03756278038024918
33,390/208,1,0.3658524894714352
33,390/208,2,0.14366031646728494
33,390/208,3,1.3639921569824218
33,390/208,4,0.28926891326904336
33,390/208,5,0.08329835891723647
33,390/208,6,2.269142923355102
33,390/208,7,0.03342479705810586
33,390/208,8,0.30342164993286147
33,390/208,9,0.050755977630615234
33,390/208,10,0.5024755096435545
33,390/208,11,0.2958512878417965
33,390/208,12,0.43489986419677695
33,391/243,1,0.37983749389648436
33,391/243,2,0.2895043659210206
33,391/243,3,0.6355603790283202
33,391/243,4,0.39208085060119613
33,391/243,5,0.015122213363647496
33,391/243,6,0.29556218147277846
33,391/243,7,0.2524100399017333
33,391/243,8,0.006868972778320437
33,391/243,9,0.10301916122436516
33,391/243,10,0.143587656021118
33,391/243,11,0.0851536655426024
33,391/243,12,0.26334472656249996
33,391/33,1,0.1645897293090819
33,391/33,2,0.4971181488037111
33,391/33,3,0.42168956756591847
33,391/33,4,0.449800605773925
33,391/33,5,0.46721889495849567
33,391/33,6,0.7006731414794913
33,391/33,8,1.2418998718261722
33,391/33,9,1.5500003051757805
33,391/33,10,1.731375617980957
33,391/33,11,1.753084907531738
33,391/33,12,2.2781030082702642
33,391/437,1,0.15144168853759687
33,391/437,2,0.006931991577149077
33,391/437,3,0.35264415740966726
33,391/437,4,0.1534900283813485
33,391/437,5,0.6281602478027342
33,391/437,6,0.3118703842163093
33,391/437,8,0.10175067901611357
33,391/437,9,0.04458168029785092
33,391/437,10,0.14215995788574176
33,391/437,11,0.4189781951904301
33,391/437,12,0.6665139389038082
33,404/69,1,1.5099107551574709
33,404/69,2,1.0703168392181395
33,404/69,3,0.02396718978881829
33,404/69,4,0.064441318511963
33,404/69,5,0.562904262542725
33,404/69,6,0.6397974395751955
33,404/69,7,0.7268502235412599
33,404/69,8,0.4785372161865231
33,404/69,9,0.9372238922119145
33,404/69,10,0.05035070419311527
33,404/69,11,0.6678745269775392
33,404/69,12,0.3095783996582031
33,405/17,1,0.05750509500503542
33,405/17,2,0.07976403236389151
33,405/17,3,0.031969642639160245
33,405/17,4,0.12588000297546387
33,405/17,5,0.10926956653594977
33,405/17,6,0.4540567445755004
33,405/17,8,0.3151296758651734
33,405/17,9,0.22352799177169802
33,405/17,10,0.2993385100364685
33,405/17,11,0.21486253738403316
33,405/17,12,0.1715824937820435
33,405/34,1,0.043163995742797834
33,405/34,2,0.13138037681579595
33,405/34,3,0.03570047378540053
33,405/34,4,0.3201605319976806
33,405/34,5,0.353641586303711
33,405/34,6,0.4439977073669432
33,405/34,7,0.8937266921997069
33,405/34,8,0.8362191486358643
33,405/34,9,0.4438193893432616
33,405/34,10,0.022127819061279475
33,405/34,11,0.0193341159820557
33,405/34,12,0.33814579963684066
33,418/15,1,0.1340132880210877
33,418/15,2,0.20859975337982184
33,418/15,3,0.2491337084770202
33,418/15,4,0.15006665229797367
33,418/15,5,0.15084867954254144
33,418/15,6,0.2598467898368835
33,418/15,8,0.15940731287002563
33,418/15,9,0.38155135631561277
33,418/15,10,0.4566161084175109
33,418/15,11,0.30113366842269906
33,418/15,12,0.4243422222137452
33,418/4,1,0.49938168048858644
33,418/4,2,0.047786393165588414
33,418/4,3,0.08168948173522939
33,418/4,5,0.032703304290771396
33,418/4,6,0.09353212356567386
33,418/4,7,0.3956132173538207
33,418/4,8,0.08392380714416503
33,418/4,9,0.2060593271255493
33,418/4,10,0.26335527896881095
33,418/4,11,0.04173922538757324
33,418/4,12,0.13109514713287362
34,330/183,1,0.3097053813934325
34,330/183,2,0.4058400678634644
34,330/183,3,0.15902254581451425
34,330/183,4,0.063869333267212
34,330/183,5,0.12036653041839607
34,330/183,6,1.3729923534393311
34,330/183,7,2.484367208480835
34,330/183,9,1.546371841430664
34,330/183,10,0.7192870426177977
34,330/183,11,0.6829167938232421
34,330/183,12,0.9243437004089357
34,331/2,1,0.062015132904052805
34,331/2,2,0.23193475723266577
34,331/2,3,0.3007648658752444
34,331/2,4,0.48829219818115277
34,331/2,5,0.5385485267639156
34,331/2,6,1.3920776176452634
34,331/2,7,1.059348659515381
34,331/2,8,0.8096442222595215
34,331/2,9,0.2399986076354983
34,331/2,10,1.0527596664428707
34,331/2,11,0.2742392730712888
34,331/2,12,0.4609794807434078
34,341/17,1,0.4144369697570802
34,341/17,2,0.3111163330078117
34,341/17,3,0.23544012069702092
34,341/17,5,0.30128015518188445
34,341/17,6,0.4724155616760255
34,341/17,7,0.8611308670043947
34,341/17,8,0.790660209655762
34,341/17,9,0.7958978843688964
34,341/17,10,0.4288205909729008
34,342/78,1,0.3303619956970216
34,342/78,2,2.423127326965332
34,342/78,3,1.7941014480590822
34,342/78,4,0.7702536106109621
34,342/78,5,0.7457880115509035
34,342/78,6,0.208413076400757
34,342/78,7,0.38465664863586424
34,342/78,8,0.9331691646575928
34,342/78,9,2.029888534545899
34,342/78,10,2.0520023918151855
34,342/78,11,2.8171204185485843
34,342/78,12,1.1101187896728515
34,342/97,1,1.9556223869323732
34,377/54,1,2.9303455352783203
34,377/54,2,0.14884090423583984
34,377/54,3,0.4632011413574215
34,377/54,4,0.5901088905334468
34,377/54,6,0.4690845775604249
34,377/54,7,0.38522542953491223
34,377/54,8,0.3602068614959717
34,377/54,9,0.39485588073730504
34,377/54,10,4.763482761383056
34,377/54,11,1.873993301391602
34,377/54,12,2.03572769165039
34,377/86,1,0.2067715454101564
34,377/86,2,0.10883131027221715
34,377/86,3,0.648151798248291
34,377/86,4,0.11800685882568374
34,377/86,5,0.5564963340759279
34,377/86,6,0.45627002716064435
34,377/86,7,0.5280048179626462
34,377/86,9,0.047207908630371165
34,377/86,10,0.1780562114715578
34,377/86,11,0.1411152267456055
34,377/86,12,0.2030711650848387
34,377/94,1,0.19909270286560066
34,377/94,2,0.3302751827239989
34,377/94,3,0.4826798057556152
34,377/94,4,0.42471461296081525
34,377/94,5,0.5470679950714112
34,377/94,6,0.5010546874999999
34,377/94,7,0.4763946151733398
34,377/94,9,0.3641169166564939
34,377/94,10,0.3874060821533205
34,377/94,11,0.34220178604125984
34,377/94,12,0.29904278755187974
34,390/208,1,0.35127578735351594
34,390/208,2,0.18893302917480437
34,390/208,3,0.11514020919799783
34,390/208,4,1.3854307556152343
34,390/208,5,0.2923864746093754
34,390/208,6,0.11727586746215835
34,390/208,7,2.2232905006408687
34,390/208,8,0.015142860412598047
34,390/208,9,0.3289267158508302
34,390/208,10,0.04237222671508789
34,390/208,11,0.51757360458374
34,390/208,12,0.31905132293701133
34,391/243,1,0.08343181610107386
34,391/243,2,0.4744465160369873
34,391/243,3,0.29024680137634284
34,391/243,4,0.613934621810913
34,391/243,5,0.2612186145782469
34,391/243,6,0.14357999801635746
34,391/243,7,0.3556448554992677
34,391/243,8,0.2709864234924315
34,391/243,9,0.030013694763183718
34,391/243,10,0.10651556968688958
34,391/243,11,0.22090107917785629
34,391/243,12,0.10505708694457994
34,391/33,1,0.2895965003967289
34,391/33,2,0.08750947952270494
34,391/33,3,0.3828627204895021
34,391/33,4,0.389330444335938
34,391/33,5,0.500851745605468
34,391/33,6,0.4886775207519527
34,391/33,7,0.6724739456176749
34,391/33,9,1.2701171875000004
34,391/33,10,1.5666562271118156
34,391/33,11,1.7120618057250976
34,391/33,12,1.6669252014160154
34,391/437,1,0.11688068389892514
34,391/437,2,0.23024856567382734
34,391/437,3,0.27494743347167905
34,391/437,4,0.4468013763427727
34,391/437,5,0.19459243774414148
34,391/437,6,0.5564630126953123
34,391/437,7,0.2645938873291023
34,391/437,9,0.05335170745849638
34,391/437,10,0.05109050750732358
34,391/437,11,0.10435153961181598
34,391/437,12,0.37540195465087933
34,404/69,1,0.7513254165649412
34,404/69,2,1.9380299377441408
34,404/69,3,1.5119336128234862
34,404/69,4,0.4547828865051269
34,404/69,5,0.3479381752014161
34,404/69,6,0.21167030334472692
34,404/69,7,0.43516229629516623
34,404/69,8,0.408648204803467
34,404/69,9,0.692359580993652
34,404/69,10,1.1924891281127934
34,404/69,11,0.06493238449096683
34,404/69,12,0.7188608169555666
34,405/17,1,0.024539585113525386
34,405/17,2,0.05870207548141482
34,405/17,3,0.0892608404159545
34,405/17,4,0.04236111640930185
34,405/17,5,0.1248089075088501
34,405/17,6,0.104017562866211
34,405/17,7,0.4685193347930907
34,405/17,9,0.3176349186897278
34,405/17,10,0.2261157274246216
34,405/17,11,0.30896328926086425
34,405/17,12,0.30040861368179317
34,405/34,1,0.05484989166259768
34,405/34,2,0.021306018829345685
34,405/34,3,0.11219697952270513
34,405/34,4,0.00917133331298814
34,405/34,5,0.27988758087158194
34,405/34,6,0.40871842384338386
34,405/34,7,0.4727297687530516
34,405/34,8,0.9028624153137206
34,405/34,9,0.8239975738525391
34,405/34,10,0.42321263313293445
34,405/34,11,0.0021803855895994317
34,405/34,12,0.0076764011383057
34,418/15,1,0.005490982532501243
34,418/15,2,0.16000586032867437
34,418/15,3,0.21972287416458136
34,418/15,4,0.23635834693908686
34,418/15,5,0.16800908088684086
34,418/15,6,0.14270549297332757
34,418/15,7,0.2779186797142028
34,418/15,9,0.13460766792297363
34,418/15,10,0.34738120555877683
34,418/15,11,0.44748318672180165
34,418/15,12,0.25321379899978647
34,418/4,1,0.46444287776947024
34,418/4,2,0.06165121078491209
34,418/4,3,0.22430988311767575
34,418/4,4,0.011488313674926864
34,418/4,6,0.0603898525238038
34,418/4,7,0.142245569229126
34,418/4,8,0.3202662706375121
34,418/4,9,0.06558286190032958
34,418/4,10,0.20458053588867187
34,418/4,11,0.27669968605041495
34,418/4,12,0.0026634931564331055
35,330/183,1,0.5076583123207092
35,330/183,2,0.21052300453186046
35,330/183,3,0.06470313549041751
35,330/183,4,0.12310192584991464
35,330/183,5,0.10313591957092294
35,330/183,6,0.05578832149505608
35,330/183,7,1.565705614089966
35,330/183,8,2.550240116119385
35,330/183,10,1.9721786022186278
35,330/183,11,0.6394439983367919
35,330/183,12,0.9430712795257568
35,331/2,1,0.24020225524902372
35,331/2,2,0.05599267959594734
35,331/2,3,0.3014013481140134
35,331/2,4,0.261546440124512
35,331/2,5,0.4767613220214848
35,331/2,6,0.4694824790954586
35,331/2,7,1.1753203201293942
35,331/2,8,0.9057212638854981
35,331/2,9,0.8123722076416016
35,331/2,10,0.1235144424438479
35,331/2,11,0.017720718383788636
35,331/2,12,0.15425464630126928
35,341/17,1,0.6283041572570802
35,341/17,2,0.48657905578613203
35,341/17,3,0.45101819992065373
35,341/17,5,0.5209084892272946
35,341/17,6,0.5904523086547853
35,341/17,7,0.9788710212707521
35,341/17,8,0.7846663665771487
35,341/17,9,0.8184227180480956
35,341/17,10,0.38609836578369183
35,342/78,1,1.0170392608642578
35,342/78,2,0.7175494098663329
35,342/78,3,1.6335424518585206
35,342/78,4,0.7617253971099855
35,342/78,5,0.6097723960876467
35,342/78,6,0.5377318000793458
35,342/78,7,0.3038849353790285
35,342/78,8,0.3194935131072998
35,342/78,9,0.7686863327026368
35,342/78,10,2.092736387252808
35,342/78,11,2.643445453643799
35,342/78,12,2.3996075248718265
35,342/97,1,1.9556223869323732
35,377/54,1,1.9332056045532227
35,377/54,2,1.089451789855957
35,377/54,3,0.2149343490600586
35,377/54,4,0.46057949066162074
35,377/54,5,0.5514090251922603
35,377/54,7,0.4634557533264161
35,377/54,8,0.4122709178924562
35,377/54,9,0.5757637214660645
35,377/54,10,0.39320602416992223
35,377/54,11,4.686048221588134
35,377/54,12,1.926803016662598
35,377/86,1,1.0584925842285156
35,377/86,2,1.0372329425811766
35,377/86,3,0.6980582237243649
35,377/86,4,0.9864544105529784
35,377/86,5,0.13094726562500014
35,377/86,6,0.5233284950256349
35,377/86,7,0.5874355316162108
35,377/86,8,0.4552799987792966
35,377/86,10,0.07059963226318366
35,377/86,11,0.10218975067138691
35,377/86,12,0.142198600769043
35,377/94,1,0.009128265380859535
35,377/94,2,0.20908673286437995
35,377/94,3,0.34326398849487294
35,377/94,4,0.47150417327880856
35,377/94,5,0.4041533946990965
35,377/94,6,0.5282643985748292
35,377/94,7,0.49257103919982903
35,377/94,8,0.4478754615783691
35,377/94,10,0.30172706604003885
35,377/94,11,0.3195669364929201
35,377/94,12,0.2691663074493409
35,390/208,1,0.27783428192138704
35,390/208,2,0.4714902496337894
35,390/208,3,0.20885957717895476
35,390/208,4,0.007439365386963104
35,390/208,5,1.3914107704162597
35,390/208,6,0.2750720405578617
35,390/208,7,0.13825813293457045
35,390/208,8,2.3511252975463863
35,390/208,9,0.00656991958618125
35,390/208,10,0.3352114295959474
35,390/208,11,0.046721458435058594
35,390/208,12,0.5338633155822752
35,391/243,1,0.7074593639373781
35,391/243,2,0.5430723190307614
35,391/243,3,0.5477781105041504
35,391/243,4,0.38387568473815925
35,391/243,5,0.4755886650085448
35,391/243,6,0.2583938312530516
35,391/243,7,0.03715654373168942
35,391/243,8,0.3330456352233888
35,391/243,9,0.21027766227722156
35,391/243,10,0.03105770111083972
35,391/243,11,0.08088843345642083
35,391/243,12,0.26168567657470687
35,391/33,1,0.020180034637450994
35,391/33,2,0.24685997009277383
35,391/33,3,0.006080951690673686
35,391/33,4,0.32261529922485366
35,391/33,5,0.32448726654052784
35,391/33,6,0.2534037780761711
35,391/33,7,0.31258632659912067
35,391/33,8,0.5440006637573234
35,391/33,10,0.8667119979858402
35,391/33,11,1.0857602310180656
35,391/33,12,1.332468910217285
35,391/437,1,0.3575567245483402
35,391/437,2,0.11872455596923892
35,391/437,3,0.07398975372314531
35,391/437,4,0.18305942535400455
35,391/437,5,0.1662548065185554
35,391/437,6,0.018943748474121946
35,391/437,7,0.5397088623046873
35,391/437,8,0.3393524169921882
35,391/437,10,0.0020195770263669033
35,391/437,11,0.0670092391967767
35,391/437,12,0.11451484680175739
35,404/69,1,0.3026643753051754
35,404/69,2,0.7354190826416014
35,404/69,3,1.9057676124572756
35,404/69,4,1.5685675621032713
35,404/69,5,0.5181545448303222
35,404/69,6,0.3893905830383302
35,404/69,7,0.006701564788818004
35,404/69,8,0.3456323051452639
35,404/69,9,0.3978950500488283
35,404/69,10,0.67282356262207
35,404/69,11,1.1947102355957036
35,404/69,12,0.007916889190673793
35,405/17,1,0.07203230857849119
35,405/17,2,0.03889745950698853
35,405/17,3,0.060807311534881614
35,405/17,4,0.09007909297943106
35,405/17,5,0.04361889362335214
35,405/17,6,0.12601077556610107
35,405/17,7,0.11243981838226325
35,405/17,8,0.46182764053344716
35,405/17,10,0.3549383068084717
35,405/17,11,0.3269794821739197
35,405/17,12,0.3660749101638794
35,405/34,1,0.0629681110382081
35,405/34,2,0.03582629680633542
35,405/34,3,0.04895279884338377
35,405/34,4,0.10026579856872564
35,405/34,5,0.027614030838012837
35,405/34,6,0.27089967727661124
35,405/34,7,0.3742264080047608
35,405/34,8,0.4823985958099364
35,405/34,9,0.9130269145965575
35,405/34,10,0.7927962112426759
35,405/34,11,0.24085150718688952
35,405/34,12,0.1648507595062254
35,418/15,1,0.07627150058746335
35,418/15,2,0.08079758882522581
35,418/15,3,0.182359688282013
35,418/15,4,0.17827559232711798
35,418/15,5,0.19520515441894526
35,418/15,6,0.11751750946044925
35,418/15,7,0.05354731559753412
35,418/15,8,0.3013831210136413
35,418/15,10,0.07541739463806152
35,418/15,11,0.45429179191589353
35,418/15,12,0.5184600996971129
35,418/4,1,0.1553925323486327
35,418/4,2,0.6811919498443604
35,418/4,3,0.21073816299438475
35,418/4,4,0.3353910064697265
35,418/4,5,0.1795245361328126
35,418/4,7,0.12874612808227548
35,418/4,8,0.3803449058532715
35,418/4,9,0.7860971927642821
35,418/4,10,0.1768239641189575
35,418/4,11,0.32418893814086913
35,418/4,12,0.3059898853302001
36,330/183,1,0.010624995231628409
36,330/183,2,0.5724682307243347
36,330/183,3,0.28123563051223766
36,330/183,4,0.0346724081039429
36,330/183,5,0.11894891262054452
36,330/183,6,0.13173375129699716
36,330/183,7,0.017570929527282786
36,330/183,8,1.4483006763458253
36,330/183,9,2.3520766067504884
36,330/183,11,1.5551220417022704
36,330/183,12,0.49312413215637196
36,331/2,1,1.458609371185303
36,331/2,2,0.17534429550170927
36,331/2,3,0.29880722045898445
36,331/2,4,0.30861017227172827
36,331/2,5,0.35104686737060575
36,331/2,6,0.4411887931823735
36,331/2,7,0.36097293853759727
36,331/2,8,1.1256243515014646
36,331/2,9,0.906535701751709
36,331/2,10,0.7663474082946777
36,331/2,11,0.02143981933593775
36,331/2,12,0.03593919754028363
36,341/17,1,0.5888249015808107
36,341/17,2,0.5602661323547355
36,341/17,3,0.47232566833496037
36,341/17,5,0.6028238677978512
36,341/17,6,0.6010132980346681
36,341/17,7,1.0635677909851076
36,341/17,8,0.838939018249512
36,341/17,9,1.000561637878418
36,341/17,10,0.616168479919434
36,342/78,1,5.979506511688232
36,342/78,2,2.505725898742676
36,342/78,3,2.131045017242432
36,342/78,4,2.209317531585693
36,342/78,5,1.828751354217529
36,342/78,6,1.354861545562744
36,342/78,7,0.8340814971923827
36,342/78,8,1.40042667388916
36,342/78,9,0.2601516437530518
36,342/78,10,1.3233924293518067
36,342/78,11,2.9200054645538334
36,342/78,12,3.1005231952667236
36,377/54,1,1.284688949584961
36,377/54,2,2.167863368988037
36,377/54,3,0.8086929321289062
36,377/54,4,0.03392314910888672
36,377/54,5,0.5410424232482907
36,377/54,6,0.6122467708587642
36,377/54,8,0.47657020568847663
36,377/54,9,0.41161335945129407
36,377/54,10,0.4698124122619629
36,377/54,11,0.5226105690002445
36,377/54,12,4.590990734100341
36,377/86,1,1.0634887981414796
36,377/86,2,0.1326562595367431
36,377/86,3,0.4104174900054933
36,377/86,4,0.4637407302856449
36,377/86,5,0.6148986053466796
36,377/86,6,0.22145143508911147
36,377/86,7,0.5620581626892092
36,377/86,8,0.6284130096435545
36,377/86,9,0.6429435539245603
36,377/86,11,0.5490871238708497
36,377/86,12,0.14617326736450176
36,377/94,1,0.15371401786804206
36,377/94,2,0.09372789382934554
36,377/94,3,0.10393826484680169
36,377/94,4,0.06492769241333018
36,377/94,5,0.049658813476562536
36,377/94,6,0.06828732490539569
36,377/94,7,0.0672103214263915
36,377/94,8,0.018758935928344656
36,377/94,9,0.0881025409698486
36,377/94,11,0.22324658393859842
36,377/94,12,0.34132763862609883
36,390/208,1,0.23074277877807603
36,390/208,2,0.457549915313721
36,390/208,3,0.46983943939209016
36,390/208,4,0.23220743179321257
36,390/208,5,0.04168964385986307
36,390/208,6,1.4015864753723144
36,390/208,7,0.2920388603210453
36,390/208,8,0.012851390838623189
36,390/208,9,2.240097103118896
36,390/208,10,0.020846309661865625
36,390/208,11,0.3162433242797853
36,390/208,12,0.04398202896118164
36,391/243,1,0.1420457744598389
36,391/243,2,0.7876876926422121
36,391/243,3,0.7369907855987545
36,391/243,4,0.7035341072082519
36,391/243,5,0.6147213745117188
36,391/243,6,0.7370265579223632
36,391/243,7,0.42091066360473617
36,391/243,8,0.06990508079528812
36,391/243,9,0.23052636146545424
36,391/243,10,0.3026634311676024
36,391/243,11,0.08263458251953137
36,391/243,12,0.037841482162475515
36,391/33,1,0.19443599700927727
36,391/33,2,0.3364475250244139
36,391/33,3,0.19506507873535117
36,391/33,4,0.6589234733581542
36,391/33,5,1.1073643302917482
36,391/33,6,1.3750234222412114
36,391/33,7,1.6548401069641105
36,391/33,8,1.8220911216735836
36,391/33,9,1.9158225440978995
36,391/33,11,2.2684182167053226
36,391/33,12,2.3613458824157707
36,391/437,1,0.2011984634399422
36,391/437,2,0.02327480316162145
36,391/437,3,0.19352748870849545
36,391/437,4,0.23316585540771406
36,391/437,5,0.22777774810790952
36,391/437,6,0.36448211669921804
36,391/437,7,0.16358276367187585
36,391/437,8,0.6344134902954099
36,391/437,9,0.3013399124145515
36,391/437,11,0.06838733673095732
36,391/437,12,0.042027740478514986
36,404/69,1,0.14480848312377947
36,404/69,2,0.3328119277954098
36,404/69,3,0.7407949447631834
36,404/69,4,1.8706347274780275
36,404/69,5,1.5465438842773436
36,404/69,6,0.5810970497131347
36,404/69,7,0.4879509162902833
36,404/69,8,0.09758481979370082
36,404/69,9,0.3085391426086428
36,404/69,10,0.29966802597045916
36,404/69,11,0.3530928039550778
36,404/69,12,1.0675248908996586
36,405/17,1,0.02769331216812132
36,405/17,2,0.06043014526367185
36,405/17,3,0.010346655845642094
36,405/17,4,0.06545999050140383
36,405/17,5,0.09955146312713614
36,405/17,6,0.04024717807769784
36,405/17,7,0.11532390117645264
36,405/17,8,0.09942204475402838
36,405/17,9,0.46122456073760976
36,405/17,11,0.3408487224578858
36,405/17,12,0.2511646389961243
36,405/34,1,0.12404839515686028
36,405/34,2,0.032755041122436435
36,405/34,3,0.09057977676391604
36,405/34,4,0.07413623809814451
36,405/34,5,0.1302447891235352
36,405/34,6,0.0005838012695313921
36,405/34,7,0.3016211032867431
36,405/34,8,0.39282973289489753
36,405/34,9,0.566516008377075
36,405/34,10,0.8765629386901854
36,405/34,11,0.780955867767334
36,405/34,12,0.2214673614501952
36,418/15,1,0.23945341825485228
36,418/15,2,0.14782032728195194
36,418/15,3,0.13249518871307375
36,418/15,4,0.0810860919952393
36,418/15,5,0.1337302994728089
36,418/15,6,0.13909548759460444
36,418/15,7,0.08438340663909916
36,418/15,8,0.015068597793579164
36,418/15,9,0.036079330444335866
36,418/15,11,0.022314782142639156
36,418/15,12,0.4235281658172607
36,418/4,1,0.09838879585266103
36,418/4,2,0.37504163265228274
36,418/4,3,0.043305854797363263
36,418/4,4,0.1569213485717773
36,418/4,5,0.036854619979858505
36,418/4,7,0.11900386810302743
36,418/4,8,0.2287602806091309
36,418/4,9,0.5490821838378905
36,418/4,10,0.1546987199783325
36,418/4,11,0.2675543928146362
37,330/183,1,0.17310999870300292
37,330/183,2,0.4212103986740112
37,330/183,3,0.29521698713302613
37,330/183,4,0.34403597831726085
37,330/183,5,0.06113216400146482
37,330/183,6,0.007813072204589933
37,330/183,7,0.1103489637374877
37,330/183,8,0.09071751117706306
37,330/183,9,1.4056957530975343
37,330/183,10,2.515798406600952
37,330/183,12,1.7922200202941894
37,331/2,1,0.2985510635375981
37,331/2,2,1.3589160728454592
37,331/2,3,0.2277935218811038
37,331/2,4,0.1679545211791993
37,331/2,5,0.24978038787841772
37,331/2,6,0.3739383888244632
37,331/2,7,0.4147229003906254
37,331/2,8,0.40554195404052695
37,331/2,9,1.0817539024353025
37,331/2,10,0.8681426811218262
37,331/2,11,0.7801389694213867
37,331/2,12,0.1472084808349612
37,341/17,1,0.05223581314086889
37,341/17,4,0.5866834259033205
37,341/17,5,0.4707695198059074
37,341/17,6,0.41423212051391545
37,341/17,8,0.5543090248107907
37,341/17,9,0.6250148963928224
37,341/17,10,1.0353905296325685
37,341/17,11,0.8219402503967288
37,341/17,12,0.9821843338012695
37,342/78,1,3.1467990398406984
37,342/78,2,2.5949716758728028
37,342/78,3,0.37268873214721676
37,342/78,4,0.6699214839935301
37,342/78,5,1.6515914535522462
37,342/78,6,0.5132384014129641
37,342/78,7,0.5226571083068849
37,342/78,8,0.4556206798553468
37,342/78,9,0.06216902732849139
37,342/78,10,0.41992066383361815
37,342/78,11,0.9766292953491211
37,342/78,12,2.07489504814148
37,377/54,1,1.4508724212646484
37,377/54,2,1.6494464874267578
37,377/54,3,1.6584291458129883
37,377/54,4,0.9263982772827148
37,377/54,5,0.1671128273010254
37,377/54,6,0.5979972839355465
37,377/54,7,0.6589238834381099
37,377/54,9,0.40652068138122566
37,377/54,10,0.3301981830596925
37,377/54,11,0.2456743907928467
37,377/54,12,0.402356052398682
37,377/86,1,0.06119243621826165
37,377/86,2,0.921869354248047
37,377/86,3,0.15777675628662102
37,377/86,4,0.42873089790344254
37,377/86,5,0.38595857620239293
37,377/86,6,0.7288088035583495
37,377/86,7,0.13517585754394545
37,377/86,8,0.5247814178466799
37,377/86,9,0.5332606315612791
37,377/86,10,0.45066421508789034
37,377/86,12,0.05005701065063484
37,377/94,1,0.3057730484008787
37,377/94,2,0.12079517364501946
37,377/94,3,0.07621557235717757
37,377/94,4,0.10342375755310051
37,377/94,5,0.07916080474853526
37,377/94,6,0.05457738876342777
37,377/94,7,0.0848900794982912
37,377/94,8,0.08716285705566396
37,377/94,9,0.05765445709228523
37,377/94,10,0.0035286331176758168
37,377/94,12,0.06394005775451639
37,390/208,1,0.1135617828369142
37,390/208,2,0.25730625152587905
37,390/208,3,0.2697137451171878
37,390/208,4,0.5683306312561038
37,390/208,5,0.07652772903442351
37,390/208,6,0.12712265014648416
37,390/208,7,1.3254093551635742
37,390/208,8,0.31839746475219766
37,390/208,9,0.12387863159179702
37,390/208,10,2.2053342437744137
37,390/208,11,0.045658531188965235
37,390/208,12,0.2636810874938966
37,391/243,1,0.25698410034179675
37,391/243,2,0.1822827243804932
37,391/243,3,0.7469808197021486
37,391/243,4,0.7248784065246578
37,391/243,5,0.7162825870513916
37,391/243,6,0.4028845596313477
37,391/243,7,0.5686126804351805
37,391/243,8,0.43909961700439437
37,391/243,9,0.04238847732543949
37,391/243,10,0.28265324592590346
37,391/243,11,0.28063546180725085
37,391/243,12,0.04266776084899915
37,391/33,1,0.08187011718749915
37,391/33,2,0.162654800415039
37,391/33,3,0.34837656021118146
37,391/33,4,0.24676996231079062
37,391/33,5,0.7094748878479002
37,391/33,6,1.118235263824463
37,391/33,7,1.3908091163635259
37,391/33,8,1.6953417015075676
37,391/33,9,1.9629697990417476
37,391/33,10,2.088701286315917
37,391/33,12,2.2835687637329105
37,391/437,1,0.11265663146972571
37,391/437,2,0.17585933685302813
37,391/437,3,0.009758567810058238
37,391/437,4,0.21180942535400327
37,391/437,5,0.28591453552246016
37,391/437,6,0.2595141220092767
37,391/437,7,0.4421121597290032
37,391/437,8,0.2054137802124032
37,391/437,9,0.5227229690551756
37,391/437,10,0.27047805786132884
37,391/437,12,0.019996948242187784
37,404/69,1,0.7622527885437016
37,404/69,2,0.06839437484741229
37,404/69,3,0.29624090194702113
37,404/69,4,0.6786473274230955
37,404/69,5,1.854829959869385
37,404/69,6,1.4836075782775877
37,404/69,7,0.47557489395141594
37,404/69,8,0.3715377998352052
37,404/69,9,0.052763557434081676
37,404/69,10,0.3287904167175295
37,404/69,11,0.38064689636230487
37,404/69,12,0.6923629188537594
37,405/17,1,0.10132766962051387
37,405/17,2,0.10401390075683592
37,405/17,3,0.003976428508758567
37,405/17,4,0.031924600601196285
37,405/17,5,0.04031314849853518
37,405/17,6,0.07492198944091788
37,405/17,7,0.04813871383667001
37,405/17,8,0.13217675685882568
37,405/17,9,0.16083640575408942
37,405/17,10,0.437240605354309
37,405/17,12,0.3183054113388062
37,405/34,1,0.3624043893814086
37,405/34,2,0.13604881763458243
37,405/34,3,0.15206006050109866
37,405/34,4,0.07368181228637694
37,405/34,5,0.12245851516723638
37,405/34,6,0.02679339408874526
37,405/34,7,0.2807082176208495
37,405/34,8,0.40323861122131355
37,405/34,9,0.5467835330963133
37,405/34,10,0.8847776508331298
37,405/34,11,0.7734597492218018
37,418/15,1,0.09416759967803956
37,418/15,2,0.3100564908981323
37,418/15,3,0.1166484093666077
37,418/15,4,0.12105610370635989
37,418/15,5,0.09508913040161138
37,418/15,6,0.12693632364273078
37,418/15,7,0.158920350074768
37,418/15,8,0.08814910888671879
37,418/15,9,0.02345102310180658
37,418/15,10,0.14006273269653313
37,418/15,12,0.1038104248046875
37,418/4,1,0.16556229114532472
37,418/4,3,0.00463176250457753
37,418/4,4,0.19061663627624514
37,418/4,5,0.18237235069274904
37,418/4,6,0.03606835842132572
37,418/4,7,0.021330480575561417
37,418/4,9,0.04447088241577157
37,418/4,10,0.13497594833374027
37,418/4,11,0.3499661922454833
37,418/4,12,0.047314276695251456
38,330/183,1,0.17332719802856444
38,330/183,2,0.43125962257385253
38,330/183,3,0.2686164474487305
38,330/183,4,0.3053628158569337
38,330/183,5,0.12928947925567624
38,330/183,6,0.11865570545196524
38,330/183,7,0.03312482833862296
38,330/183,8,0.08089177131652825
38,330/183,9,1.5775240230560303
38,330/183,10,2.775774555206299
38,331/2,1,0.17885787963867195
38,331/2,2,0.34288833618164105
38,331/2,3,1.2793810653686526
38,331/2,4,0.18912012100219755
38,331/2,5,0.1419535446166993
38,331/2,6,0.24527904510498022
38,331/2,7,0.3792226982116702
38,331/2,8,0.42522285461425824
38,331/2,9,0.41518646240234336
38,331/2,10,1.1014596748352048
38,331/2,11,0.8929820823669434
38,331/2,12,0.7853331565856934
38,341/17,1,0.08751413345336889
38,341/17,4,0.6109882926940919
38,341/17,5,0.47954523086547773
38,341/17,6,0.43428455352783146
38,341/17,8,0.45940889358520476
38,341/17,9,0.5951172065734864
38,341/17,10,0.9730683898925783
38,341/17,11,0.8881214332580569
38,342/78,1,0.005428161621093608
38,342/78,2,3.4210557460784914
38,342/78,3,2.6652226638793945
38,342/78,4,0.28409596443176266
38,342/78,5,0.7907787227630614
38,342/78,6,1.8434930181503297
38,342/78,7,1.5024311256408693
38,342/78,8,0.7034127235412599
38,342/78,9,0.536206159591675
38,342/78,10,0.15365405082702654
38,342/78,11,0.4966020393371582
38,342/78,12,0.969323434829712
38,377/54,1,0.47511296272277814
38,377/54,2,1.4728379249572754
38,377/54,3,1.5924177169799805
38,377/54,4,1.7265996932983398
38,377/54,5,0.873903751373291
38,377/54,6,0.05318117141723633
38,377/54,7,0.5249606132507321
38,377/54,8,0.63536693572998
38,377/54,10,0.47660167694091804
38,377/54,11,0.4280780696868898
38,377/54,12,0.14307763099670412
38,377/86,1,0.05868474960327141
38,377/86,2,0.9361511039733887
38,377/86,3,0.17981163978576653
38,377/86,4,0.4591819572448732
38,377/86,5,0.6100372314453129
38,377/86,6,0.6516241264343261
38,377/86,7,0.35731569290161147
38,377/86,8,0.5565707206726076
38,377/86,9,0.5003035545349119
38,377/86,10,0.4466301727294919
38,377/94,1,0.6111200141906736
38,377/94,2,0.4243327808380126
38,377/94,3,0.2410786676406862
38,377/94,4,0.3558076190948487
38,377/94,5,0.4216412353515624
38,377/94,6,0.5474139070510864
38,377/94,7,0.40187077522277814
38,377/94,8,0.5343099784851075
38,377/94,9,0.47887246131896966
38,377/94,10,0.5000106906890869
38,390/208,1,0.02185283660888704
38,390/208,2,0.0942889785766603
38,390/208,3,0.1617938613891603
38,390/208,4,0.26444183349609407
38,390/208,5,0.3164938545227054
38,390/208,6,0.19791902542114226
38,390/208,7,0.20154834747314432
38,390/208,8,1.3193578147888183
38,390/208,9,0.2831897163391117
38,390/208,10,0.08226219177246108
38,390/208,11,2.2715194797515865
38,390/208,12,0.08692068099975625
38,391/243,1,0.4428987503051758
38,391/243,2,0.2666224098205565
38,391/243,3,0.12459210395812992
38,391/243,4,0.7044529056549074
38,391/243,5,0.5601817131042477
38,391/243,6,0.5786034870147705
38,391/243,7,0.5328541564941407
38,391/243,8,0.6980718231201171
38,391/243,9,0.6001532745361327
38,391/243,10,0.18807629585266117
38,391/243,11,0.27431932449340835
38,391/243,12,0.2682202911376952
38,391/33,1,0.3522749328613273
38,391/33,2,0.2521057891845704
38,391/33,3,0.09605140686035174
38,391/33,4,0.11361068725585977
38,391/33,5,0.17306455612182603
38,391/33,6,0.48531642913818374
38,391/33,7,0.4659152603149419
38,391/33,8,0.5261965942382805
38,391/33,9,0.46397926330566364
38,391/33,10,0.685758628845214
38,391/437,1,0.15165142059326087
38,391/437,2,0.12433803558349688
38,391/437,3,0.07490959167480504
38,391/437,4,0.040659637451172514
38,391/437,5,0.04685867309570391
38,391/437,6,0.1502616119384772
38,391/437,7,0.17053966522216868
38,391/437,8,0.04620834350586023
38,391/437,9,0.4836347198486326
38,391/437,10,0.34029083251953196
38,404/69,1,1.0369124221801762
38,404/69,2,0.016139221191406428
38,404/69,3,0.30884561538696254
38,404/69,4,0.7467482566833494
38,404/69,5,1.8508288192749025
38,404/69,6,1.4873226165771483
38,404/69,7,0.3249615859985351
38,404/69,8,0.18557083129882823
38,404/69,9,0.2125996589660648
38,404/69,10,0.396460762023926
38,404/69,11,0.32961769104003924
38,405/17,1,0.12968672513961788
38,405/17,2,0.07699052572250364
38,405/17,3,0.012113666534423806
38,405/17,4,0.023624475002288814
38,405/17,5,0.03977366685867312
38,405/17,6,0.04814162254333487
38,405/17,7,0.03999671936035165
38,405/17,8,0.1278975009918213
38,405/17,9,0.09803421020507819
38,405/17,10,0.4426147985458373
38,405/34,1,0.26891822338104254
38,405/34,3,0.3474404048919677
38,405/34,4,0.11560299396514884
38,405/34,5,0.15563323974609378
38,405/34,6,0.09589646339416502
38,405/34,7,0.14737158775329595
38,405/34,8,0.056431207656860494
38,405/34,9,0.29028096199035636
38,405/34,10,0.36469276428222663
38,405/34,11,0.5258983039855956
38,405/34,12,0.8804677581787108
38,418/15,1,0.07750583648681642
38,418/15,2,0.3182052206993103
38,418/15,3,0.1507091856002808
38,418/15,4,0.14748754501342776
38,418/15,5,0.07916992187500005
38,418/15,6,0.17259938240051276
38,418/15,7,0.19512719154357905
38,418/15,8,0.16696635723114017
38,418/15,9,0.18464904308319086
38,418/15,10,0.30737219572067254
38,418/4,1,0.044161815643310565
38,418/4,3,0.06032288551330556
38,418/4,4,0.2721265840530396
38,418/4,5,0.04224799156188963
38,418/4,6,0.18836601734161373
38,418/4,7,0.057377691268921005
38,418/4,9,0.12458786964416513
38,418/4,10,0.33533457756042484
38,418/4,11,0.6586886882781982
39,330/183,1,0.30797996997833255
39,330/183,3,0.05678152084350585
39,330/183,4,0.08196305274963378
39,330/183,5,0.4430965280532837
39,330/183,6,0.29384207248687755
39,330/183,7,0.09531530857086179
39,330/183,8,0.0007972478866578037
39,330/183,9,0.08180286884307852
39,330/183,10,0.03478820800781257
39,330/183,11,1.4189391899108887
39,330/183,12,2.3573611545562745
39,331/2,1,0.008682327270507884
39,331/2,2,0.15376522064208942
39,331/2,3,1.3349149513244631
39,331/2,4,0.33304388046264677
39,331/2,5,0.21204813003540046
39,331/2,6,0.1982171249389646
39,331/2,7,0.3198946189880374
39,331/2,8,0.4054693984985356
39,331/2,9,0.3802981948852535
39,331/2,10,1.0912315177917478
39,331/2,11,0.9574714469909669
39,341/17,1,0.17477403640747102
39,341/17,3,0.4145710182189939
39,341/17,6,0.6332747077941896
39,341/17,7,0.5268894386291496
39,341/17,8,0.4420269584655756
39,341/17,10,0.41460956573486296
39,341/17,11,0.5358167839050294
39,341/17,12,1.0324036216735841
39,342/78,1,0.32010463714599613
39,342/78,2,0.8141655063629152
39,342/78,3,3.8062562465667726
39,342/78,4,3.1083939266204834
39,342/78,5,0.3678595638275146
39,342/78,6,0.6509958171844481
39,342/78,7,1.649438056945801
39,342/78,8,1.049547166824341
39,342/78,9,0.7182449817657472
39,342/78,10,0.7375110721588136
39,342/78,11,0.10092945098876971
39,342/78,12,0.40381095886230467
39,342/97,1,1.1260027885437012
39,377/54,1,0.367232894897461
39,377/54,2,0.4468775272369383
39,377/54,3,1.6805219650268555
39,377/54,4,1.6917858123779297
39,377/54,5,1.699441909790039
39,377/54,6,0.9129490852355957
39,377/54,7,0.13679838180541992
39,377/54,8,0.497332668304443
39,377/54,9,0.6791165065765377
39,377/54,11,0.45988185882568366
39,377/54,12,0.3873416328430177
39,377/86,1,0.05030439376831097
39,377/86,3,0.10536210060119622
39,377/86,4,0.90016921043396
39,377/86,5,0.19972674369812005
39,377/86,6,0.4382874298095705
39,377/86,7,0.4527563095092777
39,377/86,8,0.6995877456665038
39,377/86,9,0.09176174163818374
39,377/86,10,0.5835153579711916
39,377/86,11,0.4988162994384764
39,377/86,12,0.47277563095092745
39,377/94,1,0.05222046852111806
39,377/94,3,0.5649059104919432
39,377/94,4,0.2340230178833007
39,377/94,5,0.1441005992889406
39,377/94,6,0.2775877285003663
39,377/94,7,0.4074806022644042
39,377/94,8,0.5314337825775146
39,377/94,9,0.42314534187316877
39,377/94,10,0.4940386962890626
39,377/94,11,0.48535577774047844
39,377/94,12,0.482144079208374
39,390/208,1,0.06120304107666019
39,390/208,2,0.018189773559570632
39,390/208,3,0.009066429138183452
39,390/208,4,0.16666063308715806
39,390/208,5,0.3617824172973636
39,390/208,6,0.34936653137207063
39,390/208,7,0.34266246795654265
39,390/208,8,0.09530759811401346
39,390/208,9,1.316955509185791
39,390/208,10,0.32671207427978555
39,390/208,11,0.0834395027160646
39,390/208,12,2.1585319614410396
39,391/243,1,0.18989444732665994
39,391/243,2,0.4146592617034912
39,391/243,3,0.3060933208465575
39,391/243,4,0.4508383655548096
39,391/243,5,0.7259441947937013
39,391/243,6,0.5866430759429928
39,391/243,7,0.5519678401947021
39,391/243,8,0.40624745368957527
39,391/243,9,0.5989886379241942
39,391/243,10,0.27498919486999496
39,391/243,11,0.10039452552795414
39,391/243,12,0.08165923118591323
39,391/33,1,0.16642528533935597
39,391/33,3,0.368497886657714
39,391/33,4,0.24300964355468757
39,391/33,5,0.053470802307129084
39,391/33,6,0.1633300209045414
39,391/33,7,0.13663324356079087
39,391/33,8,0.41018167495727553
39,391/33,9,0.37616878509521534
39,391/33,10,0.46436511993408125
39,391/33,11,0.4938235473632808
39,391/33,12,0.6956968688964835
39,391/437,1,0.08012889862060568
39,391/437,3,0.13612560272216712
39,391/437,4,0.10422504425048906
39,391/437,5,0.0724014282226566
39,391/437,6,0.049934654235839204
39,391/437,7,0.20988380432128828
39,391/437,8,0.0555184173583978
39,391/437,9,0.3688232421874993
39,391/437,10,0.12887092590332117
39,391/437,11,0.6368367767333982
39,391/437,12,0.3167493820190437
39,404/69,1,0.954396820068359
39,404/69,3,1.4751410293579106
39,404/69,4,0.09078578948974592
39,404/69,5,0.4138852119445797
39,404/69,6,0.6898978233337401
39,404/69,7,1.8768626976013185
39,404/69,8,1.5302689552307127
39,404/69,9,0.4189271163940429
39,404/69,10,0.31313383102417003
39,404/69,11,0.22736635208129918
39,404/69,12,0.3851511383056643
39,405/17,1,0.1997161936759949
39,405/17,3,0.11587519645690914
39,405/17,4,0.13378952026367186
39,405/17,5,0.0018834114074707253
39,405/17,6,0.026720697879791255
39,405/17,7,0.03973242044448855
39,405/17,8,0.08545174598693839
39,405/17,9,0.02997586727142343
39,405/17,10,0.11877226829528809
39,405/17,11,0.10624844551086432
39,405/17,12,0.4559124755859374
39,405/34,1,0.48381494998931895
39,405/34,2,0.32051033496856696
39,405/34,4,0.3247176837921142
39,405/34,5,0.1440396547317504
39,405/34,6,0.11071184158325198
39,405/34,7,0.13186309814453123
39,405/34,8,0.19382029533386236
39,405/34,9,0.0014916992187501421
39,405/34,10,0.31362452507019034
39,405/34,11,0.390401201248169
39,405/34,12,0.5991302394866942
39,418/15,1,0.06470271348953249
39,418/15,3,0.06244225263595582
39,418/15,4,0.3108540606498718
39,418/15,5,0.16381731986999515
39,418/15,6,0.1359641194343567
39,418/15,7,0.0980834293365479
39,418/15,8,0.1447713446617127
39,418/15,9,0.17183500766754145
39,418/15,10,0.12256161212921146
39,418/15,11,0.08976476669311517
39,418/15,12,0.2816086840629577
39,418/4,1,0.04963483333587648
39,418/4,3,0.10577881813049306
39,418/4,4,0.24744406223297122
39,418/4,5,0.025194983482360822
39,418/4,6,0.21352454185485836
39,418/4,7,0.0786167335510255
39,418/4,9,0.13478550910949716
39,418/4,10,0.3046243572235108
40,330/183,1,0.24021311759948727
40,330/183,2,0.04789319515228274
40,330/183,4,0.10213946342468261
40,330/183,5,0.18817030429840087
40,330/183,6,0.12630868911743165
40,330/183,7,0.20979297637939442
40,330/183,8,0.37366667270660403
40,330/183,9,0.3685554027557374
40,330/183,10,0.10502097606658944
40,330/183,11,0.03005103588104241
40,330/183,12,1.644969539642334
40,331/2,1,0.15047170639038043
40,331/2,3,0.05120332717895515
40,331/2,4,0.05986783981323285
40,331/2,5,1.4081318664550784
40,331/2,6,0.26463348388671903
40,331/2,7,0.5092516708374024
40,331/2,8,0.2816688728332517
40,331/2,9,0.24874002456665067
40,331/2,10,0.42661045074462933
40,331/2,11,0.44941049575805625
40,331/2,12,1.1127473640441892
40,341/17,1,0.18772874832153352
40,341/17,3,0.4359800529479978
40,341/17,6,0.6435801124572755
40,341/17,7,0.6018005561828605
40,341/17,8,0.4776881790161127
40,341/17,10,0.4832502746582028
40,341/17,11,0.5079957199096681
40,342/78,1,0.0569716453552247
40,342/78,2,0.12694720268249515
40,342/78,3,0.22762807846069322
40,342/78,4,2.8772775650024416
40,342/78,5,2.800327320098877
40,342/78,6,0.0250382041931152
40,342/78,7,0.6119984054565428
40,342/78,8,1.6108883953094484
40,342/78,9,1.0167720031738283
40,342/78,10,0.5539836406707765
40,342/78,11,0.635494146347046
40,342/78,12,0.15967769622802752
40,342/97,1,1.2997589111328125
40,377/54,1,1.3200469017028809
40,377/54,2,0.526975965499878
40,377/54,3,0.6751673698425291
40,377/54,4,1.584254264831543
40,377/54,5,1.5173416137695312
40,377/54,6,1.6509370803833008
40,377/54,7,0.9539804458618164
40,377/54,8,0.31284189224243164
40,377/54,9,0.5883866310119625
40,377/54,10,0.6025006961822506
40,377/54,12,0.5528233814239503
40,377/86,1,0.19948236465454094
40,377/86,2,0.18760202407836957
40,377/86,4,0.07849614143371575
40,377/86,5,1.0057814884185792
40,377/86,6,0.18902055740356438
40,377/86,7,0.4172164726257326
40,377/86,8,0.3771924018859867
40,377/86,9,0.578125877380371
40,377/86,10,0.21769824981689467
40,377/86,11,0.5173913955688478
40,377/86,12,0.5576575279235838
40,377/94,1,0.012423725128174024
40,377/94,2,0.0629991340637206
40,377/94,4,0.5499990272521971
40,377/94,5,0.2340070438385009
40,377/94,6,0.16421835899353043
40,377/94,7,0.26943548202514656
40,377/94,8,0.38283944606780995
40,377/94,9,0.4959495878219604
40,377/94,10,0.4247348785400389
40,377/94,11,0.45319997787475597
40,377/94,12,0.4561280441284179
40,390/208,1,1.223934469223022
40,390/208,2,0.022478542327880824
40,390/208,3,0.03749574661254851
40,390/208,4,0.05152193069458022
40,390/208,5,0.09953084945678725
40,390/208,6,0.2583292579650882
40,390/208,7,0.32098566055297884
40,390/208,8,0.337501182556152
40,390/208,9,0.14582372665405252
40,390/208,10,1.213909568786621
40,390/208,11,0.3106994056701664
40,390/208,12,0.13596788406372085
40,391/243,1,0.031238603591918768
40,391/243,2,0.3044848537445066
40,391/243,3,0.2827768325805664
40,391/243,4,0.2142053699493407
40,391/243,5,0.276647367477417
40,391/243,6,0.8317765331268312
40,391/243,7,0.7810698509216305
40,391/243,8,0.7722301292419433
40,391/243,9,0.6258316802978516
40,391/243,10,0.8299449539184569
40,391/243,11,0.9700661373138426
40,391/243,12,0.7632661247253418
40,391/33,1,0.34810745239257734
40,391/33,2,0.30816883087158153
40,391/33,4,0.1525707626342765
40,391/33,5,0.0018567276000975852
40,391/33,6,0.2723362922668455
40,391/33,7,0.10341173171997031
40,391/33,8,0.36559041976928697
40,391/33,9,0.6980730628967287
40,391/33,10,0.7744751548767095
40,391/33,11,0.7423335266113273
40,391/33,12,0.7783665847778316
40,391/437,1,0.009849929809570668
40,391/437,2,0.09908794403076193
40,391/437,4,0.13056091308593665
40,391/437,5,0.1296957778930672
40,391/437,6,0.06865444183349645
40,391/437,7,0.021883277893065767
40,391/437,8,0.20094215393066328
40,391/437,9,0.027502326965331392
40,391/437,10,0.3719512939453118
40,391/437,11,0.19481369018554773
40,391/437,12,0.6767804718017576
40,404/69,1,0.27675037384033185
40,404/69,2,1.4102154731750485
40,404/69,4,1.2311014938354496
40,404/69,5,0.0604464530944826
40,404/69,6,0.3443623542785641
40,404/69,7,0.6846435546874998
40,404/69,8,1.8509203720092775
40,404/69,9,1.6401403427124022
40,404/69,10,0.4227260780334472
40,404/69,11,0.32122098922729503
40,404/69,12,0.2345565795898441
40,405/17,1,0.2916887283325196
40,405/17,2,0.33456937789916996
40,405/17,4,0.1752920269966125
40,405/17,5,0.20082042694091795
40,405/17,6,0.027052009105682395
40,405/17,7,0.048801476955413814
40,405/17,8,0.11646690368652346
40,405/17,9,0.1048698663711547
40,405/17,10,0.028444385528564542
40,405/17,11,0.12946557998657227
40,405/17,12,0.09753806114196784
40,405/34,1,1.8587374877929688
40,405/34,2,1.8684562397003175
40,405/34,3,1.788796968460083
40,405/34,5,1.094816370010376
40,405/34,6,0.655711793899536
40,405/34,7,0.3837588119506836
40,405/34,8,0.340997200012207
40,405/34,9,0.2852228260040284
40,405/34,10,0.011945400238037251
40,405/34,11,0.2613140583038329
40,405/34,12,0.35149605751037605
40,418/15,1,0.48243745326995846
40,418/15,2,0.7014096021652222
40,418/15,4,0.6589239931106567
40,418/15,5,0.6109431219100951
40,418/15,6,0.24424448966979984
40,418/15,7,0.12792309522628786
40,418/15,8,0.062283926010131885
40,418/15,9,0.12669134855270392
40,418/15,10,0.14855998992919917
40,418/15,11,0.10872999668121341
40,418/15,12,0.009171552658081117
40,418/4,1,0.1091011953353882
40,418/4,3,0.04097080707550038
40,418/4,4,0.2492896604537964
40,418/4,5,0.07584788322448732
40,418/4,6,0.14198704719543453
40,418/4,7,0.021351222991943253
40,418/4,9,0.046058273315429776
41,330/183,1,1.5240107154846192
41,330/183,2,0.5942628002166748
41,330/183,3,0.20348176479339597
41,330/183,5,0.5136449241638184
41,330/183,6,0.5904879474639892
41,330/183,7,0.020167837142944345
41,330/183,8,0.10403228282928456
41,330/183,9,0.35493638992309573
41,330/183,10,0.3583491802215577
41,330/183,11,0.12054214477539071
41,330/183,12,0.06688837528228753
41,331/2,1,0.25257602691650405
41,331/2,2,0.08676673889160114
41,331/2,4,0.11217792510986335
41,331/2,5,0.050931472778319886
41,331/2,6,1.363051681518555
41,331/2,7,0.3060572814941409
41,331/2,8,0.5645771789550782
41,331/2,9,0.2246615600585935
41,331/2,10,0.262309379577637
41,331/2,11,0.474627952575684
41,331/2,12,0.5140042877197262
41,341/17,1,0.1841169738769528
41,341/17,3,0.1614044761657718
41,341/17,5,0.11653110504150366
41,341/17,8,0.7123037910461427
41,341/17,9,0.6398011398315422
41,341/17,10,0.4935124969482416
41,341/17,12,0.5552798652648923
41,342/78,1,0.7464115953445434
41,342/78,2,0.9297924995422364
41,342/78,3,1.1764102363586426
41,342/78,4,0.9596637821197511
41,342/78,5,3.562895727157593
41,342/78,6,3.461857099533081
41,342/78,7,0.17686943054199222
41,342/78,8,0.45481809616088853
41,342/78,9,1.092283639907837
41,342/78,10,1.3789484214782717
41,342/78,11,0.6797527790069582
41,342/78,12,0.8198591804504396
41,342/97,1,1.931825294494629
41,342/97,3,1.1860933303833008
41,377/54,1,0.04162505149841289
41,377/54,2,1.349003791809082
41,377/54,3,0.5327895641326905
41,377/54,4,0.7359519481658934
41,377/54,5,1.4908089637756348
41,377/54,6,1.5654191970825195
41,377/54,7,1.7395753860473633
41,377/54,8,0.9246201515197754
41,377/54,9,0.37074756622314453
41,377/54,10,0.6088922977447506
41,377/54,11,0.6330902767181392
41,377/86,1,0.2799573898315426
41,377/86,2,0.20141975402832024
41,377/86,3,0.022351722717285583
41,377/86,5,0.04129211425781243
41,377/86,6,1.0648988056182862
41,377/86,7,0.1468919944763183
41,377/86,8,0.5436231422424318
41,377/86,9,0.48804512023925817
41,377/86,10,0.5999311637878417
41,377/86,11,0.332191619873047
41,377/86,12,0.5528394699096681
41,377/94,1,0.05931184768676756
41,377/94,2,0.013353557586670117
41,377/94,3,0.03557479858398427
41,377/94,5,0.5548050689697264
41,377/94,6,0.24389020919799798
41,377/94,7,0.13374846458435075
41,377/94,8,0.26052434921264656
41,377/94,9,0.36587870597839345
41,377/94,10,0.4719824409484863
41,377/94,11,0.4059536933898924
41,377/94,12,0.48676359176635753
41,390/208,1,0.10409570693969705
41,390/208,2,1.3034144020080562
41,390/208,3,0.02544589996337887
41,390/208,4,0.037674293518066726
41,390/208,5,0.10714546203613295
41,390/208,6,0.298439178466797
41,390/208,7,0.29432998657226594
41,390/208,8,0.5750101661682132
41,390/208,9,0.1408563995361325
41,390/208,10,0.25650335311889627
41,390/208,11,1.2711152458190917
41,390/208,12,0.2283629798889164
41,391/243,1,0.4027765464782713
41,391/243,2,0.1251909255981447
41,391/243,3,0.28483630180358865
41,391/243,4,0.2412865161895752
41,391/243,5,0.29042254447937
41,391/243,6,0.6111243152618409
41,391/243,7,0.8808700180053712
41,391/243,8,0.7948189735412594
41,391/243,9,0.8398976135253906
41,391/243,10,0.5642727184295655
41,391/243,11,0.6809095001220702
41,391/243,12,0.5278983783721922
41,391/33,1,0.15019927978515568
41,391/33,2,0.4574786376953117
41,391/33,3,0.28149932861328075
41,391/33,5,0.16346363067626868
41,391/33,6,0.027108116149902273
41,391/33,7,0.2161500930786131
41,391/33,8,0.11029582977294883
41,391/33,9,0.35266050338745103
41,391/33,10,0.6181065177917482
41,391/33,11,0.4856782531738286
41,391/33,12,0.5394488525390617
41,391/437,1,0.09468612670898402
41,391/437,2,0.012137985229491832
41,391/437,3,0.08161758422851584
41,391/437,5,0.15492919921874915
41,391/437,6,0.09903610229492266
41,391/437,7,0.06381168365478551
41,391/437,8,0.05067565917968686
41,391/437,9,0.24745666503906172
41,391/437,10,0.2745306777954095
41,391/437,11,0.4203731536865227
41,391/437,12,0.16215034484863367
41,404/69,1,0.19210628509521488
41,404/69,2,0.14302330017089826
41,404/69,3,1.1716462135314938
41,404/69,5,1.3031372833251957
41,404/69,6,0.011391830444336115
41,404/69,7,0.4355512619018551
41,404/69,8,0.6490109443664549
41,404/69,9,1.8010975646972658
41,404/69,10,1.500989246368408
41,404/69,11,0.31224863052368157
41,404/69,12,0.21603309631347667
41,405/17,1,0.07753661632537834
41,405/17,2,0.3208107233047486
41,405/17,3,0.3535076212882996
41,405/17,5,0.1754153490066528
41,405/17,6,0.1923969793319702
41,405/17,7,0.023522877693176292
41,405/17,8,0.06756728410720825
41,405/17,9,0.045116209983825706
41,405/17,10,0.0776942014694213
41,405/17,11,0.034852123260498136
41,405/17,12,0.1385558843612671
41,405/34,1,0.03991289138793963
41,405/34,2,1.8604507637023926
41,405/34,3,1.849783058166504
41,405/34,4,1.1430931758880616
41,405/34,6,0.29295913696289055
41,405/34,7,0.12438049316406241
41,405/34,8,0.12897661209106448
41,405/34,9,0.13736126899719237
41,405/34,10,0.20330482482910162
41,405/34,11,0.01181110382080064
41,405/34,12,0.3165930747985839
41,418/15,1,0.07223974227905283
41,418/15,2,0.4773690319061279
41,418/15,3,0.6963587045669556
41,418/15,5,0.8175672388076782
41,418/15,6,0.7258874607086181
41,418/15,7,0.3172600603103638
41,418/15,8,0.1430161237716675
41,418/15,9,0.0688931274414063
41,418/15,10,0.14491827011108405
41,418/15,11,0.17279047012329096
41,418/15,12,0.08267001152038578
41,418/4,1,0.1197684478759764
41,418/4,5,0.1096807909011841
41,418/4,7,0.048236017227172745
41,418/4,8,0.21187010288238528
41,418/4,9,0.11671771526336672
41,418/4,10,0.029315748214721715
41,418/4,11,0.0014513778686522372
42,330/183,1,0.9342293643951418
42,330/183,2,1.31368332862854
42,330/183,3,0.7192066526412964
42,330/183,4,0.05326816558837888
42,330/183,6,0.24388503074645995
42,330/183,7,0.37422393798828124
42,330/183,8,0.35520745277404786
42,330/183,9,0.1938990306854249
42,330/183,10,0.06084456920623782
42,330/183,11,0.1818815231323243
42,330/183,12,0.294055199623108
42,331/2,1,1.1460702323913576
42,331/2,2,0.8426295852661134
42,331/2,3,0.7119136047363277
42,331/2,5,0.1259022521972657
42,331/2,6,0.021353740692138246
42,331/2,7,1.0622041511535647
42,331/2,8,0.16287786483764677
42,331/2,9,0.24807556152343757
42,331/2,10,0.2623007011413572
42,331/2,11,0.3343647193908694
42,331/2,12,0.484912376403809
42,341/17,1,0.08503122329711932
42,341/17,2,0.14384283065795866
42,341/17,4,0.1668966865539554
42,341/17,6,0.1575820159912107
42,341/17,9,0.6239163017272951
42,341/17,10,0.4818254661560051
42,341/17,11,0.42231975555419865
42,342/78,1,0.13604653358459462
42,342/78,2,0.7411117887496947
42,342/78,3,0.9731350898742677
42,342/78,4,1.2929289722442627
42,342/78,5,1.1821519470214845
42,342/78,6,3.8556329727172853
42,342/78,7,3.218512554168701
42,342/78,8,0.24917121887207028
42,342/78,9,0.8210509681701659
42,342/78,10,1.627650890350342
42,342/78,11,1.3983270835876467
42,342/78,12,0.7093555450439455
42,342/97,1,1.2813482284545898
42,342/97,2,2.3299700164794923
42,342/97,4,1.0775229930877686
42,377/54,1,0.04265604019165048
42,377/54,2,0.010427503585815234
42,377/54,3,1.2806291580200195
42,377/54,4,0.48709616661071786
42,377/54,5,0.6373241424560545
42,377/54,6,1.5883750915527344
42,377/54,7,1.5549688339233398
42,377/54,8,1.7499637603759766
42,377/54,9,0.9237685203552246
42,377/54,10,0.42406558990478516
42,377/54,11,0.6101721286773678
42,377/54,12,0.5875864219665523
42,377/86,1,1.022637252807617
42,377/86,2,0.63886604309082
42,377/86,3,0.40130893707275384
42,377/86,4,0.43277786254882855
42,377/86,6,0.041615171432495046
42,377/86,7,1.024476366043091
42,377/86,8,0.19360486984252923
42,377/86,9,0.44859664916992203
42,377/86,10,0.5063113212585453
42,377/86,11,0.6552738380432128
42,377/86,12,0.2626868820190431
42,377/94,1,0.07371082305908194
42,377/94,2,0.045249919891357404
42,377/94,3,0.03203609466552715
42,377/94,4,0.023958806991577042
42,377/94,6,0.5707516956329344
42,377/94,7,0.3328034114837646
42,377/94,8,0.19519167423248307
42,377/94,9,0.37580092430114753
42,377/94,10,0.38160062313079823
42,377/94,11,0.5518198823928833
42,377/94,12,0.41183428764343244
42,390/208,1,0.22569986343383786
42,390/208,2,0.06747938156127908
42,390/208,3,1.2906499481201168
42,390/208,4,0.039673767089843714
42,390/208,5,0.04244150161743132
42,390/208,6,0.08137718200683608
42,390/208,7,0.014648590087890767
42,390/208,8,0.3016751861572269
42,390/208,9,0.4137862777709964
42,390/208,10,0.26955760955810515
42,390/208,11,0.15968538284301736
42,390/208,12,1.2253307723999023
42,391/243,1,0.45950736045837415
42,391/243,2,0.5197106075286864
42,391/243,3,0.6317219257354738
42,391/243,4,0.7520608997344969
42,391/243,5,0.3702270984649658
42,391/243,6,0.7479849910736083
42,391/243,7,0.5882404232025147
42,391/243,8,0.8988417720794679
42,391/243,9,0.7777830123901364
42,391/243,10,0.746352653503418
42,391/243,11,0.6380708980560303
42,391/243,12,0.8170457935333251
42,391/33,1,0.038597869873047586
42,391/33,2,0.14082275390624943
42,391/33,3,0.42138301849365156
42,391/33,4,0.27820152282714794
42,391/33,6,0.13158420562744055
42,391/33,7,0.04054172515869148
42,391/33,8,0.16832141876220685
42,391/33,9,0.04287105560302695
42,391/33,10,0.17294630050659165
42,391/33,11,0.44134012222290053
42,391/33,12,0.44298988342285206
42,391/437,1,0.12085090637206974
42,391/437,2,0.139389610290527
42,391/437,3,0.07215366363525355
42,391/437,4,0.061202278137207244
42,391/437,6,0.16077713012695227
42,391/437,7,0.09734237670898516
42,391/437,8,0.05464878082275426
42,391/437,9,0.19157627105712827
42,391/437,10,0.22629272460937422
42,391/437,11,0.08503749847412045
42,391/437,12,0.37969608306884695
42,404/69,1,0.565536060333252
42,404/69,2,0.3752382278442381
42,404/69,3,1.2468191146850582
42,404/69,5,1.2387285041809086
42,404/69,6,0.06827287673950178
42,404/69,7,0.42564115524291957
42,404/69,8,0.6948926925659178
42,404/69,9,1.7497097778320314
42,404/69,10,1.42009859085083
42,404/69,11,0.3412594032287597
42,405/17,1,0.03950289249420158
42,405/17,2,0.1057136392593383
42,405/17,3,0.2947673082351685
42,405/17,4,0.3647237849235535
42,405/17,6,0.16442770957946773
42,405/17,7,0.1916909623146057
42,405/17,8,0.029213571548461936
42,405/17,9,0.03526168584823608
42,405/17,10,0.06413128376007082
42,405/17,11,0.08333685398101798
42,405/17,12,0.027919983863830655
42,405/34,1,0.09544421195983865
42,405/34,2,0.06364936828613299
42,405/34,3,1.890649814605713
42,405/34,4,1.8556462478637696
42,405/34,5,1.161865062713623
42,405/34,7,0.44873706817626946
42,405/34,8,0.15407552719116202
42,405/34,9,0.13115456581115725
42,405/34,10,0.12857268333435057
42,405/34,11,0.18877202033996587
42,405/34,12,0.019508275985717916
42,418/15,1,0.071449499130249
42,418/15,2,0.17886851787567148
42,418/15,3,0.20968826770782467
42,418/15,4,0.3884779453277588
42,418/15,6,0.36917198657989503
42,418/15,7,0.3890033197402954
42,418/15,8,0.1551673746109009
42,418/15,9,0.05628063678741457
42,418/15,10,0.1772489476203919
42,418/15,11,0.2160286974906922
42,418/15,12,0.23884409904479975
42,418/4,1,0.055870704650879066
42,418/4,2,0.10096604347228988
42,418/4,6,0.04382421493530275
42,418/4,8,0.06322420120239247
42,418/4,9,0.30956831455230716
42,418/4,10,0.003561754226684588
42,418/4,11,0.1921531772613525
42,418/4,12,0.029274339675903427
43,330/183,1,1.2864468002319338
43,330/183,2,0.507792410850525
43,330/183,3,0.32365091800689694
43,330/183,4,0.23261687040328982
43,330/183,6,0.0379520559310913
43,330/183,7,0.03130268096923827
43,330/183,8,0.494575629234314
43,330/183,9,0.22887289047241222
43,330/183,10,0.07866337776184085
43,330/183,11,0.17494127750396737
43,331/2,1,0.515556678771973
43,331/2,2,1.295032253265381
43,331/2,3,0.9441835021972658
43,331/2,4,0.7826404762268062
43,331/2,6,0.07892616271972663
43,331/2,7,0.016123752593994567
43,331/2,8,1.0855076599121096
43,331/2,9,0.24825174331665067
43,331/2,10,0.2961912918090821
43,331/2,11,0.2628829193115232
43,331/2,12,0.2983468246459964
43,341/17,1,0.09914093017578107
43,341/17,2,0.156245098114014
43,341/17,4,0.1914199447631839
43,341/17,6,0.11355945587158178
43,341/17,9,0.6093412971496583
43,341/17,10,0.44540035247802656
43,341/17,11,0.26793418884277287
43,342/78,1,0.6335946369171142
43,342/78,2,0.2568717050552367
43,342/78,3,0.9302711820602416
43,342/78,4,0.9437628746032716
43,342/78,5,1.3133232975006104
43,342/78,6,1.1745440101623537
43,342/78,7,3.982078742980957
43,342/78,8,3.2191782188415528
43,342/78,9,0.12038465499877926
43,342/78,10,0.8674786949157713
43,342/78,11,1.6770875787734987
43,342/78,12,1.3829114151000979
43,342/97,1,0.23659484863281222
43,342/97,2,1.263026237487793
43,342/97,3,2.3316394233703615
43,342/97,5,1.1046457290649414
43,377/54,1,0.19371643066406286
43,377/54,2,0.04595055580139151
43,377/54,3,0.05201837539672871
43,377/54,4,1.512256145477295
43,377/54,5,0.47392306327819833
43,377/54,6,0.6979651927947996
43,377/54,7,1.3867483139038086
43,377/54,8,1.4890642166137695
43,377/54,9,1.7182188034057617
43,377/54,10,0.9273843765258789
43,377/54,11,0.5697064399719238
43,377/54,12,0.5876422882080075
43,377/86,1,0.5240900802612307
43,377/86,2,0.684676055908203
43,377/86,3,0.3079520225524899
43,377/86,4,0.281581802368164
43,377/86,5,0.02048204421997113
43,377/86,7,0.047831459045410085
43,377/86,8,1.099087314605713
43,377/86,9,0.17016665458679192
43,377/86,10,0.49463384628295914
43,377/86,11,0.4544843673706058
43,377/86,12,0.6276730728149413
43,377/94,1,0.0226701259613038
43,377/94,2,0.06860754966735838
43,377/94,3,0.06984874725341816
43,377/94,4,0.0516313362121581
43,377/94,6,0.5707979488372801
43,377/94,7,0.3248714637756347
43,377/94,8,0.19131379604339616
43,377/94,9,0.36803920745849616
43,377/94,10,0.3915997791290282
43,377/94,11,0.5444001770019531
43,390/208,1,0.0618187522888185
43,390/208,2,0.30792947769165036
43,390/208,3,0.16779972076415994
43,390/208,4,1.3175144767761227
43,390/208,5,0.00942520141601566
43,390/208,6,0.08625616073608366
43,390/208,7,0.08631023406982408
43,390/208,8,0.14475139617919908
43,390/208,9,0.28525053024292024
43,390/208,10,0.4398945426940921
43,390/208,11,0.2153965377807614
43,390/208,12,0.19859148025512674
43,391/243,1,0.5786423015594484
43,391/243,2,0.5661405467987062
43,391/243,3,0.8319824409484862
43,391/243,4,0.5773288726806642
43,391/243,5,0.7780678367614744
43,391/243,6,0.24413561820983887
43,391/243,7,0.7562843418121337
43,391/243,8,0.6637292289733887
43,391/243,9,0.8197812175750734
43,391/243,10,0.8918131351470944
43,391/243,11,0.80039475440979
43,391/243,12,0.6464384365081788
43,391/33,1,0.11308460235595774
43,391/33,2,0.22914348602294865
43,391/33,3,0.5020648193359367
43,391/33,4,0.3239759826660151
43,391/33,6,0.12865070343017493
43,391/33,7,0.07467182159423835
43,391/33,8,0.1973488807678221
43,391/33,9,0.13063865661621055
43,391/33,10,0.5251596832275389
43,391/33,11,0.8342892265319826
43,391/437,1,0.4479837036132821
43,391/437,2,0.060476646423339275
43,391/437,3,0.12190780639648402
43,391/437,4,0.054762268066406605
43,391/437,5,0.08664249420166037
43,391/437,7,0.14100936889648352
43,391/437,8,0.09543788909912188
43,391/437,9,0.09962882995605504
43,391/437,10,0.012484283447266264
43,391/437,11,0.1938630294799797
43,391/437,12,0.0439827728271478
43,404/69,1,0.6087885093688961
43,404/69,3,0.510728874206543
43,404/69,4,0.4701130867004393
43,404/69,5,1.2935915946960446
43,404/69,7,1.0913462448120121
43,404/69,8,0.004540157318115412
43,404/69,9,0.3526311874389645
43,404/69,10,0.7104251861572264
43,404/69,11,1.866912536621094
43,404/69,12,1.6249883651733397
43,405/17,1,0.09217736721038827
43,405/17,2,0.01688948631286613
43,405/17,3,0.060521039962768475
43,405/17,4,0.3168184041976929
43,405/17,5,0.35835473060607914
43,405/17,7,0.16676546335220332
43,405/17,8,0.18675808191299437
43,405/17,9,0.009693825244903587
43,405/17,10,0.04976582050323486
43,405/17,11,0.11911948919296267
43,405/17,12,0.0860252618789672
43,405/34,1,0.36122275352478006
43,405/34,2,0.46862746238708475
43,405/34,3,0.32755918502807635
43,405/34,4,1.7570309829711914
43,405/34,5,1.7386974048614503
43,405/34,6,1.152822322845459
43,405/34,8,0.3217629623413085
43,405/34,9,0.1509295940399169
43,405/34,10,0.15671566009521487
43,405/34,11,0.10155938148498533
43,405/34,12,0.13472014427185064
43,418/15,1,0.2523796510696412
43,418/15,2,0.2898584413528442
43,418/15,3,0.3530257797241212
43,418/15,4,0.21701236724853512
43,418/15,5,0.3978643655776978
43,418/15,7,0.46795053243637086
43,418/15,8,0.45236323595046996
43,418/15,9,0.11365214347839359
43,418/15,10,0.03453841209411623
43,418/15,11,0.2170448231697083
43,418/15,12,0.22398508310318
43,418/4,1,0.16280723571777322
43,418/4,2,0.24354689598083512
43,418/4,3,0.1848747062683107
43,418/4,7,0.26004292488098146
43,418/4,9,0.018615727424621475
43,418/4,10,0.2054328012466431
43,418/4,11,0.17147805213928224
43,418/4,12,0.0295575046539307
44,330/183,1,0.11546432971954346
44,330/183,3,1.1217523717880251
44,330/183,4,0.9269774532318116
44,330/183,5,0.32774528026580807
44,330/183,6,0.17311349391937259
44,330/183,8,0.002937207221984872
44,330/183,9,0.07689844608306884
44,330/183,10,0.3833762502670288
44,330/183,11,0.257526035308838
44,330/183,12,0.07308480262756345
44,331/2,1,0.16790863037109371
44,331/2,2,0.39329706192016634
44,331/2,3,1.0284287834167483
44,331/2,4,1.8529512023925783
44,331/2,5,0.5691638183593746
44,331/2,7,0.08698232650756843
44,331/2,8,0.011237640380858949
44,331/2,9,1.143743305206299
44,331/2,10,0.24917823791503935
44,331/2,11,0.2824288177490235
44,331/2,12,0.3458153915405271
44,341/17,1,0.018746185302734197
44,341/17,2,0.06869016647338899
44,341/17,4,0.1851314163208011
44,341/17,6,0.32758781433105444
44,341/17,9,0.5619217491149904
44,341/17,10,0.5084005546569816
44,342/78,1,0.3034647750854492
44,342/78,2,0.645876531600952
44,342/78,3,0.3897341537475585
44,342/78,4,0.8988646602630614
44,342/78,5,1.1713009834289552
44,342/78,6,1.4346821689605713
44,342/78,7,1.0660459136962892
44,342/78,8,3.940072250366211
44,342/78,9,3.298710126876831
44,342/78,10,0.2764565563201904
44,342/78,11,0.9530080223083495
44,342/78,12,1.681052122116089
44,342/97,1,0.46424940109252955
44,342/97,2,0.29754703521728487
44,342/97,3,1.2418804168701172
44,342/97,4,2.4322773361206056
44,342/97,6,1.135134220123291
44,377/86,1,0.4902170944213866
44,377/86,2,0.6239235687255862
44,377/86,3,0.21926200866699208
44,377/86,4,0.19544467926025355
44,377/86,5,0.2926015090942382
44,377/86,6,0.131666641235352
44,377/86,8,0.19912807464599602
44,377/86,9,0.9286905097961426
44,377/86,10,0.15311305046081536
44,377/86,11,0.5091254043579103
44,377/86,12,0.6078480720520023
44,377/94,1,0.12842645645141593
44,377/94,3,0.2524105072021485
44,377/94,4,0.3656654167175293
44,377/94,5,0.3098728370666506
44,377/94,6,0.311211233139038
44,377/94,8,0.48706725120544414
44,377/94,9,0.10378090858459466
44,377/94,10,0.09168512344360336
44,377/94,11,0.11736361503601067
44,377/94,12,0.059577817916870224
44,391/243,1,0.2570125484466552
44,391/243,2,0.6037141609191896
44,391/243,3,0.8981343650817872
44,391/243,4,0.780134983062744
44,391/243,5,0.6626078605651857
44,391/243,6,0.8311247920989988
44,391/243,7,0.31575703620910645
44,391/243,8,0.724650249481201
44,391/243,9,0.5478554153442383
44,391/243,10,0.7744485473632814
44,391/243,11,0.8749626636505123
44,391/243,12,0.7926571178436279
44,391/33,1,0.2472750854492194
44,391/33,3,0.39886932373046946
44,391/33,4,0.41768394470214787
44,391/33,5,0.6331568908691398
44,391/33,6,0.4431709671020503
44,391/33,8,0.20483871459961023
44,391/33,9,0.5174674224853515
44,391/33,10,0.7773054122924803
44,391/33,11,0.4758277511596676
44,391/33,12,0.7668217086791991
44,391/437,1,0.007228851318359375
44,391/437,2,0.4277171707153329
44,391/437,3,0.05346237182617131
44,391/437,4,0.16254863739013636
44,391/437,5,0.0163549423217777
44,391/437,6,0.09204696655273459
44,391/437,8,0.1709757232666007
44,391/437,9,0.11027515411377031
44,391/437,10,0.11060371398925817
44,391/437,11,0.002288131713866548
44,391/437,12,0.15564739227294844
44,404/69,1,0.12453296661376978
44,404/69,2,0.6275253486633297
44,404/69,4,0.5050740623474121
44,404/69,5,0.4088833808898924
44,404/69,6,1.2348266601562496
44,404/69,8,1.118161659240723
44,404/69,9,0.01321535110473615
44,404/69,10,0.29904899597167933
44,404/69,11,0.7370069503784178
44,404/69,12,1.892190628051758
44,405/17,1,0.02756950855255136
44,405/17,2,0.10448417663574228
44,405/17,3,0.02257302761077873
44,405/17,4,0.02404287815093986
44,405/17,5,0.33097295761108403
44,405/17,6,0.3309488129615784
44,405/17,8,0.1750890731811523
44,405/17,9,0.21932182788848875
44,405/17,10,0.028972828388214134
44,405/17,11,0.06463306665420532
44,405/17,12,0.016701781749725364
44,405/34,1,0.4090461730957031
44,405/34,2,0.8412432765960691
44,405/34,3,1.2641270256042478
44,405/34,4,1.1969937801361086
44,405/34,5,0.8561642360687256
44,405/34,6,0.8812886428833009
44,405/34,7,0.3447716903686524
44,405/34,9,0.3029416036605834
44,405/34,10,0.15226879119873038
44,405/34,11,0.1403472709655762
44,405/34,12,0.09363935470581053
44,418/15,1,0.39834333896636953
44,418/15,2,0.4813954782485963
44,418/15,3,0.3735556411743164
44,418/15,4,0.5953529930114747
44,418/15,5,0.14504269599914554
44,418/15,6,0.24769542217254636
44,418/15,8,0.04339749574661256
44,418/15,9,0.29812668085098265
44,418/15,10,0.15543589353561404
44,418/15,11,0.14386000633239748
44,418/15,12,0.07674746990203862
44,418/4,1,0.0736627769470215
44,418/4,2,0.14676238059997537
44,418/4,3,0.24734681129455582
44,418/4,4,0.1832708644866945
44,418/4,8,0.23843922138214113
44,418/4,10,0.08082056522369374
44,418/4,11,0.2578087139129639
44,418/4,12,0.0547331380844116
45,330/183,1,0.08651292324066162
45,330/183,3,1.3753307962417605
45,330/183,4,0.5148100233078003
45,330/183,5,0.26615258216857907
45,330/183,6,0.246172993183136
45,330/183,8,0.011837491989135751
45,330/183,9,0.026738753318786612
45,330/183,10,0.46283639430999757
45,330/183,11,0.22071980953216563
45,331/2,1,0.5178234291076658
45,331/2,2,0.2075647926330566
45,331/2,3,0.421748027801514
45,331/2,4,1.0828626060485842
45,331/2,5,1.8625961875915529
45,331/2,6,0.5920024108886714
45,331/2,8,0.08294065475463874
45,331/2,9,0.00720546722412152
45,331/2,10,1.1431815910339358
45,331/2,11,0.3402941894531253
45,331/2,12,0.2759996223449708
45,341/17,1,0.1056144714355467
45,341/17,2,0.09832988739013704
45,341/17,4,0.23442874908447298
45,341/17,6,0.09992525100707983
45,341/17,9,0.5865942573547365
45,342/78,1,3.2623010540008544
45,342/78,2,1.6968680667877196
45,342/78,3,0.5887821865081788
45,342/78,4,0.7352601242065431
45,342/78,5,0.0550014114379882
45,342/78,6,0.7739734411239625
45,342/78,7,1.4821679973602295
45,342/78,8,1.0411020851135255
45,342/78,9,3.7733082294464113
45,342/78,10,3.6765935611724854
45,342/78,11,0.33972887039184574
45,342/78,12,0.5244592094421385
45,342/97,1,0.01492000579833963
45,342/97,2,0.45329597473144556
45,342/97,3,0.3395916748046872
45,342/97,4,1.2657313346862793
45,342/97,5,2.456321849822998
45,342/97,7,1.1141586303710938
45,377/86,1,0.28451717376708974
45,377/86,2,0.4894669342041018
45,377/86,3,0.8723739433288573
45,377/86,4,0.5887666702270504
45,377/86,5,0.42896120071411126
45,377/86,6,0.40030954360961957
45,377/86,8,0.021865768432617116
45,377/86,9,1.066240863800049
45,377/86,10,0.11688773155212395
45,377/86,11,0.4813205528259279
45,377/94,1,0.19891061782836905
45,377/94,3,0.2387193202972413
45,377/94,4,0.32789729118347166
45,377/94,5,0.2667200279235842
45,377/94,6,0.225506191253662
45,377/94,8,0.5026443290710447
45,377/94,9,0.12073127746582024
45,377/94,10,0.098818368911743
45,377/94,11,0.12595526695251458
45,391/243,1,0.6455466461181643
45,391/243,2,0.6461219215393066
45,391/243,3,0.8953310775756838
45,391/243,4,0.7882956409454347
45,391/243,5,0.9117217731475828
45,391/243,6,0.4501292228698732
45,391/243,7,0.6889221763610838
45,391/243,8,0.22957897186279297
45,391/243,9,0.6852432346343993
45,391/243,10,0.49148015022277836
45,391/243,11,0.760604295730591
45,391/243,12,1.0030950069427487
45,391/33,1,0.5423695755004889
45,391/33,3,0.6138608932495124
45,391/33,4,0.6476672744750971
45,391/33,5,0.8685904693603508
45,391/33,6,0.7051996612548823
45,391/33,8,0.9022645568847665
45,391/33,9,1.239544792175293
45,391/33,10,1.1152976036071776
45,391/33,11,0.903837738037109
45,391/437,1,0.10524250030517557
45,391/437,2,0.025159835815429688
45,391/437,3,0.4307260131835946
45,391/437,4,0.10774074554443303
45,391/437,5,0.15358695983886683
45,391/437,6,0.0388360977172848
45,391/437,7,0.05864547729492209
45,391/437,9,0.15501693725585852
45,391/437,10,0.1111887741088875
45,391/437,11,0.10900154113769567
45,391/437,12,0.009317665100097017
45,404/69,1,0.1343221664428711
45,404/69,2,0.15775659561157251
45,404/69,3,0.9873418998718257
45,404/69,5,0.486556568145752
45,404/69,6,0.4235604286193846
45,404/69,7,1.2598596572875973
45,404/69,9,1.2020821380615239
45,404/69,10,0.03543024063110334
45,404/69,11,0.40419921874999964
45,404/69,12,0.7238791465759276
45,405/17,1,0.05087163925170901
45,405/17,2,0.02141270637512216
45,405/17,3,0.07809433937072763
45,405/17,4,0.022835407257079998
45,405/17,5,0.05276015758514396
45,405/17,6,0.3179393291473389
45,405/17,7,0.35967545032501225
45,405/17,9,0.17713524103164668
45,405/17,10,0.19753656864166258
45,405/17,11,0.016734325885772727
45,405/17,12,0.05112283945083618
45,405/34,1,0.15335083961486795
45,405/34,2,0.42801880836486816
45,405/34,3,0.893320093154907
45,405/34,4,1.2501945590972898
45,405/34,5,1.1920842647552492
45,405/34,6,0.8766842079162598
45,405/34,7,0.8937274169921876
45,405/34,8,0.33888096332550055
45,405/34,10,0.30256323337554925
45,405/34,11,0.12997558116912833
45,405/34,12,0.15292647361755374
45,418/15,1,0.05339850425720216
45,418/15,2,0.4342681908607482
45,418/15,3,0.4565410566329957
45,418/15,4,0.37364147186279295
45,418/15,5,0.614108488559723
45,418/15,6,0.17151758909225467
45,418/15,7,0.2876282691955566
45,418/15,9,0.05896879196166993
45,418/15,10,0.27971486568450926
45,418/15,11,0.13398978471755985
45,418/15,12,0.1779325842857361
45,418/4,1,0.16869643211364727
45,418/4,2,0.0519492816925049
45,418/4,3,0.14567066192626932
45,418/4,4,0.2489918994903566
45,418/4,5,0.1581253337860109
45,418/4,9,0.2240524482727051
45,418/4,11,0.06534982204437245
45,418/4,12,0.24166789531707766
46,330/183,1,0.17171171188354495
46,330/183,3,0.02373671531677246
46,330/183,5,1.1466636562347414
46,330/183,6,0.7941179847717286
46,330/183,7,0.3712870693206787
46,330/183,8,0.22800311326980593
46,330/183,10,0.047640511989593515
46,330/183,11,0.08805917739868163
46,330/183,12,0.380941162109375
46,331/2,1,0.7642293930053707
46,331/2,2,0.47845241546630835
46,331/2,3,0.16253849029541012
46,331/2,4,0.4256433105468753
46,331/2,5,1.0917785072326662
46,331/2,6,1.8411323165893556
46,331/2,7,0.5706000518798824
46,331/2,9,0.13442523956298835
46,331/2,10,0.06726362228393512
46,331/2,11,1.0556791114807131
46,331/2,12,0.2299459648132327
46,341/17,1,0.5042354583740227
46,341/17,5,0.016097354888915838
46,341/17,6,0.016789779663086257
46,341/17,8,0.19011484146118196
46,341/17,10,0.09208509445190405
46,342/78,1,1.1902040100097655
46,342/78,2,2.052417125701904
46,342/78,3,1.5617768812179564
46,342/78,4,0.316291208267212
46,342/78,5,0.1152373504638673
46,342/78,6,0.8738478755950927
46,342/78,7,0.9683137893676759
46,342/78,8,1.4827449703216553
46,342/78,9,0.948857936859131
46,342/78,10,3.8327733993530275
46,342/78,11,3.349054832458496
46,342/78,12,0.5390140628814697
46,342/97,1,0.5645802307128909
46,342/97,2,0.11925054550170877
46,342/97,3,0.23667839050292994
46,342/97,4,0.18716638565063448
46,342/97,5,1.2603049278259277
46,342/97,6,2.2814337158203126
46,342/97,8,1.0961973667144775
46,377/86,1,0.4922907829284666
46,377/86,3,0.37858808517456044
46,377/86,4,0.4849002647399905
46,377/86,5,0.90146577835083
46,377/86,6,0.6166225433349606
46,377/86,7,0.40082160949707024
46,377/86,8,0.42299793243408246
46,377/86,10,0.02907626152038567
46,377/86,11,1.047665433883667
46,377/86,12,0.19933311462402337
46,377/94,1,0.029422760009765625
46,377/94,3,0.19602956771850577
46,377/94,5,0.2514716148376466
46,377/94,6,0.35847471237182615
46,377/94,7,0.308411331176758
46,377/94,8,0.31648481369018544
46,377/94,10,0.5050785827636717
46,377/94,11,0.11710373878478997
46,377/94,12,0.10760862350463851
46,391/243,1,0.6462068176269531
46,391/243,2,0.6892826271057131
46,391/243,3,0.6408774280548095
46,391/243,4,1.0967790412902834
46,391/243,5,0.8192144775390626
46,391/243,6,0.9502497386932371
46,391/243,7,0.6146833419799806
46,391/243,8,0.7987830734252928
46,391/243,9,0.25579094886779785
46,391/243,10,0.6706224536895751
46,391/243,11,0.5065377140045166
46,391/243,12,0.8346027469635011
46,391/33,1,0.028860473632812855
46,391/33,3,0.4401652526855475
46,391/33,5,0.5387552261352546
46,391/33,6,0.5399221038818354
46,391/33,7,0.7605200958251945
46,391/33,8,0.5563940429687495
46,391/33,10,0.19415756225586023
46,391/33,11,0.46414939880371087
46,391/33,12,0.6850626945495604
46,391/437,1,0.30262184143066406
46,391/437,2,0.06427455902099588
46,391/437,3,0.058800697326660156
46,391/437,4,0.4254302597045907
46,391/437,5,0.07028327941894474
46,391/437,6,0.16670188903808558
46,391/437,7,0.0361303329467777
46,391/437,8,0.08845352172851584
46,391/437,10,0.13462070465087805
46,391/437,11,0.15271652221679766
46,391/437,12,0.12012138366699254
46,404/69,1,0.12456035614013672
46,404/69,2,0.19030523300170898
46,404/69,3,0.19379928588867212
46,404/69,4,0.9948406410217281
46,404/69,6,0.18198732376098636
46,404/69,7,0.1558907508850096
46,404/69,8,1.2944875717163082
46,404/69,10,1.1945581245422368
46,404/69,11,0.0035268783569337714
46,404/69,12,0.3535190582275387
46,405/17,1,0.14182982206344608
46,405/17,2,0.046285243034362766
46,405/17,3,0.03071460723876962
46,405/17,4,0.09750256538391122
46,405/17,5,0.024725589752197186
46,405/17,6,0.052038941383361736
46,405/17,7,0.3259255170822144
46,405/17,8,0.3590020370483399
46,405/17,10,0.1749175906181335
46,405/17,11,0.21309260606765745
46,405/17,12,0.012993597984313987
46,405/34,1,0.15168276786804213
46,405/34,2,0.1684930419921873
46,405/34,3,0.4340023994445801
46,405/34,4,0.8980708217620847
46,405/34,5,1.2607669925689695
46,405/34,6,1.1874620437622072
46,405/34,7,0.876165885925293
46,405/34,8,0.8843210887908937
46,405/34,9,0.344878740310669
46,405/34,11,0.2856338453292846
46,405/34,12,0.1418043613433837
46,418/15,1,0.17511576414108276
46,418/15,2,0.0034282064437866078
46,418/15,3,0.3477478766441344
46,418/15,4,0.5002728056907655
46,418/15,5,0.40759644985198973
46,418/15,6,0.5562248086929322
46,418/15,7,0.12807110786437992
46,418/15,8,0.24350730180740354
46,418/15,10,0.032861480712890634
46,418/15,11,0.22031412839889525
46,418/15,12,0.1314847803115845
46,418/4,1,0.22879494190216065
46,418/4,2,0.29629555225372295
46,418/4,3,0.11640669822692873
46,418/4,4,0.1321041679382322
46,418/4,5,0.20288627624511735
46,418/4,6,0.17880719184875504
46,418/4,10,0.27839805603027346
46,418/4,12,5.138397216786217e-05
47,330/183,1,0.3337850856781006
47,330/183,3,0.32445597648620605
47,330/183,5,0.9433705711364748
47,330/183,6,1.0162256336212159
47,330/183,7,0.5627129888534546
47,330/183,8,0.04179987430572507
47,330/183,10,0.22294711112976073
47,330/183,11,0.3395756387710571
47,331/2,1,0.38541797637939457
47,331/2,2,0.5468336105346676
47,331/2,3,0.37814065933227514
47,331/2,4,0.005260429382324183
47,331/2,5,0.5244902229309085
47,331/2,6,1.0585782432556154
47,331/2,7,1.7105843162536623
47,331/2,8,0.5926380348205562
47,331/2,10,0.05938537597656257
47,331/2,11,0.014987964630126527
47,331/2,12,1.1164939689636233
47,341/17,1,0.5183927536010735
47,341/17,5,0.12118034362792951
47,341/17,6,0.012639179229736008
47,341/17,8,0.17722307205200227
47,341/17,10,0.27250406265258764
47,342/78,1,2.7376292514801026
47,342/78,2,2.3773314809799193
47,342/78,3,0.9793986344337463
47,342/78,4,0.2788755941390991
47,342/78,5,0.7709487724304198
47,342/78,6,0.29217947006225575
47,342/78,7,1.0571732854843139
47,342/78,8,1.2976139545440675
47,342/78,9,1.6550860786437989
47,342/78,10,1.2436346149444581
47,342/78,11,3.8209304332733156
47,342/78,12,3.109355230331421
47,342/97,1,0.4319284248352053
47,342/97,2,0.10641981124877908
47,342/97,3,0.3108170318603518
47,342/97,4,0.3320323753356931
47,377/86,1,0.7279518127441404
47,377/86,3,0.286877040863037
47,377/86,4,0.5416372108459475
47,377/86,5,0.5665577697753905
47,377/86,6,0.31064949035644496
47,377/86,7,0.42694465637207024
47,377/86,8,0.40357015609741254
47,377/86,10,0.008668584823608327
47,377/86,11,1.0372949409484864
47,377/94,1,0.035999298095703125
47,377/94,3,0.17566671371459952
47,377/94,5,0.21806273460388192
47,377/94,6,0.3167514610290527
47,377/94,7,0.26117846488952656
47,377/94,8,0.23669755935668935
47,377/94,10,0.515772132873535
47,377/94,11,0.1336933803558349
47,391/243,1,0.01488060951232928
47,391/243,2,0.6455130195617675
47,391/243,3,0.7985136222839357
47,391/243,4,0.7197503471374511
47,391/243,5,1.104383878707886
47,391/243,6,0.9051941776275636
47,391/243,7,0.9344790649414061
47,391/243,8,0.6034495353698732
47,391/243,9,0.8295526599884031
47,391/243,10,0.2600893974304199
47,391/243,11,0.5816105461120604
47,391/243,12,0.5070474529266358
47,391/33,1,0.0046991348266605115
47,391/33,3,0.45216438293457095
47,391/33,5,0.5558679580688484
47,391/33,6,0.5668767547607416
47,391/33,7,0.7181569290161125
47,391/33,8,0.5677551651000972
47,391/33,10,0.19813152313232507
47,391/33,11,0.5182275009155273
47,391/437,1,0.3493967056274414
47,391/437,2,0.10553527832031229
47,391/437,3,0.07152080535888672
47,391/437,4,0.44937892913818445
47,391/437,5,0.04258762359619084
47,391/437,6,0.1426425933837887
47,391/437,7,0.016384506225586293
47,391/437,8,0.07912849426269553
47,391/437,10,0.16811565399169837
47,391/437,11,0.14954650878906328
47,404/69,1,0.9112412834167483
47,404/69,2,0.40983057022094727
47,404/69,3,0.6403217315673828
47,404/69,4,0.2731373023986814
47,404/69,5,0.3968386840820308
47,404/69,7,0.4241953277587891
47,404/69,8,0.43460350036621076
47,404/69,9,1.2717381477355953
47,404/69,11,1.1663336563110356
47,404/69,12,0.024583625793456854
47,405/17,1,0.23690638303756717
47,405/17,2,0.00647941350936887
47,405/17,3,0.027776455879211515
47,405/17,4,0.09354910850524911
47,405/17,5,0.010394487380981365
47,405/17,6,0.04852584362030021
47,405/17,7,0.3214588642120362
47,405/17,8,0.32971469879150395
47,405/17,10,0.15251983404159541
47,405/17,11,0.1768610882759094
47,405/34,1,1.1326509666442872
47,405/34,2,1.0722221469879152
47,405/34,3,0.9729986095428469
47,405/34,4,0.694486141204834
47,405/34,5,0.24277256965637228
47,405/34,6,0.011785736083984588
47,405/34,7,0.02079982757568377
47,405/34,8,1.7634258460998535
47,405/34,9,1.7667969417572023
47,405/34,10,0.9075444412231446
47,405/34,12,0.34628812789916985
47,418/15,1,0.28655290603637695
47,418/15,2,0.1557726716995239
47,418/15,3,0.15419204473495474
47,418/15,4,0.3650978755950929
47,418/15,5,0.2756780195236206
47,418/15,6,0.38667737007141123
47,418/15,7,0.1351630306243896
47,418/15,8,0.3202307462692261
47,418/15,10,0.1913422441482544
47,418/15,11,0.30880348205566405
47,418/4,1,0.006687450408935591
47,418/4,2,0.20527339935302735
47,418/4,3,0.28881409645080547
47,418/4,4,0.09865071296691896
47,418/4,5,0.13190175056457498
47,418/4,6,0.21977918624877946
47,418/4,7,0.13900821685791032
47,418/4,11,0.24596943378448488
48,330/183,1,0.42848701953887947
48,330/183,3,0.29216387748718264
48,330/183,5,0.14083707332611084
48,330/183,7,1.0939500236511233
48,330/183,8,0.8486905670166016
48,330/183,9,0.4282965278625488
48,330/183,10,0.14329281330108645
48,330/183,12,0.002901306152343741
48,331/2,1,1.6706668281555173
48,331/2,2,0.22316690444946286
48,331/2,3,0.12307415008544886
48,331/2,4,0.5798465919494626
48,331/2,5,0.009447135925293004
48,331/2,6,0.4536226844787601
48,331/2,7,1.2565877342224123
48,331/2,8,0.9388047790527345
48,331/2,9,0.6215458106994625
48,331/2,11,0.01937143325805657
48,331/2,12,0.22116329193115192
48,341/17,1,0.3982534027099618
48,341/17,3,0.5430442810058587
48,341/17,7,0.052118110656738104
48,341/17,8,0.03184570312499968
48,341/17,10,0.20288024902343782
48,341/17,12,0.01967641830444311
48,342/78,1,6.235606784820557
48,342/78,2,1.1928299236297608
48,342/78,3,2.199184284210205
48,342/78,4,1.5539295339584351
48,342/78,5,0.699707989692688
48,342/78,6,0.7183947014808654
48,342/78,7,0.16848516941070546
48,342/78,8,1.0007122492790221
48,342/78,9,1.004732346534729
48,342/78,10,1.4128179931640625
48,342/78,11,1.0655480957031251
48,342/78,12,3.8781082153320314
48,342/97,1,0.4319284248352053
48,342/97,2,0.10641981124877908
48,342/97,3,0.3108170318603518
48,342/97,4,0.3320323753356931
48,377/86,1,0.005302476882934393
48,377/86,3,0.6611836433410643
48,377/86,5,0.37585580825805653
48,377/86,6,0.5000398445129397
48,377/86,7,0.820634250640869
48,377/86,8,0.35276184082031214
48,377/86,9,0.3309740257263183
48,377/86,10,0.09319684982299847
48,377/86,12,0.08494631767272942
48,377/94,1,0.025018978118896307
48,377/94,3,0.022324085235595703
48,377/94,5,0.15740766525268546
48,377/94,7,0.16003785133361825
48,377/94,8,0.29513190269470213
48,377/94,9,0.27406761169433613
48,377/94,10,0.2386294651031493
48,377/94,12,0.491578845977783
48,391/243,1,0.7194241714477538
48,391/243,2,0.4467528343200682
48,391/243,3,0.1464542961120605
48,391/243,4,0.5992624473571779
48,391/243,5,0.6568867588043212
48,391/243,6,1.1391772556304933
48,391/243,7,0.7621411228179933
48,391/243,8,0.9298897457122801
48,391/243,9,0.41355462074279803
48,391/243,10,0.6302793121337888
48,391/243,11,0.022307872772216797
48,391/243,12,0.18248687744140613
48,391/33,1,0.1394116973876951
48,391/33,3,0.26596679687500036
48,391/33,5,0.1336285781860358
48,391/33,7,0.33872013092041087
48,391/33,8,0.42163311004638615
48,391/33,9,0.6774417114257805
48,391/33,10,0.4906143569946284
48,391/33,12,0.20224376678466882
48,391/437,1,0.21404079437255774
48,391/437,3,0.31012439727783203
48,391/437,4,0.002260932922363068
48,391/437,5,0.009355545043945312
48,391/437,6,0.42729850769043054
48,391/437,7,0.042646751403808025
48,391/437,8,0.17837390899658168
48,391/437,9,0.000998115539550426
48,391/437,10,0.09807895660400412
48,391/437,12,0.16158203124999915
48,404/69,1,1.3203082084655762
48,404/69,2,1.5073981189727785
48,404/69,3,2.1565511226654053
48,404/69,4,2.2610714435577393
48,404/69,5,2.551306934356689
48,404/69,6,1.6584193515777592
48,404/69,8,2.0712504768371582
48,404/69,9,1.7004807472229002
48,404/69,10,2.011511898040771
48,404/69,12,1.2038321304321293
48,405/17,1,0.016282012462615958
48,405/17,3,0.24154189586639407
48,405/17,4,0.014430077075958225
48,405/17,5,0.002623772621154874
48,405/17,6,0.09070501327514657
48,405/17,7,0.017233762741088787
48,405/17,8,0.056185994148254315
48,405/17,9,0.33315758705139165
48,405/17,10,0.35840003013610844
48,405/17,12,0.1734389185905456
48,405/34,1,0.0326860332489014
48,405/34,2,1.0882409763336183
48,405/34,3,1.0330118274688722
48,405/34,4,0.9726600551605227
48,405/34,5,0.6586759090423584
48,405/34,6,0.26382206916809103
48,405/34,7,0.03957532882690451
48,405/34,8,0.05416064262390119
48,405/34,9,1.7825858783721924
48,405/34,10,1.752382869720459
48,405/34,11,0.8873837661743165
48,418/15,1,0.2354049158096314
48,418/15,3,0.16562610864639282
48,418/15,4,0.05171103715896608
48,418/15,5,0.3101863408088683
48,418/15,6,0.41263782501220714
48,418/15,7,0.3027903842926025
48,418/15,8,0.4701040840148927
48,418/15,9,0.22070393800735477
48,418/15,10,0.24076453447341917
48,418/15,12,0.01854724645614625
48,418/4,1,0.14217100143432626
48,418/4,2,0.04469318389892574
48,418/4,3,0.3939585781097412
48,418/4,4,0.398727922439575
48,418/4,5,0.26985456466674806
48,418/4,6,0.3432827091217039
48,418/4,7,0.27417390823364274
48,418/4,8,0.22966163635253922
48,418/4,12,0.2551984977722168
49,330/183,1,0.922924404144287
49,330/183,2,0.09269873619079583
49,330/183,4,0.33771958827972415
49,330/183,6,0.2732982635498047
49,330/183,8,0.9652762317657473
49,330/183,9,0.8690810775756836
49,330/183,10,0.5323129510879516
49,330/183,11,0.06909760951995847
49,331/2,1,0.04023540496826161
49,331/2,2,1.722973480224609
49,331/2,3,0.2567410087585449
49,331/2,4,0.13268146514892543
49,331/2,5,0.548597545623779
49,331/2,6,0.038263759613037074
49,331/2,7,0.4604757881164554
49,331/2,8,1.2464320564270022
49,331/2,9,0.9561888313293458
49,331/2,10,0.5378451538085933
49,331/2,12,0.06060688018798821
49,341/17,1,0.41400146484375
49,341/17,2,0.041630783081053835
49,341/17,4,0.46888465881347585
49,341/17,8,0.19248037338256818
49,341/17,9,0.0429648017883304
49,341/17,11,0.20256505966186555
49,342/78,1,7.790567512512207
49,342/78,2,9.032809848785401
49,342/78,3,2.616366310119629
49,342/78,4,2.690570011138916
49,342/78,5,4.691639747619629
49,342/78,6,2.9807332801818847
49,342/78,7,1.1031626415252687
49,342/78,8,0.06924235343933116
49,342/78,9,1.075649950504303
49,342/78,10,1.353174901008606
49,342/78,11,1.1329462909698487
49,342/78,12,0.8828024005889894
49,342/97,1,0.4319284248352053
49,342/97,2,0.10641981124877908
49,342/97,3,0.3108170318603518
49,342/97,4,0.3320323753356931
49,377/86,1,0.027638225555419726
49,377/86,2,0.15988545417785627
49,377/86,4,0.5127828598022459
49,377/86,6,0.34405935287475575
49,377/86,7,0.47117450714111353
49,377/86,8,0.8506835746765136
49,377/86,9,0.4123888969421383
49,377/86,10,0.40542833328247063
49,377/86,11,0.3790473747253422
49,377/94,1,0.00816965103149414
49,377/94,2,0.00515251159667951
49,377/94,4,0.04410576820373535
49,377/94,6,0.19785990715026847
49,377/94,8,0.24016652107238778
49,377/94,9,0.3402337837219238
49,377/94,10,0.27222511291503926
49,377/94,11,0.2797087478637694
49,391/243,1,0.02612780570983908
49,391/243,2,0.8005146217346191
49,391/243,3,0.44458417892456037
49,391/243,4,0.2121102428436279
49,391/243,5,0.555843086242676
49,391/243,6,0.5110339546203613
49,391/243,7,0.9319655227661134
49,391/243,8,0.7435344600677491
49,391/243,9,0.8192971420288084
49,391/243,10,0.2576171875000002
49,391/243,11,0.35638738632202127
49,391/243,12,0.3851799964904785
49,391/33,1,0.5870104980468742
49,391/33,2,0.5514109039306643
49,391/33,4,0.21220169067382777
49,391/33,6,0.6733681869506842
49,391/33,8,0.5909564971923835
49,391/33,9,0.5804141616821283
49,391/33,10,0.7983447265624992
49,391/33,11,0.7694067382812495
49,391/437,1,0.09567867279052678
49,391/437,2,0.24544338226318274
49,391/437,4,0.29028892517089844
49,391/437,5,0.0360948944091799
49,391/437,6,0.0430755615234375
49,391/437,7,0.4753007507324227
49,391/437,8,0.08339153289794865
49,391/437,9,0.17410144805908168
49,391/437,10,0.06743679046630824
49,391/437,11,0.09860824584960959
49,404/69,1,2.321643829345703
49,404/69,2,0.4468526840209961
49,404/69,3,0.41775201797485373
49,404/69,4,0.41005468368530273
49,404/69,5,0.3702859878540039
49,404/69,6,0.22605535507202124
49,404/69,7,0.5827059936523433
49,404/69,9,0.22887901306152347
49,404/69,10,0.23498516082763654
49,404/69,11,1.3752633094787594
49,405/17,1,0.004348077774047887
49,405/17,2,0.007799794673919669
49,405/17,4,0.24880120515823367
49,405/17,5,0.018306107521057102
49,405/17,6,0.010024642944336026
49,405/17,7,0.08950099945068368
49,405/17,8,0.019444618225097576
49,405/17,9,0.06695536136627189
49,405/17,10,0.32851212024688725
49,405/17,11,0.36242107868194584
49,405/34,1,0.10708598136901859
49,405/34,2,0.06877044677734379
49,405/34,3,1.112220163345337
49,405/34,4,1.0342644786834718
49,405/34,5,0.9439263248443606
49,405/34,6,0.5695126056671143
49,405/34,7,0.25007390022277853
49,405/34,8,0.030939569473266815
49,405/34,9,0.0032692432403562677
49,405/34,10,1.7589135360717774
49,405/34,11,1.7318719577789308
49,405/34,12,0.8824504089355469
49,418/15,1,0.1177372932434082
49,418/15,2,0.23081547737121588
49,418/15,4,0.19701045751571655
49,418/15,5,0.05052982330322264
49,418/15,6,0.2858303928375243
49,418/15,7,0.3885369849205018
49,418/15,8,0.264356951713562
49,418/15,9,0.41142533779144297
49,418/15,10,0.10624345302581784
49,418/15,11,0.12552865743637087
49,418/4,1,0.1107437515258789
49,418/4,2,0.16122243404388437
49,418/4,3,0.05901439189910884
49,418/4,4,0.4190219736099243
49,418/4,5,0.4234992551803587
49,418/4,6,0.2882520151138306
49,418/4,7,0.3243062591552732
49,418/4,8,0.279536180496216
49,418/4,9,0.22646110534667985
50,330/183,1,1.2588511753082274
50,330/183,2,0.4394959640502929
50,330/183,4,0.4438865470886231
50,330/183,6,0.19907796382904053
50,330/183,8,1.0438350343704226
50,330/183,9,0.8447285270690919
50,330/183,10,0.44578155040740963
50,330/183,11,0.04317709684371951
50,331/2,1,0.3978971672058105
50,331/2,2,0.06643951416015614
50,331/2,3,1.6948553466796872
50,331/2,4,0.27958007812499996
50,331/2,5,0.17948684692382777
50,331/2,6,0.5784699630737302
50,331/2,7,0.09139636993408207
50,331/2,8,0.5450500106811527
50,331/2,9,1.4125564002990725
50,331/2,10,1.0001355743408205
50,331/2,11,0.4757061195373531
50,341/17,1,0.24277046203613306
50,341/17,2,0.8228206634521484
50,341/17,3,0.608856716156005
50,341/17,5,0.6017705917358391
50,341/17,9,0.1895392417907713
50,341/17,10,0.008503303527832351
50,341/17,12,0.23693262100219759
50,342/78,1,1.7742837333679198
50,342/78,2,5.822289342880249
50,342/78,3,5.899651165008545
50,342/78,4,0.6922944355010987
50,342/78,5,0.7489648914337157
50,342/78,6,2.2827287578582762
50,342/78,7,1.4761112976074218
50,342/78,8,0.3928769278526305
50,342/78,9,0.7198302793502807
50,342/78,10,1.0959933137893676
50,342/78,11,1.343916153907776
50,342/78,12,0.8654284858703614
50,342/97,1,0.4319284248352053
50,342/97,2,0.10641981124877908
50,342/97,3,0.3108170318603518
50,342/97,4,0.3320323753356931
50,377/86,1,0.12305119514465312
50,377/86,2,0.138923931121826
50,377/86,4,0.6909769058227537
50,377/86,6,0.34991586685180653
50,377/86,7,0.47422721862792994
50,377/86,8,0.8158906745910643
50,377/86,9,0.38868341445922816
50,377/86,10,0.287227554321289
50,377/86,11,0.0400390815734859
50,377/94,1,0.12664508819580078
50,377/94,2,0.14103703498840314
50,377/94,4,0.10635614395141602
50,377/94,6,0.19468703269958487
50,377/94,8,0.16879401206970224
50,377/94,9,0.30302117347717283
50,377/94,10,0.24737188339233418
50,377/94,11,0.15782630920410146
50,391/243,1,1.3578797388076782
50,391/243,2,0.7011454200744627
50,391/243,3,0.7887538242340089
50,391/243,4,0.2441949367523195
50,391/243,5,0.9509319877624511
50,391/243,6,0.781337471008301
50,391/243,7,0.6484608078002929
50,391/243,8,1.1481444168090822
50,391/243,9,0.8239063167572023
50,391/243,10,1.0260956954956053
50,391/243,11,0.5614556789398195
50,391/243,12,0.8788209056854246
50,391/33,1,0.16412174224853437
50,391/33,2,0.04084323883056662
50,391/33,4,0.007981681823730824
50,391/33,6,0.465078086853028
50,391/33,8,0.4977653503417976
50,391/33,9,0.5252326583862299
50,391/33,10,0.6945697021484367
50,391/33,11,0.5547079467773433
50,391/437,1,0.10972724914550724
50,391/437,2,0.2784681701660148
50,391/437,4,0.3662891387939453
50,391/437,5,0.0453569793701174
50,391/437,6,0.035025596618652344
50,391/437,7,0.4160794830322274
50,391/437,8,0.1077979660034174
50,391/437,9,0.1835342407226559
50,391/437,10,0.039292907714843395
50,391/437,11,0.10496448516845724
50,404/69,1,0.10199981689453086
50,404/69,2,2.390589714050293
50,404/69,3,0.4107780456542969
50,404/69,4,0.4307033920288088
50,404/69,5,0.3883218765258789
50,404/69,6,0.37755775451660156
50,404/69,7,0.20796367645263647
50,404/69,8,0.8554287147521968
50,404/69,10,0.20126775741577152
50,404/69,11,0.2100780487060545
50,404/69,12,1.4079342842102047
50,405/17,1,0.03268299341201786
50,405/17,2,0.024794390201568595
50,405/17,4,0.23986646890640262
50,405/17,5,0.013806254863738987
50,405/17,6,0.0400881528854371
50,405/17,7,0.1031440258026124
50,405/17,8,0.023471388816833416
50,405/17,9,0.024725470542907635
50,405/17,10,0.34268610477447514
50,405/17,11,0.36560188055038456
50,405/34,1,0.16178023338317882
50,405/34,2,0.012468614578247106
50,405/34,3,0.12377718925476078
50,405/34,4,1.1278320503234864
50,405/34,5,1.0282911396026613
50,405/34,6,0.9594695472717287
50,405/34,7,0.5797324180603027
50,405/34,8,0.24918865203857443
50,405/34,9,0.009779701232909943
50,405/34,10,0.028007221221924006
50,405/34,11,1.7551934909820557
50,405/34,12,1.732339496612549
50,418/15,1,0.22543811798095703
50,418/15,2,0.2779517245292664
50,418/15,4,0.09385305643081665
50,418/15,5,0.007683501243591295
50,418/15,6,0.3334741735458373
50,418/15,7,0.4772658896446229
50,418/15,8,0.405217866897583
50,418/15,9,0.5791205024719239
50,418/15,10,0.1740439319610596
50,418/15,11,0.31941441297531126
50,418/4,1,0.21877260208129878
50,418/4,2,0.06929684638977052
50,418/4,3,0.011121129989624112
50,418/4,4,0.021803092956542924
50,418/4,5,0.2683707571029663
50,418/4,6,0.29842713356018047
50,418/4,7,0.13028027534484865
50,418/4,8,0.1918706989288328
50,418/4,9,0.23522465705871598
50,418/4,10,0.1725737380981447
51,330/183,1,1.6146138954162597
51,330/183,2,0.917875690460205
51,330/183,4,0.6405718612670899
51,330/183,6,0.3904569149017334
51,330/183,8,0.8590183162689211
51,330/183,9,1.0437501049041749
51,330/183,10,0.5715158796310424
51,331/2,1,0.4105489921569827
51,331/2,2,0.47917644500732415
51,331/2,3,0.12264215469360362
51,331/2,4,1.5306626701354977
51,331/2,5,0.23935647964477536
51,331/2,6,0.15612134933471644
51,331/2,7,0.5371091079711912
51,331/2,8,0.06754020690917972
51,331/2,9,0.6072767829895023
51,331/2,10,1.4545414352416994
51,331/2,11,1.1441771125793458
51,331/2,12,0.4976797294616695
51,341/17,1,0.3468853378295895
51,341/17,2,0.5247767257690432
51,341/17,3,1.1195616722106934
51,341/17,4,0.8192949676513663
51,341/17,6,0.6083919525146477
51,341/17,10,0.2862923622131346
51,341/17,11,0.0007468605041500709
51,342/78,1,0.12540641784667983
51,342/78,2,1.5903519058227538
51,342/78,3,5.831279153823853
51,342/78,4,5.9784206104278566
51,342/78,5,0.6964319515228272
51,342/78,6,0.8156715488433837
51,342/78,7,2.253875341415405
51,342/78,8,1.5105540800094603
51,342/78,9,0.19733428478240977
51,342/78,10,0.5456688451766967
51,342/78,11,1.1146473622322082
51,342/78,12,1.2879053115844727
51,342/97,1,0.4319284248352053
51,342/97,2,0.10641981124877908
51,342/97,3,0.3108170318603518
51,342/97,4,0.3320323753356931
51,377/86,1,0.06563356399536113
51,377/86,2,0.1595831394195555
51,377/86,4,0.7497237205505369
51,377/86,6,0.2219213294982909
51,377/86,7,0.5447490501403811
51,377/86,8,0.6599363136291503
51,377/86,9,0.34064826965331996
51,377/86,10,0.3236016464233398
51,377/94,1,0.036058664321899414
51,377/94,2,0.040362882614135565
51,377/94,4,0.0059697628021240234
51,377/94,6,0.17942132949829093
51,377/94,8,0.2547067165374757
51,377/94,9,0.36257956504821776
51,377/94,10,0.3096186828613283
51,391/243,1,0.07788851737976055
51,391/243,2,1.34122727394104
51,391/243,3,0.846961507797241
51,391/243,4,0.8117545413970948
51,391/243,5,0.3060495376586916
51,391/243,6,1.0785803413391113
51,391/243,7,0.8887877178192141
51,391/243,8,0.6250688457489013
51,391/243,9,1.401573829650879
51,391/243,10,0.7931853675842286
51,391/243,11,0.9161480140686034
51,391/243,12,0.4120509147644045
51,391/33,1,0.014514083862303906
51,391/33,2,0.12490535736083963
51,391/33,4,0.3433927536010746
51,391/33,6,0.1101758193969733
51,391/33,8,0.2916343688964851
51,391/33,9,0.3551620101928705
51,391/33,10,0.6742736053466789
51,391/437,1,0.36374412536621037
51,391/437,2,0.5284014129638663
51,391/437,4,0.30676937103271484
51,391/437,5,0.3912246322631834
51,391/437,6,0.24968433380126953
51,391/437,7,0.7706184005737313
51,391/437,8,0.13154853820800838
51,391/437,9,0.011487388610840199
51,391/437,10,0.04720554351806605
51,404/69,1,0.14038887023925817
51,404/69,2,0.08608442306518516
51,404/69,3,2.232696056365967
51,404/69,4,0.36485958099365234
51,404/69,5,0.3903767967224123
51,404/69,6,0.4599766731262207
51,404/69,7,0.31066465377807617
51,404/69,8,0.27859613418579077
51,404/69,9,0.6182341766357418
51,404/69,11,0.22765306472778324
51,404/69,12,0.26472787857055646
51,405/17,1,0.005537309646606481
51,405/17,2,0.009428253173828116
51,405/17,4,0.2503095602989197
51,405/17,5,0.018591673374176
51,405/17,6,0.004997706413269132
51,405/17,7,0.08873758316040048
51,405/17,8,0.024547014236450115
51,405/17,9,0.07124963760375969
51,405/17,10,0.336577582359314
51,405/34,1,0.34240281105041515
51,405/34,2,0.12541790962219235
51,405/34,3,0.18977955818176273
51,405/34,4,0.8920525264739991
51,405/34,5,0.7669271564483644
51,405/34,6,0.728015413284302
51,405/34,7,0.30869245529174805
51,405/34,8,0.0573809051513674
51,405/34,9,0.058387289047241
51,405/34,10,0.032218647003174006
51,405/34,11,1.7006647777557373
51,418/15,1,0.3660379648208618
51,418/15,2,0.030085391998291078
51,418/15,4,0.4700014591217041
51,418/15,5,0.43144856452941893
51,418/15,6,0.1839588737487794
51,418/15,7,0.07467878341674794
51,418/15,8,0.005295295715332049
51,418/15,9,0.11052952766418467
51,418/15,10,0.3196553802490234
51,418/4,1,0.06956918239593501
51,418/4,2,0.043815245628356925
51,418/4,3,0.10637114048004159
51,418/4,4,0.04149539470672603
51,418/4,5,0.4067169523239136
51,418/4,6,0.43184199810028057
51,418/4,7,0.2840742063522339
51,418/4,8,0.34406782150268533
51,418/4,9,0.2986852455139162
51,418/4,10,0.19544308662414567
52,330/183,1,1.5577484416961669
52,330/183,2,1.1032940578460693
52,330/183,4,0.7314502286911011
52,330/183,6,0.49911999702453613
52,330/183,8,0.7229452037811281
52,330/183,9,1.045100507736206
52,331/2,1,1.2101979827880855
52,331/2,2,0.11454469680786161
52,331/2,3,0.230131549835205
52,331/2,4,0.009063606262206925
52,331/2,5,1.4978257560729977
52,331/2,6,0.13268610000610348
52,331/2,7,0.15697631835937464
52,331/2,8,0.4741537284851072
52,331/2,9,0.060096225738525355
52,331/2,10,0.21622644424438509
52,331/2,11,1.0564477348327639
52,331/2,12,2.0702087020874025
52,341/17,1,0.2238518714904787
52,341/17,2,0.36203254699707
52,341/17,3,0.5214588928222659
52,341/17,4,1.1094388961791992
52,341/17,5,1.0104952239990226
52,341/17,7,0.7418663024902337
52,341/17,11,0.2871292114257811
52,341/17,12,0.014164104461669602
52,342/78,1,1.5469123172760009
52,342/78,2,1.379868116378784
52,342/78,3,2.1465979480743407
52,342/78,4,5.8611930561065675
52,342/78,5,5.790586585998535
52,342/78,6,0.7463873195648194
52,342/78,7,0.8219345664978026
52,342/78,8,2.02684720993042
52,342/78,9,1.5558023500442504
52,342/78,10,0.3901740264892579
52,342/78,11,0.4526027488708495
52,342/78,12,0.9113462901115417
52,342/97,1,0.4319284248352053
52,342/97,2,0.10641981124877908
52,342/97,3,0.3108170318603518
52,342/97,4,0.3320323753356931
52,377/86,1,0.17806103706359844
52,377/86,2,0.32852487564086896
52,377/86,4,0.4459326744079588
52,377/86,6,0.3593395996093749
52,377/86,7,0.6898834991455081
52,377/86,8,0.4774731445312499
52,377/86,9,0.2055521965026852
52,377/94,1,0.009925127029418945
52,377/94,2,0.012744712829589666
52,377/94,4,0.031833648681640625
52,377/94,6,0.17066993713378897
52,377/94,8,0.23761425018310556
52,377/94,9,0.31137083053588865
52,391/243,1,0.31286281585693354
52,391/243,2,0.10766461372375469
52,391/243,3,0.7456214237213135
52,391/243,4,0.39398313522338846
52,391/243,5,0.5247911643981933
52,391/243,6,0.20246987342834455
52,391/243,7,0.30240221977233883
52,391/243,8,0.7209241104125979
52,391/243,9,0.5747396373748779
52,391/243,10,0.8981246280670168
52,391/243,11,0.7038263225555421
52,391/243,12,0.7724848461151121
52,391/33,1,0.029806251525878125
52,391/33,2,0.021004905700683807
52,391/33,4,0.022591972351074574
52,391/33,6,0.47241470336914126
52,391/33,8,0.5112131118774421
52,391/33,9,0.5253451919555658
52,391/437,1,0.38130317687988224
52,391/437,2,0.5132751846313468
52,391/437,4,0.2824993133544922
52,391/437,5,0.3417584991455076
52,391/437,6,0.24697208404541016
52,391/437,7,0.7269973373413094
52,391/437,8,0.06238235473632869
52,391/437,9,0.031797790527344105
52,404/69,1,0.6632765197753905
52,404/69,2,0.4368223190307621
52,404/69,3,0.3903790092468258
52,404/69,4,2.2626004219055176
52,404/69,5,0.3258233070373535
52,404/69,6,0.35685609817504904
52,404/69,7,0.24939775466918945
52,404/69,8,0.18408679962158203
52,404/69,9,0.016054897308349858
52,404/69,10,0.9535637092590328
52,404/69,12,0.16187862396240238
52,405/17,1,0.026957609653472936
52,405/17,2,0.018880178928375235
52,405/17,4,0.24671206235885623
52,405/17,5,0.01785770177841184
52,405/17,6,0.0057513952255248135
52,405/17,7,0.08440468311309823
52,405/17,8,0.02796891689300529
52,405/17,9,0.07003561019897453
52,405/34,1,0.4904650402069093
52,405/34,2,0.009933509826660192
52,405/34,3,0.3638003253936768
52,405/34,4,0.79364239692688
52,405/34,5,0.7432247734069826
52,405/34,6,0.6647014522552492
52,405/34,7,0.308988094329834
52,405/34,8,0.07442997932434103
52,405/34,9,0.02680825233459494
52,405/34,10,0.12765593528747576
52,418/15,1,0.3611716032028198
52,418/15,2,0.04827565670013434
52,418/15,4,0.4100857973098755
52,418/15,5,0.276978120803833
52,418/15,6,0.0298385763168334
52,418/15,7,0.30859612941741954
52,418/15,8,0.2739997911453247
52,418/15,9,0.3323016023635865
52,418/4,1,0.3281183195114137
52,418/4,3,0.1212415218353271
52,418/4,4,0.06470097064971925
52,418/4,5,0.02034459114074716
52,418/4,6,0.010568785667419478
52,418/4,7,0.16979909896850587
52,418/4,8,0.2650037097930906
52,418/4,9,0.09814264297485353
52,418/4,10,0.12361598968505838
52,418/4,11,0.1892694759368898
52,418/4,12,0.14830320358276383
53,330/183,1,1.1542522048950197
53,330/183,5,1.604121332168579
53,330/183,6,0.8405706119537353
53,330/183,8,0.6845146703720093
53,330/183,10,0.4436497688293457
53,330/183,12,0.6124331855773928
53,331/2,1,0.3833902168273928
53,331/2,2,1.2538495635986324
53,331/2,3,0.021029167175292685
53,331/2,4,0.1604723167419433
53,331/2,5,0.02472627639770497
53,331/2,6,1.5275651359558102
53,331/2,7,0.026247940063476527
53,331/2,8,0.1773854255676266
53,331/2,9,0.3951756668090818
53,331/2,10,0.09710784912109371
53,331/2,11,0.3081792449951175
53,331/2,12,1.0964090728759768
53,341/17,1,0.09012895584106406
53,341/17,2,0.26092357635498065
53,341/17,3,0.44770635604858366
53,341/17,4,0.5644181060791018
53,341/17,5,1.0290122032165527
53,341/17,6,1.011726417541503
53,341/17,8,0.8134958267211907
53,341/17,12,0.16150407791137678
53,342/78,1,0.23514307022094716
53,342/78,2,1.5244549560546874
53,342/78,3,1.39501389503479
53,342/78,4,2.085577335357666
53,342/78,5,5.783054704666138
53,342/78,6,5.668154354095459
53,342/78,7,0.753856019973755
53,342/78,8,0.8987437343597411
53,342/78,9,2.020386662483215
53,342/78,10,1.4839187908172606
53,342/78,11,0.23354268550872792
53,342/78,12,0.666647856235504
53,342/97,1,0.4319284248352053
53,342/97,2,0.10641981124877908
53,342/97,3,0.3108170318603518
53,342/97,4,0.3320323753356931
53,377/86,1,0.15968486785888647
53,377/86,5,0.15717366218566875
53,377/86,6,0.198325204849243
53,377/86,8,0.536938953399658
53,377/86,10,0.35254180908203114
53,377/86,11,0.5368349838256838
53,377/86,12,0.7077134895324706
53,377/94,1,0.11081318855285627
53,377/94,5,0.010097980499267578
53,377/94,6,0.0228968143463133
53,377/94,8,0.01266026496887207
53,377/94,10,0.18239011764526358
53,377/94,12,0.2413280963897706
53,391/243,1,0.42971656799316404
53,391/243,2,0.20524233818054194
53,391/243,3,0.15574982643127422
53,391/243,4,0.6277351188659668
53,391/243,5,0.46559334754943826
53,391/243,6,0.5421733093261718
53,391/243,7,0.25700788497924787
53,391/243,8,0.3470875835418701
53,391/243,9,0.7260143470764162
53,391/243,10,0.6300885105133056
53,391/243,11,1.2195114421844484
53,391/243,12,0.8860501194000245
53,391/33,1,0.20247222900390582
53,391/33,5,0.2741528701782219
53,391/33,6,0.15560840606689474
53,391/33,8,0.011711692810058238
53,391/33,10,0.4960868072509772
53,391/33,12,0.5550039291381843
53,391/437,1,0.2246693420410164
53,391/437,5,0.415292129516601
53,391/437,6,0.7161856079101554
53,391/437,8,0.22456645965576172
53,391/437,9,0.39785457611083963
53,391/437,10,0.24013519287109375
53,391/437,11,0.6954421615600594
53,391/437,12,0.0103966140747076
53,404/69,1,0.1377937126159665
53,404/69,2,0.7025016212463377
53,404/69,3,0.3779272079467777
53,404/69,4,0.40166765213012656
53,404/69,5,2.2496695518493652
53,404/69,6,0.3167295455932617
53,404/69,7,0.3668882751464846
53,404/69,8,0.24441194534301758
53,404/69,9,0.1569681167602539
53,404/69,10,0.00223377227783228
53,404/69,11,0.908463973999023
53,405/17,1,0.01865925312042238
53,405/17,5,0.011830964088439977
53,405/17,6,0.03370528459548949
53,405/17,8,0.23494068145751956
53,405/17,9,0.017524392604827854
53,405/17,10,0.037327027320861905
53,405/17,11,0.08729288578033456
53,405/17,12,0.030638370513915936
53,405/34,1,0.4564863395690919
53,405/34,2,0.020978488922119176
53,405/34,3,0.392811336517334
53,405/34,4,0.7696832370758058
53,405/34,5,0.7111815547943117
53,405/34,6,0.6699280643463137
53,405/34,7,0.3619990348815918
53,405/34,8,0.14557241439819357
53,405/34,9,0.06297468185424826
53,418/15,1,0.14388063907623283
53,418/15,5,0.38202083110809326
53,418/15,6,0.04893226146698004
53,418/15,8,0.4140051603317261
53,418/15,9,0.2810489988327026
53,418/15,10,0.026892766952514746
53,418/15,11,0.23777210235595714
53,418/15,12,0.27043292999267576
53,418/4,1,0.18206410408020002
53,418/4,2,0.12534260272979747
53,418/4,4,0.0753653764724731
53,418/4,5,0.039700756072998056
53,418/4,6,0.03290734291076669
53,418/4,7,0.02189402580261235
53,418/4,8,0.14559877872467042
53,418/4,9,0.27963414669036846
53,418/4,10,0.11944009780883791
53,418/4,11,0.1324398612976072
53,418/4,12,0.20049493789672868
54,330/183,1,1.0829059219360353
54,330/183,5,1.5828396129608153
54,330/183,6,0.9923805427551269
54,330/183,8,0.7469135808944702
54,330/183,10,0.45667552947998047
54,331/2,1,0.10036012649536108
54,331/2,2,0.4003699111938479
54,331/2,3,0.006256999969482813
54,331/2,4,0.07437150955200167
54,331/2,5,0.366448802947998
54,331/2,6,0.07222497940063466
54,331/2,7,1.4576593780517575
54,331/2,8,0.031782112121581996
54,331/2,9,0.14353189468383754
54,331/2,10,0.40585205078124975
54,331/2,11,0.09084030151367184
54,331/2,12,0.3442486381530765
54,341/17,1,0.4624556350708007
54,341/17,2,0.4203053092956539
54,341/17,3,0.34345884323120135
54,341/17,4,0.5321031951904294
54,341/17,5,0.556474475860596
54,341/17,6,1.01224946975708
54,341/17,7,0.8832917594909659
54,341/17,9,0.8178274154663079
54,342/78,1,0.20135302543640154
54,342/78,2,0.35179388999938954
54,342/78,3,1.4597691345214843
54,342/78,4,1.367555465698242
54,342/78,5,1.981594648361206
54,342/78,6,6.1234799575805665
54,342/78,7,5.92694580078125
54,342/78,8,0.6938329505920411
54,342/78,9,0.8651767826080321
54,342/78,10,2.0243315362930296
54,342/78,11,1.5215051221847533
54,342/78,12,0.46588825702667247
54,342/97,1,0.4319284248352053
54,342/97,2,0.10641981124877908
54,342/97,3,0.3108170318603518
54,342/97,4,0.3320323753356931
54,377/86,1,0.5342057037353518
54,377/86,5,0.11867192268371562
54,377/86,6,0.19253616333007795
54,377/86,8,0.468729782104492
54,377/86,10,0.44830644607543935
54,377/86,11,0.6624286460876467
54,377/94,1,0.3103266239166258
54,377/94,5,0.07421040534973145
54,377/94,6,0.16253237724304181
54,377/94,8,0.11024737358093262
54,377/94,10,0.1860248088836669
54,391/243,1,0.5596527385711672
54,391/243,2,0.6090278434753418
54,391/243,3,0.822204532623291
54,391/243,4,0.5336523342132566
54,391/243,5,0.2279121685028076
54,391/243,6,0.002888908386230682
54,391/243,7,0.7082885932922363
54,391/243,8,0.29262189865112287
54,391/243,9,0.3772601699829101
54,391/243,10,0.6542470169067385
54,391/243,11,0.4693688774108886
54,391/243,12,0.9381095695495607
54,391/33,1,0.5515847396850582
54,391/33,5,0.6783000183105461
54,391/33,6,0.7201769256591799
54,391/33,8,0.3529201507568356
54,391/33,10,0.6906544876098639
54,391/437,1,0.137662773132325
54,391/437,5,0.3649505233764643
54,391/437,6,0.5027771377563468
54,391/437,8,0.27354907989501953
54,391/437,9,0.41232086181640604
54,391/437,10,0.22359943389892578
54,391/437,11,0.7177438354492196
54,404/69,1,0.6315280914306642
54,404/69,2,0.5454061698913577
54,404/69,3,0.08406766891479478
54,404/69,4,0.16194334030151403
54,404/69,5,0.11233430862426719
54,404/69,6,2.3606042861938477
54,404/69,7,0.32549619674682617
54,404/69,8,0.37701391220092795
54,404/69,9,0.2962169647216797
54,404/69,10,0.3388252258300781
54,404/69,11,0.09631225585937475
54,404/69,12,0.8881640624999996
54,405/17,1,0.022423167228698748
54,405/17,5,0.02755276203155521
54,405/17,6,0.012710621356964102
54,405/17,8,0.23333368062973026
54,405/17,9,0.011013896465301487
54,405/17,10,0.005083298683166593
54,405/17,11,0.07820186614990243
54,405/34,1,0.21906581878662124
54,405/34,5,0.9261814308166505
54,405/34,6,0.9276680564880371
54,405/34,7,1.3437745952606202
54,405/34,8,0.10726177215576183
54,405/34,9,0.16846140861511216
54,405/34,10,0.19705177307128885
54,405/34,11,0.4754462242126465
54,405/34,12,0.8713071441650388
54,418/15,1,0.12743023395538322
54,418/15,5,0.24353301525115967
54,418/15,6,0.02636105537414557
54,418/15,8,0.41668272018432617
54,418/15,9,0.2457576847076416
54,418/15,10,0.19088019371032705
54,418/15,11,0.37344550609588634
54,418/4,1,0.04713730812072736
54,418/4,2,0.3023657751083375
54,418/4,4,0.06882889270782466
54,418/4,5,0.008506903648376474
54,418/4,6,0.11602828502655038
54,418/4,7,0.03184599876403804
54,418/4,8,0.253710994720459
54,418/4,9,0.35818961143493633
54,418/4,10,0.26088144302368166
54,418/4,11,0.33087182998657205
55,330/183,1,1.1161786842346189
55,330/183,3,1.73474422454834
55,330/183,7,1.5091117668151854
55,330/183,8,0.5219620895385741
55,330/183,10,0.5819111156463623
55,330/183,12,0.30729103088378906
55,341/17,1,0.2184005546569825
55,341/17,2,0.49266756057739247
55,341/17,3,0.42650705337524375
55,341/17,4,0.3777558326721193
55,341/17,5,0.5585910224914548
55,341/17,6,0.6193287658691409
55,341/17,7,1.0251030921936035
55,341/17,8,0.7229233169555656
55,341/17,10,0.7158433914184563
55,342/78,1,0.7727071571350099
55,342/78,2,0.7973883628845213
55,342/78,3,0.052067632675171005
55,342/78,4,1.7213400650024413
55,342/78,5,1.5770591163635252
55,342/78,6,2.073014106750488
55,342/78,7,5.69961916923523
55,342/78,8,5.6021951389312745
55,342/78,9,0.8587997722625733
55,342/78,10,1.1765140151977538
55,342/78,11,2.3933857345581053
55,342/78,12,1.6062099981307982
55,342/97,1,0.45578125000000025
55,342/97,2,0.09503103256225565
55,342/97,3,0.38097074508667017
55,377/86,1,0.1046659469604494
55,377/86,3,0.12644079208374048
55,377/86,7,0.11716535568237285
55,377/86,8,0.15018920898437482
55,377/86,10,0.5508811950683592
55,377/86,12,0.3559569168090819
55,377/94,1,0.6439492797851563
55,377/94,3,0.5659144401550291
55,377/94,7,0.060631513595581055
55,377/94,8,0.14823656082153303
55,377/94,10,0.1347503662109375
55,377/94,12,0.19191064834594718
55,391/243,1,0.3638886737823488
55,391/243,2,0.7410759258270265
55,391/243,3,0.7626352119445801
55,391/243,4,0.7781650447845458
55,391/243,5,0.45453885078430156
55,391/243,6,0.3505182075500488
55,391/243,7,0.18661905288696268
55,391/243,8,0.7331256103515624
55,391/243,9,0.35342292785644513
55,391/243,10,0.2558135604858398
55,391/243,11,0.7074479770660402
55,391/243,12,0.6213766956329345
55,391/33,1,0.10358467102050817
55,391/33,3,0.5857262802124019
55,391/33,7,0.5308104705810539
55,391/33,8,0.4492075347900393
55,391/33,10,0.2402215957641598
55,391/33,12,0.6735188674926764
55,391/437,1,0.0953684997558586
55,391/437,3,0.11362731933593828
55,391/437,7,0.3906987762451166
55,391/437,8,0.5126753234863273
55,391/437,10,0.25649356842041016
55,391/437,11,0.35687137603759744
55,391/437,12,0.25810718536376953
55,404/69,1,0.049862117767333736
55,404/69,2,0.607289505004883
55,404/69,3,0.4264624786376956
55,404/69,4,0.3707183265686034
55,404/69,5,0.33097066879272496
55,404/69,6,0.4417286491394039
55,404/69,7,2.0382156372070312
55,404/69,8,0.39104700088500977
55,404/69,9,0.367224922180176
55,404/69,10,0.4469032287597656
55,404/69,11,0.3062748908996582
55,404/69,12,0.24802896499633764
55,405/17,1,0.0880785083770752
55,405/17,3,0.03746666431427004
55,405/17,7,0.020732798576355016
55,405/17,8,0.0034987831115722567
55,405/17,10,0.2446706032752991
55,405/17,11,0.027570576667785618
55,405/17,12,0.01940808296203622
55,405/34,1,0.18272686004638672
55,405/34,2,0.34165588378906264
55,405/34,6,0.510007257461548
55,405/34,7,0.08446355819702145
55,405/34,8,0.47731665611267093
55,405/34,9,0.760821933746338
55,405/34,10,0.7239026165008546
55,405/34,11,0.6884806060791018
55,405/34,12,0.2776365280151367
55,418/15,1,0.10460624694824228
55,418/15,3,0.02134040355682365
55,418/15,7,0.3706059455871582
55,418/15,8,0.014492936134338441
55,418/15,10,0.45601415634155273
55,418/15,11,0.36262439250946044
55,418/15,12,0.15343318939208994
55,418/4,1,0.18729278564453145
55,418/4,3,0.24461965560913068
55,418/4,4,0.1233942461013795
55,418/4,6,0.14556784629821773
55,418/4,7,0.14235461711883546
55,418/4,8,0.02033255100250253
55,418/4,9,0.01397018432617192
55,418/4,10,0.1885118579864502
55,418/4,11,0.3245190668106077
55,418/4,12,0.19382097244262697
56,330/183,1,2.762596073150635
56,330/183,2,4.253843717575073
56,330/183,4,6.513981494903565
56,330/183,8,0.1597851562499999
56,330/183,9,0.6130601930618287
56,330/183,11,0.4245741653442383
56,341/17,1,0.29901941299438484
56,341/17,2,0.3633831787109374
56,341/17,3,0.3492932891845699
56,341/17,4,0.236928176879883
56,341/17,5,0.3309346580505368
56,341/17,6,0.5407588768005374
56,341/17,7,1.0537643432617188
56,341/17,8,0.8742027664184562
56,341/17,10,0.8023426055908196
56,342/78,1,1.6153382587432863
56,342/78,2,1.0914276123046873
56,342/78,3,0.8386374664306642
56,342/78,4,2.187177424430847
56,342/78,5,1.7399054431915282
56,342/78,6,2.117743339538574
56,342/78,7,5.686597700119019
56,342/97,1,0.5570071029663088
56,342/97,2,0.031563529968261506
56,377/86,1,0.7775006103515629
56,377/86,2,0.5397650718688967
56,377/86,4,0.5365665245056155
56,377/86,8,0.011501817703246875
56,377/86,9,0.069282817840576
56,377/86,11,0.7008197784423826
56,377/94,1,0.6278497314453126
56,377/94,2,1.0553987121582031
56,377/94,4,0.819177198410034
56,377/94,8,0.0195157527923584
56,377/94,9,0.039455223083495916
56,377/94,11,0.031420230865478516
56,391/243,1,0.27459803581237807
56,391/243,2,0.3652054595947267
56,391/243,3,0.42066162109375016
56,391/243,4,0.7401017951965332
56,391/243,5,0.6396800899505615
56,391/243,6,0.5005440998077391
56,391/243,7,0.399255256652832
56,391/243,8,0.24206853866577127
56,391/243,9,0.6711191368103027
56,391/243,10,0.2929804801940916
56,391/243,11,0.24517937660217282
56,391/243,12,0.6208071422576906
56,391/33,1,0.03042663574218807
56,391/33,2,0.12850322723388707
56,391/33,4,0.6649394226074214
56,391/33,8,0.7801333618164055
56,391/33,9,0.7837440872192385
56,391/33,11,0.4786058425903317
56,391/437,1,0.37192428588867266
56,391/437,2,0.15104759216308672
56,391/437,4,0.11585319519043047
56,391/437,8,0.36932502746581974
56,391/437,9,0.5115175628662101
56,391/437,11,0.24043750762939453
56,391/437,12,0.39597774505615213
56,404/69,1,0.35142097473144496
56,404/69,2,0.02593681335449194
56,404/69,3,0.3497206687927248
56,404/69,4,0.2563436698913577
56,404/69,5,0.31863912582397447
56,404/69,6,0.44948616027832067
56,404/69,7,0.45194154739379844
56,404/69,8,2.121096611022949
56,404/69,9,0.32553672790527344
56,404/69,10,0.36650108337402365
56,404/69,11,0.30947399139404297
56,404/69,12,0.29201269149780273
56,405/17,1,0.004606838226318466
56,405/17,2,0.08730293273925782
56,405/17,4,0.014825124740600604
56,405/17,8,0.018696048259735143
56,405/17,9,0.013129940032958975
56,405/17,11,0.2437664604187012
56,405/17,12,0.000334115028381321
56,405/34,1,0.1991123580932621
56,405/34,2,0.2863755226135254
56,405/34,3,0.41697684288024917
56,405/34,7,1.0191234302520753
56,405/34,8,0.9359683609008789
56,405/34,9,1.3360453033447266
56,405/34,10,0.12097703933715831
56,405/34,11,0.15107687950134263
56,405/34,12,0.19925380706787088
56,418/15,1,0.023197498321533283
56,418/15,2,0.1260658264160157
56,418/15,4,0.023509774208068768
56,418/15,8,0.42086195945739746
56,418/15,9,0.031736187934875426
56,418/15,11,0.48048102855682373
56,418/15,12,0.3156530714035034
56,418/4,1,0.35884301662445073
56,418/4,2,0.3906475019454958
56,418/4,4,0.40320913791656476
56,418/4,5,0.07117080211639415
56,418/4,7,0.10621721744537349
56,418/4,8,0.009935727119445792
56,418/4,9,0.10396025180816659
56,418/4,10,0.07939870357513423
56,418/4,11,0.45457542896270753
56,418/4,12,0.5231545257568357
57,330/183,1,1.252664523124695
57,330/183,2,3.2348671579360966
57,330/183,3,4.598303251266479
57,330/183,5,6.63161340713501
57,330/183,9,0.1907062578201293
57,330/183,10,0.6098794507980347
57,330/183,12,0.2643770265579224
57,341/17,1,0.07530860900878977
57,341/17,3,0.35727937698364265
57,341/17,4,0.6470025825500487
57,341/17,5,0.5571413612365719
57,341/17,6,0.5124318122863771
57,341/17,7,0.6390520477294919
57,341/17,8,0.40946891784667994
57,341/17,9,0.8094210624694824
57,341/17,10,0.6418843650817863
57,341/17,12,0.6505290985107415
57,342/78,1,1.6153382587432863
57,342/78,2,1.0914276123046873
57,342/78,3,0.8386374664306642
57,342/78,4,2.187177424430847
57,342/78,5,1.7399054431915282
57,342/78,6,2.117743339538574
57,342/78,7,5.686597700119019
57,342/97,1,0.5501001167297366
57,377/86,1,0.24979999542236353
57,377/86,2,0.9098882484436039
57,377/86,3,0.631057929992676
57,377/86,5,0.11823156356811548
57,377/86,9,0.032880811691283984
57,377/86,10,0.07020478248596174
57,377/86,12,0.6904266357421873
57,377/94,1,0.016341810226440323
57,377/94,2,0.6049782371520998
57,377/94,3,1.0282085037231445
57,377/94,5,0.8076379776000975
57,377/94,9,0.043297529220581055
57,377/94,10,0.18597297668457013
57,377/94,12,0.25040292739868164
57,391/243,1,0.036673545837402344
57,391/243,2,0.28254667282104506
57,391/243,3,0.26837652206420914
57,391/243,4,0.3990737724304201
57,391/243,5,0.6063012886047363
57,391/243,6,0.6389216804504394
57,391/243,7,0.4902327346801756
57,391/243,8,0.4054655838012695
57,391/243,9,0.24139238357543924
57,391/243,10,0.5870031547546386
57,391/243,11,0.28830246925353986
57,391/243,12,0.20398803710937496
57,391/33,1,0.0870262527465826
57,391/33,2,0.017439498901367756
57,391/33,3,0.11263980865478551
57,391/33,5,0.6571040344238277
57,391/33,9,0.7068120193481437
57,391/33,10,0.8218281173706057
57,391/33,12,0.5703512191772457
57,391/437,1,0.48982456207275327
57,391/437,2,0.07349216461181562
57,391/437,3,0.2183695983886711
57,391/437,5,0.15827072143554766
57,391/437,9,0.3852923965454096
57,391/437,10,0.5484495544433585
57,391/437,12,0.2710533142089844
57,404/69,1,0.36024441719055167
57,404/69,2,0.8826821804046627
57,404/69,3,1.0744256687164304
57,404/69,4,0.5074928283691404
57,404/69,5,0.15966670989990206
57,404/69,6,1.0259984397888182
57,404/69,7,0.6797074317932132
57,404/69,8,0.4393144226074215
57,404/69,9,2.115262508392334
57,404/69,10,0.27734994888305664
57,404/69,11,0.28993486404418967
57,404/69,12,0.30402660369873047
57,405/17,1,0.2458914732933044
57,405/17,2,0.1592810106277467
57,405/17,3,0.12684715747833253
57,405/17,5,0.007474880218505842
57,405/17,9,0.02699724674224857
57,405/17,10,0.033692667484283456
57,405/17,12,0.22696867942810062
57,405/34,1,0.42736367225646976
57,405/34,2,0.4307889366149906
57,405/34,3,0.5575048923492432
57,405/34,4,0.6625451183319093
57,405/34,8,0.9170359325408937
57,405/34,9,0.9473995780944824
57,405/34,10,1.357894458770752
57,405/34,11,0.14047061920166026
57,405/34,12,0.14681157112121568
57,418/15,1,0.12621392726898195
57,418/15,2,0.18340030670166008
57,418/15,3,0.09700598716735831
57,418/15,5,0.25108281135559074
57,418/15,9,0.46654438972473145
57,418/15,10,0.007598810195922789
57,418/15,12,0.5033243894577026
57,418/4,1,0.6912306594848633
57,418/4,2,0.054231119155883745
57,418/4,3,0.05835554122924824
57,418/4,5,0.0022569179534910333
57,418/4,6,0.3315710973739625
57,418/4,8,0.2731396675109863
57,418/4,9,0.09343136310577393
57,418/4,10,0.12205889225006095
57,418/4,11,0.12818269729614262
57,418/4,12,0.1901142692565918
58,330/183,1,1.245663709640503
58,330/183,2,0.7077811527252198
58,330/183,3,2.751583280563355
58,330/183,4,4.234275035858154
58,330/183,6,6.618099842071533
58,330/183,10,0.21322036266326894
58,330/183,11,0.6170880365371705
58,341/17,1,0.09286956787109446
58,341/17,3,0.41632946014404304
58,341/17,4,0.6967881965637206
58,341/17,5,0.6335287666320797
58,341/17,6,0.429644298553467
58,341/17,7,0.5533381843566891
58,341/17,8,0.587518005371094
58,341/17,9,1.088383674621582
58,341/17,10,0.8366980934143058
58,342/78,1,1.6153382587432863
58,342/78,2,1.0914276123046873
58,342/78,3,0.8386374664306642
58,342/78,4,2.187177424430847
58,342/78,5,1.7399054431915282
58,342/78,6,2.117743339538574
58,342/78,7,5.686597700119019
58,342/97,1,0.6499201202392575
58,377/86,1,0.10550275802612319
58,377/86,2,0.09472248077392553
58,377/86,3,1.043214778900147
58,377/86,4,0.650847625732422
58,377/86,6,0.14635923385620142
58,377/86,10,0.04620006561279277
58,377/86,11,0.011343288421630682
58,377/94,1,0.01634369850158679
58,377/94,2,0.0037459087371827238
58,377/94,3,0.5754052734375001
58,377/94,4,1.048830041885376
58,377/94,6,0.788469362258911
58,377/94,10,0.11038470268249512
58,377/94,11,0.1876452445983885
58,391/243,1,0.4580343627929686
58,391/243,2,0.24912381172180176
58,391/243,3,0.08660331726074233
58,391/243,4,0.11403376579284652
58,391/243,5,0.3005818653106691
58,391/243,6,0.4501375961303711
58,391/243,7,0.7727517509460449
58,391/243,8,0.3040786075592039
58,391/243,9,0.4346952247619629
58,391/243,10,0.3497061824798582
58,391/243,11,0.5942165088653564
58,391/243,12,0.2521410465240477
58,391/33,1,0.02454254150390689
58,391/33,2,0.08260692596435604
58,391/33,3,0.02791057586669865
58,391/33,4,0.0897344589233402
58,391/33,6,0.568986434936523
58,391/33,10,0.730989570617675
58,391/33,11,0.7462322616577151
58,391/437,1,0.26283969879150426
58,391/437,2,0.500314979553222
58,391/437,3,0.1664773178100578
58,391/437,4,0.186983222961425
58,391/437,6,0.16134155273437578
58,391/437,10,0.3845466232299799
58,391/437,11,0.5406904602050773
58,404/69,1,0.9050957489013669
58,404/69,2,1.3803242683410644
58,404/69,3,2.258215761184692
58,404/69,4,1.9669272613525388
58,404/69,5,1.3018825531005858
58,404/69,6,0.7026864814758298
58,404/69,7,1.5231626892089842
58,404/69,8,1.013073825836182
58,404/69,9,0.7792225456237789
58,404/69,10,2.067640781402588
58,404/69,11,0.15435171127319336
58,404/69,12,0.26986669540405295
58,405/17,1,0.09724935770034793
58,405/17,2,0.23714639902114865
58,405/17,3,0.15852498531341563
58,405/17,4,0.12871445178985597
58,405/17,6,0.02982244968414305
58,405/17,10,0.023542144298553502
58,405/17,11,0.0341261124610901
58,405/34,1,0.2039898300170897
58,405/34,2,0.4231901550292969
58,405/34,3,0.5561181926727299
58,405/34,4,0.633192777633667
58,405/34,5,0.7834209537506105
58,405/34,9,0.9782017421722413
58,405/34,10,1.0113501167297363
58,405/34,11,1.3669689083099366
58,405/34,12,0.08685528755187999
58,418/15,1,0.023247308731079164
58,418/15,2,0.12334765911102297
58,418/15,3,0.16370538234710685
58,418/15,4,0.1048851251602172
58,418/15,6,0.2679477071762084
58,418/15,10,0.39955294132232666
58,418/15,11,0.019767112731933656
58,418/4,1,0.34194023132324214
58,418/4,2,0.7162095355987549
58,418/4,3,0.05838699340820308
58,418/4,4,0.1094670009613039
58,418/4,6,0.1828837871551512
58,418/4,7,0.14062571048736583
58,418/4,9,0.2587478876113891
58,418/4,10,0.06437564849853517
58,418/4,11,0.11253287792205802
58,418/4,12,0.13085072040557866
59,330/183,1,1.3365572977066038
59,330/183,2,0.6503104639053345
59,330/183,3,1.060387806892395
59,330/183,4,3.4640545272827152
59,330/183,5,4.677568845748901
59,330/183,7,6.8469513988494874
59,330/183,11,0.11081755638122548
59,330/183,12,0.5862663555145264
59,341/17,1,0.4289620208740237
59,341/17,3,0.1795166015625007
59,341/17,5,0.3458295631408692
59,341/17,6,0.6813067245483397
59,341/17,7,0.6694002723693844
59,341/17,8,0.5310303688049318
59,341/17,9,0.6460954093933102
59,341/17,10,0.5773361015319827
59,341/17,11,1.0485129356384277
59,341/17,12,0.9051323318481437
59,342/78,1,1.6153382587432863
59,342/78,2,1.0914276123046873
59,342/78,3,0.8386374664306642
59,342/78,4,2.187177424430847
59,342/78,5,1.7399054431915282
59,342/78,6,2.117743339538574
59,342/78,7,5.686597700119019
59,377/86,1,0.05530386924743658
59,377/86,2,0.12040678024292006
59,377/86,3,0.06753614425659205
59,377/86,4,0.8662380981445317
59,377/86,5,0.6379048347473146
59,377/86,7,0.16952589035034205
59,377/86,11,0.14297225952148418
59,377/86,12,0.2096186161041258
59,377/94,1,0.07510496139526346
59,377/94,2,0.23928295135498034
59,377/94,3,0.28384650230407704
59,377/94,4,0.2893540000915529
59,377/94,5,0.6680226421356201
59,377/94,7,0.5179505825042723
59,377/94,11,0.09602022171020508
59,377/94,12,0.194069194793701
59,391/243,1,0.6737174987792969
59,391/243,2,0.9948409461975096
59,391/243,3,0.3818387985229492
59,391/243,4,0.5951303577423097
59,391/243,5,0.26058394432067855
59,391/243,6,0.25534551620483414
59,391/243,7,0.5422956752777099
59,391/243,8,0.7525967979431152
59,391/243,9,0.35496094703674297
59,391/243,10,0.3946482944488525
59,391/243,11,0.25194979667663553
59,391/243,12,0.31630627632141106
59,391/33,1,0.03185768127441335
59,391/33,2,0.04923126220703189
59,391/33,3,0.07076896667480526
59,391/33,4,0.007362709045409588
59,391/33,5,0.11010780334472692
59,391/33,7,0.658698577880859
59,391/33,11,0.6780406188964836
59,391/33,12,0.7193844223022463
59,391/437,1,0.23888050079345646
59,391/437,2,0.16585292816162145
59,391/437,3,0.44602897644042905
59,391/437,4,0.1746083450317375
59,391/437,5,0.20072471618652266
59,391/437,7,0.14374435424804766
59,391/437,11,0.39909492492675724
59,391/437,12,0.5160971069335929
59,404/69,1,0.5688680458068847
59,404/69,2,0.28288204193115263
59,404/69,3,0.347793197631836
59,404/69,4,0.12230644226074183
59,404/69,5,0.3094904708862307
59,404/69,6,0.5042874336242678
59,404/69,7,0.5368350219726565
59,404/69,8,0.05376991271972642
59,404/69,9,0.13092317581176793
59,404/69,10,0.10429721832275352
59,404/69,11,2.3605527877807617
59,404/69,12,0.31731224060058594
59,405/17,1,0.00374778270721432
59,405/17,2,0.09843364238739016
59,405/17,3,0.23220010757446286
59,405/17,4,0.16067635536193858
59,405/17,5,0.12138498783111573
59,405/17,7,0.01688013553619383
59,405/17,11,0.010965147018432653
59,405/17,12,0.026927957534790048
59,405/34,1,0.007976388931274503
59,405/34,2,0.18355592727661119
59,405/34,3,0.3949318313598633
59,405/34,4,0.5368916416168217
59,405/34,5,0.6105246543884277
59,405/34,6,0.7581755256652833
59,405/34,10,0.9164892387390138
59,405/34,11,0.975359878540039
59,405/34,12,1.3623600387573243
59,418/15,1,0.16397132396698
59,418/15,2,0.25673658370971686
59,418/15,3,0.3644814682006836
59,418/15,4,0.4061110353469848
59,418/15,5,0.3065955877304076
59,418/15,7,0.525161895751953
59,418/15,11,0.28766119480133057
59,418/15,12,0.42085743665695197
59,418/4,1,0.5095457506179809
59,418/4,2,0.7331091213226318
59,418/4,3,0.08794124126434322
59,418/4,4,0.12953469276428242
59,418/4,6,0.19704847335815412
59,418/4,7,0.17300426483154308
59,418/4,9,0.3148990392684936
59,418/4,10,0.13036323547363282
59,418/4,11,0.20874991416931143
60,330/183,1,0.7984704661369324
60,330/183,2,2.0642774391174314
60,330/183,3,0.04674632072448737
60,330/183,4,1.304101185798645
60,330/183,5,3.31324333190918
60,330/183,6,4.550982646942138
60,330/183,8,6.743353281021118
60,330/183,12,0.1783999252319335
60,341/17,1,0.11845138549804712
60,341/17,3,0.22253208160400462
60,341/17,5,0.31391342163085945
60,341/17,6,0.6023892211914061
60,341/17,7,0.5442848777770992
60,341/17,8,0.46580524444580096
60,341/17,9,0.5756107711791989
60,341/17,10,0.6086786079406741
60,341/17,11,0.862849235534668
60,342/78,1,1.6153382587432863
60,342/78,2,1.0914276123046873
60,342/78,3,0.8386374664306642
60,342/78,4,2.187177424430847
60,342/78,5,1.7399054431915282
60,342/78,6,2.117743339538574
60,342/78,7,5.686597700119019
60,377/86,1,0.052945423126220525
60,377/86,2,0.17971998214721685
60,377/86,3,0.05905023574829116
60,377/86,4,0.028913707733154048
60,377/86,5,0.797834854125977
60,377/86,6,0.5107399940490724
60,377/86,8,0.37490823745727564
60,377/86,12,0.039965658187866016
60,377/94,1,0.030776166915893466
60,377/94,2,0.11418319702148416
60,377/94,3,0.22009144783020007
60,377/94,4,0.30162275314331044
60,377/94,5,0.23247614860534682
60,377/94,6,0.6381943321228027
60,377/94,8,0.4821596622467039
60,377/94,12,0.026564359664916992
60,391/243,1,0.45321800231933596
60,391/243,2,0.4266784191131592
60,391/243,3,0.6568919086456297
60,391/243,4,0.2906043529510498
60,391/243,5,0.49215284347534194
60,391/243,6,0.1027664470672609
60,391/243,7,0.5868560600280763
60,391/243,8,0.6664151954650879
60,391/243,9,0.895824851989746
60,391/243,10,0.5857966232299803
60,391/243,11,0.17704556465148924
60,391/243,12,0.29322792053222635
60,391/33,1,0.27361782073974616
60,391/33,2,0.19899158477783274
60,391/33,3,0.2987931060791009
60,391/33,4,0.34957851409912166
60,391/33,5,0.1705440139770502
60,391/33,6,0.03095016479492152
60,391/33,8,0.48123790740966754
60,391/33,12,0.6174508285522453
60,391/437,1,0.47417102813720646
60,391/437,2,0.1904178619384762
60,391/437,3,0.6215346145629876
60,391/437,4,0.09646999359130781
60,391/437,5,0.21778213500976484
60,391/437,7,0.18249881744384844
60,391/437,11,0.3871701812744135
60,404/69,1,0.5519394683837895
60,404/69,2,0.65647066116333
60,404/69,3,0.3523224067687991
60,404/69,4,0.2890740394592286
60,404/69,5,0.03678951263427699
60,404/69,6,0.38430765151977564
60,404/69,7,0.7193471908569338
60,404/69,8,1.137443370819092
60,404/69,9,0.19950119018554702
60,404/69,10,0.14851560592651403
60,404/69,11,0.19072538375854453
60,404/69,12,2.213505268096924
60,405/17,1,0.03926829338073734
60,405/17,2,0.0708216714859009
60,405/17,3,0.2417684412002563
60,405/17,4,0.1659827184677125
60,405/17,5,0.10447669982910157
60,405/17,7,0.0006181192398071467
60,405/17,11,0.02924702405929569
60,405/34,1,0.20139107704162607
60,405/34,2,0.3222471141815184
60,405/34,3,0.5666802310943604
60,405/34,4,0.6876568222045902
60,405/34,5,0.7677443027496338
60,405/34,6,0.9173409080505373
60,405/34,10,1.0007961940765382
60,405/34,11,1.0090024089813232
60,418/15,1,0.4322138023376465
60,418/15,2,0.45928973674774176
60,418/15,3,0.45589627742767336
60,418/15,4,0.44286254405975334
60,418/15,5,0.3088050127029418
60,418/15,7,0.5398576593399047
60,418/15,11,0.2593212127685547
60,418/4,1,0.529949803352356
60,418/4,3,0.4782950353622436
60,418/4,4,0.7276972579956055
60,418/4,5,0.05917139053344722
60,418/4,6,0.0950779628753664
60,418/4,8,0.12052779197692853
60,418/4,9,0.31754672050476085
60,418/4,11,0.24478919506072994
60,418/4,12,0.18455756664276124
61,330/183,1,0.09646970748901373
61,330/183,2,0.8228819060325623
61,330/183,3,2.0796378540992735
61,330/183,4,0.017766661643981996
61,330/183,5,1.2861913013458253
61,330/183,6,3.195044221878052
61,330/183,7,4.616093091964721
61,330/183,9,6.6365634536743165
61,341/17,1,0.10284164428710962
61,341/17,3,0.30906991958618235
61,341/17,5,0.313081340789795
61,341/17,6,0.569535617828369
61,341/17,7,0.5710454559326168
61,341/17,8,0.4612519264221193
61,341/17,9,0.5627347373962399
61,341/17,10,0.5644328880310061
61,342/78,1,1.6866922903060915
61,342/78,2,1.0949283123016356
61,342/78,3,0.7904869270324708
61,342/78,4,2.322663073539734
61,342/78,5,2.4867195749282835
61,342/78,6,3.0471337699890135
61,377/86,1,0.08749753952026351
61,377/86,2,0.12889008522033674
61,377/86,3,0.2032738304138184
61,377/86,4,0.10019620895385728
61,377/86,5,0.19871881484985376
61,377/86,6,0.9079537200927739
61,377/86,7,0.5321890830993654
61,377/86,9,0.8178785133361819
61,377/94,1,0.0032032775878905184
61,377/94,2,0.04307284355163565
61,377/94,3,0.1316454505920408
61,377/94,4,0.26044951438903796
61,377/94,5,0.35427964210510243
61,377/94,6,0.1877028083801271
61,377/94,7,0.587143669128418
61,377/94,9,0.44279294013977033
61,391/243,1,0.6743207645416258
61,391/243,2,0.29663040161132814
61,391/243,3,0.5382182598114014
61,391/243,4,0.7476240062713622
61,391/243,5,0.2919135093688965
61,391/243,6,0.2782484626770021
61,391/243,7,0.10822098731994645
61,391/243,8,0.3638753223419191
61,391/243,9,0.5470099258422851
61,391/243,10,0.6777011775970458
61,391/243,11,0.43215182304382305
61,391/243,12,0.37458680152893065
61,391/33,1,0.38507587432861357
61,391/33,2,0.7542162704467774
61,391/33,3,0.6896226882934577
61,391/33,4,0.8197338867187494
61,391/33,5,0.8799616241455084
61,391/33,6,0.7445911026000971
61,391/33,7,0.6852203369140621
61,391/33,9,0.029667358398437926
61,391/437,1,0.2701771163940432
61,391/437,3,0.7689403152465815
61,391/437,4,0.2852788925170895
61,391/437,5,0.7036164093017572
61,391/437,6,0.12228881835937422
61,391/437,7,0.2014476013183586
61,391/437,9,0.17225158691406328
61,404/69,1,0.662393455505371
61,404/69,2,0.3314189720153813
61,404/69,3,0.7269328880310058
61,404/69,4,0.3790996742248538
61,404/69,5,0.3173933982849122
61,404/69,6,0.088574314117432
61,404/69,7,0.5122769165039065
61,404/69,8,0.860428047180176
61,404/69,9,1.0908396911621097
61,404/69,10,0.24754253387451186
61,404/69,11,0.12881460189819371
61,404/69,12,0.14118391036987266
61,405/17,1,0.11411522626876835
61,405/17,3,0.13421521425247196
61,405/17,4,0.030503423213958714
61,405/17,5,0.30218519926071163
61,405/17,6,0.23107277870178233
61,405/17,7,0.19604505062103272
61,405/17,9,0.04041204929351805
61,405/34,1,0.296089267730713
61,405/34,2,0.38020380973815904
61,405/34,3,0.5881529235839844
61,405/34,4,0.743231239318848
61,405/34,5,0.8044466972351074
61,405/34,6,0.9601296520233156
61,405/34,10,0.9867604923248292
61,418/15,1,0.30138643980026236
61,418/15,3,0.409333188533783
61,418/15,4,0.45962692022323615
61,418/15,5,0.4637878131866455
61,418/15,6,0.44377783298492424
61,418/15,7,0.3101240634918212
61,418/15,9,0.5486716365814208
61,418/4,1,0.37287672519683834
61,418/4,2,0.7709559392929077
61,418/4,4,0.49215454578399653
61,418/4,5,0.6977655935287476
61,418/4,6,0.07808740139007564
61,418/4,7,0.10423776626586934
61,418/4,9,0.15852766036987287
61,418/4,10,0.3141485404968263
61,418/4,12,0.2666836500167846
62,330/183,1,0.0997713136672973
62,330/183,2,0.6175632762908936
62,330/183,3,1.7744831132888792
62,330/183,4,0.38229972839355475
62,330/183,5,1.1198408174514771
62,330/183,6,3.215572776794434
62,330/183,7,4.458802394866943
62,330/183,9,6.689477119445801
62,341/17,1,0.26510591506958026
62,341/17,4,0.09037473678588892
62,341/17,6,0.32057170867919993
62,341/17,8,0.31964834213256843
62,341/17,9,0.6591767120361327
62,341/17,10,0.639684734344482
62,341/17,11,0.5249106407165529
62,341/17,12,0.644512786865234
62,342/78,1,1.5932018089294435
62,342/78,2,1.0306964397430418
62,342/78,3,0.8421860885620118
62,342/78,4,2.153302435874939
62,342/78,5,1.867450919151306
62,377/86,1,0.10661227226257308
62,377/86,2,0.12131052017211896
62,377/86,3,0.19104462623596197
62,377/86,4,0.13603362083435044
62,377/86,5,0.04065677642822241
62,377/86,6,0.8459172058105473
62,377/86,7,0.5867897987365724
62,377/86,9,0.044348983764648686
62,377/94,1,0.028253936767578036
62,377/94,2,0.055412178039550675
62,377/94,3,0.09915151596069327
62,377/94,4,0.19894696235656717
62,377/94,5,0.34918986320495593
62,377/94,6,0.3853730010986327
62,377/94,7,0.19796648979187026
62,377/94,8,0.5712657070159912
62,377/94,10,0.4296823024749754
62,391/243,1,0.6060295677185059
62,391/243,2,0.45049244880676254
62,391/243,3,0.37992598533630373
62,391/243,4,0.3909003734588623
62,391/243,5,0.19752797126770005
62,391/243,6,0.08308720588684082
62,391/243,7,0.08479944229125991
62,391/243,8,0.13136594772338883
62,391/243,9,0.33664219856262223
62,391/243,10,0.5718095111846924
62,391/243,11,0.6164667034149169
62,391/243,12,0.4062514591217039
62,391/33,1,0.479699897766114
62,391/33,2,0.10495632171630831
62,391/33,3,0.12921054840087898
62,391/33,4,0.12228660583496165
62,391/33,5,0.10757377624511655
62,391/33,6,0.14164699554443416
62,391/33,7,0.04505477905273381
62,391/33,8,0.11713733673095739
62,391/33,10,0.6646361541748043
62,391/437,1,0.09054668426513679
62,391/437,2,0.27352928161621115
62,391/437,4,0.7261298751831049
62,391/437,5,0.11901626586914027
62,391/437,6,0.3905422973632806
62,391/437,7,0.12704097747802656
62,391/437,8,0.22307979583740156
62,391/437,10,0.13472450256347734
62,404/69,1,0.33748142242431634
62,404/69,2,0.8518527793884276
62,404/69,3,0.3082465934753422
62,404/69,4,0.7556399154663085
62,404/69,5,0.33110172271728544
62,404/69,6,0.3884702682495118
62,404/69,7,0.04169044494628871
62,404/69,8,0.3523032951354983
62,404/69,9,0.5505477905273439
62,404/69,10,0.7603762817382815
62,404/69,11,0.008833255767822124
62,404/69,12,0.06931152343750036
62,405/17,1,0.005565354824066171
62,405/17,2,0.09665386676788335
62,405/17,4,0.09329078435897831
62,405/17,5,0.04514780521392825
62,405/17,6,0.21391709804534909
62,405/17,7,0.14623915672302257
62,405/17,8,0.12448383331298829
62,405/17,10,0.01845620155334471
62,405/34,1,0.3132791233062746
62,405/34,4,0.3311687469482423
62,405/34,5,0.5323551559448241
62,405/34,6,0.6679759407043457
62,405/34,7,0.7567834281921391
62,405/34,8,0.7955894470214844
62,405/34,9,0.9579393005371095
62,418/15,1,0.23645904541015628
62,418/15,2,0.4120013952255248
62,418/15,4,0.4859819602966309
62,418/15,5,0.48482043266296393
62,418/15,6,0.48753919124603273
62,418/15,7,0.44847682476043693
62,418/15,8,0.33969309329986563
62,418/15,10,0.5283699369430541
62,418/4,1,0.20347407817840568
62,418/4,2,0.369774899482727
62,418/4,3,0.6698106718063355
62,418/4,5,0.4803658199310302
62,418/4,6,0.7246170091629028
62,418/4,7,0.05373890399932857
62,418/4,8,0.0874778938293459
62,418/4,10,0.19313554763793928
62,418/4,11,0.1387445878982545
63,330/183,1,0.1414439749717713
63,330/183,2,0.8919564175605774
63,330/183,3,2.05159708738327
63,330/183,4,0.07844943523406989
63,330/183,5,1.3151553440093995
63,330/183,6,3.3685243749618534
63,330/183,7,4.790727071762085
63,330/183,9,6.870582256317139
63,341/17,1,0.10794132232665987
63,341/17,2,0.030398654937743963
63,341/17,5,0.103783874511719
63,341/17,7,0.41681365966796946
63,341/17,9,0.45882709503173835
63,341/17,10,0.7955426025390624
63,341/17,11,0.6697707748413082
63,341/17,12,0.5578429222106935
63,342/78,1,1.7050116586685182
63,342/78,2,1.3995779037475584
63,342/78,3,0.9663385105133058
63,342/78,4,2.294493680000305
63,377/86,1,0.0793525886535642
63,377/86,3,0.003553457260131676
63,377/86,4,0.029336738586425604
63,377/86,5,0.11555868148803716
63,377/86,6,0.06956544876098647
63,377/86,7,0.10261085510253931
63,377/86,8,0.864586334228516
63,377/86,9,0.5780159950256349
63,377/86,11,0.5706093597412112
63,377/94,1,0.009138965606689364
63,377/94,2,0.043609495162963974
63,377/94,3,0.040410661697387606
63,377/94,4,0.11621953010559061
63,377/94,5,0.18196187973022449
63,377/94,6,0.3226903724670409
63,377/94,7,0.21230498313903823
63,377/94,8,0.5918130970001221
63,377/94,10,0.4619098186492918
63,391/243,1,0.5035431289672854
63,391/243,2,0.0312554264068603
63,391/243,3,0.6054671478271483
63,391/243,4,0.3135607433319092
63,391/243,5,0.5369393825531006
63,391/243,6,0.7479267978668211
63,391/243,7,0.263791561126709
63,391/243,8,0.5004765129089357
63,391/243,9,0.007670230865478356
63,391/243,10,0.4158114719390871
63,391/243,11,0.5882143783569336
63,391/243,12,0.5911111259460449
63,391/33,1,0.6812103271484382
63,391/33,2,0.26183765411376925
63,391/33,3,0.013822631835937571
63,391/33,4,0.09933204650878835
63,391/33,5,0.10734722137451236
63,391/33,6,0.015130386352538494
63,391/33,7,0.054383888244629475
63,391/33,8,0.21922340393066442
63,391/33,10,0.8098159027099605
63,391/437,1,0.12731140136718722
63,391/437,2,0.08405487060546868
63,391/437,3,0.007137527465820526
63,391/437,5,0.6672681427001947
63,391/437,6,0.30556831359863246
63,391/437,7,0.7333872604370111
63,391/437,8,0.16031753540038984
63,391/437,9,0.2227956008911125
63,391/437,11,0.1134308624267586
63,404/69,1,0.5494412612915038
63,404/69,2,0.8891066360473632
63,404/69,3,0.1278672027587895
63,404/69,4,0.6027587699890136
63,404/69,5,0.2705043029785159
63,404/69,6,0.3588024139404298
63,404/69,7,0.010529899597168324
63,404/69,8,0.3714707183837893
63,404/69,9,0.5864083290100099
63,404/69,10,0.7789090347290042
63,404/69,11,0.05383077621459975
63,405/17,1,0.3203035593032837
63,405/17,2,0.2361982560157776
63,405/17,3,0.015665161609649703
63,405/17,5,0.0864814901351929
63,405/17,6,0.04139825582504275
63,405/17,7,0.2177014565467834
63,405/17,8,0.15447651863098155
63,405/17,9,0.11820877552032472
63,405/17,11,0.012060742378234846
63,405/34,1,1.4367861461639406
63,405/34,4,1.121634340286255
63,418/15,1,0.27169743537902824
63,418/15,2,0.08223661661148074
63,418/15,3,0.21183385848999015
63,418/15,5,0.48897804737091066
63,418/15,6,0.49200243473052985
63,418/15,7,0.4698649835586548
63,418/15,8,0.5141197776794433
63,418/15,9,0.4777297019958495
63,418/15,11,0.7485614156723022
63,418/4,1,0.3115795898437499
63,418/4,2,0.010661449432373127
63,418/4,3,0.3262610054016113
63,418/4,4,0.6160532426834107
63,418/4,6,0.49837715148925776
63,418/4,7,0.754842643737793
63,418/4,8,0.062394571304321245
63,418/4,9,0.13972064971923848
63,418/4,11,0.2327659606933592
63,418/4,12,0.09262370586395274
64,330/183,1,0.15149065017700192
64,330/183,4,0.23122864246368402
64,330/183,5,0.4965452241897583
64,330/183,6,1.5885777759552
64,330/183,7,0.4632864665985108
64,330/183,8,1.0785904693603516
64,330/183,9,3.433193626403809
64,330/183,10,4.665334157943725
64,330/183,12,6.91231409072876
64,341/17,1,0.7167359542846681
64,341/17,2,0.6859528350830075
64,341/17,3,0.20489196777343732
64,341/17,6,0.10644462585449244
64,341/17,8,0.4876664161682136
64,341/17,10,0.5953121948242188
64,341/17,11,0.8449643898010253
64,341/17,12,0.453611907958984
64,342/78,1,0.9322432327270507
64,342/78,10,1.607358627319336
64,342/78,11,1.3419018268585203
64,342/78,12,0.9648221683502198
64,377/86,1,0.13902074813842802
64,377/86,2,0.16281530380248999
64,377/86,4,0.08447296142578109
64,377/86,5,0.10522537231445295
64,377/86,6,0.17864757537841802
64,377/86,7,0.03791919708251967
64,377/86,8,0.2180550384521487
64,377/86,9,0.8600215721130375
64,377/86,10,0.7041251182556154
64,377/86,12,0.020684032440185796
64,377/94,1,0.09429509162902816
64,377/94,3,0.01854839324951163
64,377/94,4,0.06352269172668468
64,377/94,5,0.009853458404541104
64,377/94,6,0.10618091583251932
64,377/94,7,0.19280372619628894
64,377/94,8,0.31141722679138173
64,377/94,9,0.21852341651916518
64,377/94,10,0.6084110832214356
64,377/94,12,0.45508198738098127
64,391/243,1,0.8673722267150881
64,391/243,2,1.1186747455596926
64,391/243,3,0.31289428710937495
64,391/243,4,0.5594380569458006
64,391/243,5,0.2968349647521973
64,391/243,6,0.5626063346862793
64,391/243,7,0.7424889469146727
64,391/243,8,0.2569859027862549
64,391/243,9,0.6843711471557619
64,391/243,10,0.06681115150451644
64,391/243,11,0.41979043960571305
64,391/243,12,0.48376415252685545
64,391/33,1,0.11832908630371008
64,391/33,3,0.6133583068847663
64,391/33,4,0.2531611251831052
64,391/33,5,0.03293697357177727
64,391/33,6,0.14434070587158132
64,391/33,7,0.18018791198730533
64,391/33,8,0.0949653244018549
64,391/33,9,0.1742321395874029
64,391/33,10,0.32284774780273473
64,391/33,12,0.8410220336914058
64,391/437,1,0.07057842254638658
64,391/437,2,0.15605419158935518
64,391/437,3,0.09007732391357415
64,391/437,4,0.014517059326172088
64,391/437,6,0.6949781036376947
64,391/437,7,0.159348106384277
64,391/437,8,0.5602906036376947
64,391/437,9,0.15902435302734297
64,391/437,10,0.2126027297973625
64,391/437,12,0.1318625259399422
64,404/69,1,0.5116395187377929
64,404/69,2,0.8359903144836425
64,404/69,3,0.30573556900024457
64,404/69,4,0.7582896995544433
64,404/69,5,0.3047612380981448
64,404/69,6,0.4104701042175294
64,404/69,7,0.07280788421630824
64,404/69,8,0.33827617645263697
64,404/69,9,0.49685497283935565
64,404/69,10,0.6321004104614261
64,405/17,1,0.12597532749176032
64,405/17,2,0.20689332485198975
64,405/17,3,0.010428836345672599
64,405/17,4,0.07989315986633305
64,405/17,6,0.08434806108474735
64,405/17,7,0.04347875595092776
64,405/17,8,0.2207033252716064
64,405/17,9,0.16335904121398936
64,405/17,10,0.11778295993804933
64,405/17,12,0.0012761163711547674
64,405/34,1,1.4367861461639406
64,405/34,4,1.121634340286255
64,418/15,1,0.014596896171569895
64,418/15,2,0.2881801462173461
64,418/15,3,0.06464251756668093
64,418/15,4,0.220928931236267
64,418/15,6,0.39798869609832765
64,418/15,7,0.4515720677375794
64,418/15,8,0.44611885070800783
64,418/15,9,0.4538107252120971
64,418/15,10,0.3219273328781127
64,418/15,12,0.5170804595947265
64,418/4,1,0.14783142089843748
64,418/4,2,0.07516420364379872
64,418/4,3,0.07665112972259513
64,418/4,4,0.34384699821472164
64,418/4,5,0.6238837432861328
64,418/4,7,0.5037102174758911
64,418/4,8,0.7437546300888062
64,418/4,9,0.07469744682312007
64,418/4,10,0.15190479278564473
64,418/4,12,0.21942596435546857
65,330/183,1,0.8585551595687866
65,330/183,4,0.21615605831146234
65,330/183,5,0.5386551904678345
65,330/183,6,1.7084520149230955
65,330/183,7,0.37574035644531256
65,330/183,8,1.107362585067749
65,330/183,9,3.3660935783386234
65,330/183,10,4.57851975440979
65,341/17,1,0.492822456359864
65,341/17,2,0.5255094718933107
65,341/17,3,0.04394119262695284
65,341/17,4,0.2993380546569826
65,341/17,7,0.10530879974365259
65,341/17,9,0.2856710433959968
65,341/17,11,0.32822568893432624
65,341/17,12,0.6233114051818847
65,342/78,1,1.2250653553009032
65,377/86,1,0.25470525741577177
65,377/86,2,0.4333674621582029
65,377/86,4,0.0975941944122316
65,377/86,5,0.031810569763183416
65,377/86,6,0.17443972587585455
65,377/86,7,0.020473632812500142
65,377/86,8,0.09257247924804712
65,377/86,9,0.8796758460998539
65,377/86,10,0.644335460662842
65,377/94,1,0.09212882041931136
65,377/94,3,0.011458063125610263
65,377/94,4,0.08792268753051768
65,377/94,5,0.024993324279785067
65,377/94,6,0.11473632812499979
65,377/94,7,0.17938266754150378
65,377/94,8,0.3385444927215575
65,377/94,9,0.1849130725860597
65,377/94,10,0.5868752098083496
65,391/243,1,0.3175174045562743
65,391/243,2,1.161533546447754
65,391/243,3,1.3194963836669924
65,391/243,4,0.7522622966766357
65,391/243,5,0.5878093910217284
65,391/243,6,0.05853988647460939
65,391/243,7,0.5942671298980713
65,391/243,8,0.9539280796051024
65,391/243,9,0.24337387084960938
65,391/243,10,0.7980269527435304
65,391/243,11,0.2142048549652098
65,391/243,12,0.4694506454467775
65,391/33,1,0.16698554992675696
65,391/33,3,0.6416128158569343
65,391/33,4,0.24778049468994112
65,391/33,5,0.03667537689208977
65,391/33,6,0.14817161560058523
65,391/33,7,0.17252895355224673
65,391/33,8,0.08226333618164006
65,391/33,9,0.11763919830322322
65,391/33,10,0.24901332855224645
65,391/437,1,0.10641368865966783
65,391/437,2,0.36309402465820284
65,391/437,3,0.19780723571777337
65,391/437,4,0.02666164398193338
65,391/437,6,0.5526918029785151
65,391/437,7,0.2814498901367184
65,391/437,8,0.6925070571899408
65,391/437,9,0.16893684387206953
65,391/437,10,0.20460998535156172
65,404/69,1,0.5268432617187502
65,404/69,4,0.5467576217651366
65,404/69,5,1.0371650505065917
65,404/69,6,0.1577305603027348
65,404/69,7,0.6981595802307128
65,404/69,8,0.3061178398132327
65,404/69,9,0.2958203315734864
65,404/69,10,0.03630886077880824
65,404/69,11,0.29348733901977564
65,404/69,12,0.6882998466491701
65,405/17,1,0.11714191913604743
65,405/17,2,0.19219684600830078
65,405/17,3,0.028262624740600595
65,405/17,4,0.07278435230255131
65,405/17,6,0.0655842208862305
65,405/17,7,0.04613640785217288
65,405/17,8,0.23538710832595822
65,405/17,9,0.1720300865173341
65,405/17,10,0.12444473266601563
65,405/34,1,1.4367861461639406
65,405/34,4,1.121634340286255
65,418/15,1,0.009361104965210032
65,418/15,2,0.3007943964004516
65,418/15,3,0.035863010883331325
65,418/15,4,0.20153000354766837
65,418/15,6,0.4463957738876343
65,418/15,7,0.43169141530990607
65,418/15,8,0.5173586797714234
65,418/15,9,0.5132791137695312
65,418/15,10,0.4958662033081054
65,418/4,1,0.10948374748229961
65,418/4,2,0.0706422519683838
65,418/4,3,0.3351802873611449
65,418/4,4,0.016144123077392658
65,418/4,5,0.33791860103607174
65,418/4,6,0.5976669979095459
65,418/4,8,0.49850577831268306
65,418/4,9,0.7456543493270874
65,418/4,10,0.08496506214141841
65,418/4,11,0.13921281814575215
66,330/183,1,1.224282455444336
66,330/183,3,1.2563030338287353
66,330/183,6,0.4432313966751098
66,330/183,7,0.41597178459167483
66,330/183,8,1.7158893632888792
66,330/183,9,0.45702511787414557
66,330/183,10,0.9752280282974244
66,330/183,11,3.0159842395782475
66,330/183,12,4.5024036693572995
66,341/17,1,0.3519881820678705
66,341/17,2,0.497550296783448
66,341/17,3,0.3467465591430665
66,341/17,4,0.11704809188842802
66,341/17,5,0.260797691345215
66,341/17,8,0.40299823760986353
66,341/17,10,0.3288395881652839
66,341/17,12,0.2946830558776856
66,342/78,1,1.2250653553009032
66,377/86,1,0.32854560852050785
66,377/86,3,0.23579198837280302
66,377/86,4,0.2485243988037107
66,377/86,6,0.04654710769653336
66,377/86,7,0.03912119865417463
66,377/86,8,0.1327291107177735
66,377/86,9,0.032310161590576314
66,377/86,10,0.2858960914611819
66,377/86,11,0.880415420532227
66,377/86,12,0.5581995964050295
66,377/94,1,0.11300396919250488
66,377/94,3,0.21487515449523942
66,377/94,5,0.14903964996337882
66,377/94,6,0.19631326675415028
66,377/94,7,0.1572600841522216
66,377/94,8,0.21861077308654764
66,377/94,9,0.34739433288574206
66,377/94,10,0.41034520149230946
66,377/94,11,0.186237726211548
66,377/94,12,0.6345403289794922
66,391/243,1,0.3805629062652587
66,391/243,2,1.0092498779296877
66,391/243,3,1.3158602619171145
66,391/243,4,0.5317611122131347
66,391/243,5,0.4739552211761473
66,391/243,6,0.22007395744323732
66,391/243,7,0.623896598815918
66,391/243,8,0.9638763332366942
66,391/243,9,0.21585297584533691
66,391/243,10,0.8198634719848634
66,391/243,11,0.178680486679077
66,391/33,1,0.1733481979370115
66,391/33,3,0.25625041961669837
66,391/33,5,0.7734392166137702
66,391/33,6,0.4447256851196286
66,391/33,7,0.35311023712158196
66,391/33,8,0.4139759063720696
66,391/33,9,0.47723457336425845
66,391/33,10,0.44735656738281193
66,391/33,11,0.6414162063598638
66,391/33,12,0.5895503997802738
66,391/437,1,0.0020804214477543326
66,391/437,3,0.10121616363525376
66,391/437,4,0.31402271270751925
66,391/437,5,0.12569705963134759
66,391/437,6,0.07518409729003928
66,391/437,8,0.7662824249267572
66,391/437,9,0.3284822463989254
66,391/437,10,0.7440417098999017
66,391/437,11,0.11536705017089766
66,391/437,12,0.17633544921874922
66,404/69,1,1.055765037536621
66,404/69,2,1.6259395599365236
66,404/69,5,0.7804979515075683
66,404/69,6,0.7742847251892089
66,404/69,7,0.5462941932678227
66,404/69,8,0.7840293693542479
66,404/69,9,0.2912848663330081
66,404/69,10,0.36523494720458993
66,404/69,11,0.0017562866210933947
66,404/69,12,0.32742193222045923
66,405/17,1,0.16523723125457757
66,405/17,3,0.19914432048797615
66,405/17,4,0.2104731798171997
66,405/17,5,0.04494642257690429
66,405/17,6,0.0921218872070313
66,405/17,8,0.07978067636489872
66,405/17,9,0.04579165458679202
66,405/17,10,0.21249618291854855
66,405/17,11,0.15619515895843517
66,405/17,12,0.13928199768066407
66,405/34,1,1.4367861461639406
66,405/34,4,1.121634340286255
66,418/15,1,0.0890154790878297
66,418/15,3,0.0027033519744872336
66,418/15,4,0.27224484443664543
66,418/15,5,0.04235073804855349
66,418/15,6,0.20874824523925772
66,418/15,8,0.4065365982055664
66,418/15,9,0.4548413825035096
66,418/15,10,0.45109917640686037
66,418/15,11,0.4466792678833007
66,418/15,12,0.32908430099487296
66,418/4,1,0.012791948318481516
66,418/4,2,0.10506275177001934
66,418/4,3,0.06656219482421877
66,418/4,4,0.3053901243209838
66,418/4,5,0.006152596473693928
66,418/4,6,0.2911940431594848
66,418/4,7,0.6257779788970947
66,418/4,9,0.4919782352447509
66,418/4,10,0.7476403760910034
66,418/4,11,0.07630128860473628
66,418/4,12,0.12999746322631855
67,330/183,1,0.14155402183532706
67,330/183,2,1.2375545024871826
67,330/183,4,1.3544296836853027
67,330/183,7,0.3556362915039062
67,330/183,8,0.5863256740570069
67,330/183,9,1.9019372749328611
67,330/183,10,0.2863215875625611
67,330/183,11,1.2030432987213135
67,330/183,12,3.126895608901978
67,341/17,1,0.4562609863281253
67,341/17,2,0.40809522628784123
67,341/17,3,0.7542350769042976
67,341/17,4,0.1785179328918458
67,341/17,5,0.07922918319702177
67,341/17,6,0.045681190490722834
67,341/17,9,0.005809574127197514
67,341/17,11,0.26837711334228587
67,342/78,1,1.2250653553009032
67,377/86,1,0.6397449493408205
67,377/86,2,0.6404428863525391
67,377/86,4,0.13241655349731474
67,377/86,5,0.30338594436645483
67,377/86,7,0.0493146705627443
67,377/86,8,0.08870224952697736
67,377/86,9,0.18506008148193365
67,377/86,10,0.030919704437256
67,377/86,11,0.29223564147949244
67,377/86,12,0.7155074882507328
67,377/94,1,0.10214126586914052
67,377/94,2,0.21884727478027344
67,377/94,4,0.34495418548584
67,377/94,6,0.2070526123046874
67,377/94,7,0.17100680351257314
67,377/94,8,0.14819135665893546
67,377/94,9,0.18977881431579569
67,377/94,10,0.30314336776733386
67,377/94,11,0.3929861831665038
67,377/94,12,0.1877628898620607
67,391/243,1,0.6372443485260009
67,391/243,2,1.1630928039550783
67,391/243,3,1.5805435085296633
67,391/243,4,0.8095714473724365
67,391/243,5,0.7202370834350584
67,391/243,6,0.10746695518493654
67,391/243,7,0.596799373626709
67,391/243,8,0.9793361091613768
67,391/243,9,0.2273550033569336
67,391/243,10,0.8287695980072023
67,391/33,1,0.27820026397705
67,391/33,2,0.4364392852783201
67,391/33,4,0.30550292968749915
67,391/33,6,0.9384553909301765
67,391/33,7,0.8017555999755857
67,391/33,8,0.5436038208007812
67,391/33,9,0.6039878845214837
67,391/33,10,0.6261937332153327
67,391/33,11,0.5208161926269526
67,391/33,12,0.5993353271484381
67,391/437,1,0.2252694320678703
67,391/437,2,0.09906814575195355
67,391/437,4,0.11383136749267564
67,391/437,5,0.35811965942382784
67,391/437,6,0.19944946289062493
67,391/437,7,0.0318677520751951
67,391/437,9,0.7072385406494135
67,391/437,10,0.15065822601318324
67,391/437,11,0.5558798599243158
67,391/437,12,0.23322879791259687
67,404/69,1,0.39855001449585004
67,404/69,2,1.0502661514282225
67,404/69,3,1.645945739746094
67,404/69,6,0.7802399826049804
67,404/69,7,0.7599753189086913
67,404/69,8,0.575725536346436
67,404/69,9,0.7904065895080565
67,404/69,10,0.2926567268371585
67,404/69,11,0.343363380432129
67,404/69,12,0.013816261291504262
67,405/17,1,0.04650446891784665
67,405/17,2,0.21930448532104485
67,405/17,4,0.3276255893707276
67,405/17,5,0.11251765489578247
67,405/17,6,0.06926928997039794
67,405/17,7,0.09638350009918217
67,405/17,9,0.07883719444274906
67,405/17,10,0.03716412067413333
67,405/17,11,0.22741170883178707
67,405/17,12,0.17488836765289317
67,405/34,1,1.4367861461639406
67,405/34,4,1.121634340286255
67,418/15,1,0.12036080360412593
67,418/15,2,0.2798787307739259
67,418/15,4,0.43458901166915886
67,418/15,5,0.2874917650222779
67,418/15,6,0.5904963004589081
67,418/15,7,0.7034563660621642
67,418/15,9,0.6876786541938782
67,418/15,10,0.5407574844360352
67,418/15,11,0.5095477294921875
67,418/15,12,0.4662679767608642
67,418/4,1,0.225186071395874
67,418/4,2,0.29253212928771966
67,418/4,3,0.2463527011871336
67,418/4,4,0.3009233665466309
67,418/4,5,0.4462381649017333
67,418/4,6,0.03367659091949471
67,418/4,7,0.3369823312759399
67,418/4,8,0.605038423538208
67,418/4,10,0.48024911403656
67,418/4,11,0.746273045539856
67,418/4,12,0.11240119934082027
68,330/183,1,0.1571424150466918
68,330/183,2,0.19924662113189706
68,330/183,3,0.970906925201416
68,330/183,5,1.1598755931854248
68,330/183,8,0.4270519542694091
68,330/183,9,0.4138646411895752
68,330/183,10,1.7243184137344358
68,330/183,11,0.3539804887771607
68,330/183,12,1.1640007066726685
68,341/17,1,0.2142466735839843
68,341/17,2,0.48628360748291044
68,341/17,3,0.43121419906616154
68,341/17,4,0.7106836318969734
68,341/17,5,0.15898048400878917
68,341/17,6,0.10847837448120146
68,341/17,7,0.09461278915405291
68,341/17,10,0.3942015457153323
68,341/17,12,0.2933328628540046
68,342/78,1,1.2250653553009032
68,377/86,1,0.9467373657226563
68,377/86,2,0.5026642799377443
68,377/86,3,0.7171917343139649
68,377/86,5,0.2091158103942874
68,377/86,6,0.3087203216552732
68,377/86,8,0.0640706348419191
68,377/86,9,0.038994359970092596
68,377/86,10,0.16477137565612798
68,377/86,11,0.03478225708007798
68,377/86,12,0.446921138763428
68,377/94,1,0.035674839019775195
68,377/94,2,0.0916100788116454
68,377/94,3,0.22534513473510742
68,377/94,5,0.3179919052124025
68,377/94,7,0.18090333938598624
68,377/94,8,0.14785635948181142
68,377/94,9,0.09546937942504874
68,377/94,10,0.23290515899658182
68,377/94,11,0.33173833847045886
68,377/94,12,0.3932582187652587
68,391/243,1,0.6521366882324218
68,391/243,2,1.134623956680298
68,391/243,3,1.5178589725494387
68,391/243,4,0.7913228893280029
68,391/243,5,0.7060733509063719
68,391/243,6,0.14538576126098635
68,391/243,7,0.5901868343353271
68,391/243,8,0.9569066429138182
68,391/243,9,0.2440204620361328
68,391/33,1,0.05087402343749936
68,391/33,2,0.27393829345703047
68,391/33,3,0.46032501220703104
68,391/33,5,0.30131916046142493
68,391/33,7,0.8946149826049812
68,391/33,8,0.7650067138671872
68,391/33,9,0.5830220413208007
68,391/33,10,0.664256286621093
68,391/33,11,0.654348106384278
68,391/33,12,0.5698312377929682
68,391/437,1,0.2839290237426759
68,391/437,2,0.3721007156372078
68,391/437,3,0.33927200317382855
68,391/437,5,0.17905029296874986
68,391/437,6,0.33750503540039034
68,391/437,7,0.21584121704101555
68,391/437,8,0.050815353393554474
68,391/437,10,0.6639760589599604
68,391/437,11,0.27743110656738246
68,391/437,12,0.7871287155151361
68,404/69,1,1.3858074665069582
68,404/69,2,1.2906191158294682
68,404/69,3,1.509652976989746
68,404/69,4,1.7719289779663088
68,404/69,7,1.141491813659668
68,404/69,8,0.9167264747619628
68,404/69,9,0.311382274627686
68,404/69,10,0.8092001724243163
68,404/69,11,0.26991254806518583
68,404/69,12,0.31647310256958017
68,405/17,1,0.05043107271194458
68,405/17,2,0.0653261852264404
68,405/17,3,0.20523468971252434
68,405/17,5,0.2960820960998536
68,405/17,6,0.16888052225112915
68,405/17,7,0.07622080087661742
68,405/17,8,0.11791633367538457
68,405/17,10,0.1329186344146729
68,405/17,11,0.0006491231918335227
68,405/17,12,0.21899910926818844
68,405/34,1,1.4367861461639406
68,405/34,4,1.121634340286255
68,418/15,1,0.5488570308685303
68,418/15,2,0.43405772447586055
68,418/15,3,0.4357390356063844
68,418/15,5,0.48737893819808953
68,418/15,6,0.3033035063743592
68,418/15,7,0.6059396255016327
68,418/15,8,0.7090747892856597
68,418/15,10,0.6933178496360779
68,418/15,11,0.5669568848609925
68,418/15,12,0.4950146865844727
68,418/4,1,0.2223932266235351
68,418/4,2,0.2789071416854858
68,418/4,3,0.263454360961914
68,418/4,4,0.23225834846496562
68,418/4,5,0.259932656288147
68,418/4,6,0.36535025119781483
68,418/4,7,0.011184062957763752
68,418/4,8,0.3132459735870361
68,418/4,9,0.5729911518096924
68,418/4,11,0.48508316993713374
68,418/4,12,0.7445789623260498
69,330/183,1,0.19443531990051266
69,330/183,2,0.19045688152313223
69,330/183,3,0.16187593936920175
69,330/183,4,0.9838447093963623
69,330/183,6,1.1309260940551757
69,330/183,9,0.40416365146636957
69,330/183,10,0.5173414039611817
69,330/183,11,1.852434067726135
69,330/183,12,0.20028001785278327
69,341/17,1,0.5086658096313474
69,341/17,2,0.36665813446044915
69,341/17,3,0.47083980560302763
69,341/17,4,0.4382909393310541
69,341/17,5,0.6294811248779304
69,341/17,6,0.2114311408996583
69,341/17,7,0.09787590026855497
69,341/17,8,0.09696311950683612
69,341/17,11,0.41152980804443384
69,342/78,1,1.2250653553009032
69,377/86,1,0.1377942085266115
69,377/86,2,0.9259787368774415
69,377/86,3,0.5252267837524416
69,377/86,4,0.7979441070556641
69,377/86,6,0.00030582427978487203
69,377/86,7,0.1802446556091306
69,377/86,9,0.06429368972778304
69,377/86,10,0.05668311119079572
69,377/86,11,0.15215116500854498
69,377/86,12,0.0066207313537596235
69,377/94,1,0.04303109169006358
69,377/94,2,0.03783300399780254
69,377/94,3,0.10939443588256825
69,377/94,4,0.25339198112487793
69,377/94,6,0.3428618240356447
69,377/94,8,0.2212566375732421
69,377/94,9,0.1902436065673827
69,377/94,10,0.17474141120910636
69,377/94,11,0.2136626338958738
69,377/94,12,0.3449135875701903
69,391/243,1,0.3350159263610841
69,391/243,5,0.39740479469299306
69,391/243,6,0.9873399257659914
69,391/243,7,1.3697495365142824
69,391/243,8,0.5466324710845947
69,391/243,9,0.49523288726806625
69,391/243,10,0.24208452224731447
69,391/243,11,0.6470961570739746
69,391/243,12,0.895615186691284
69,391/33,1,0.6296116447448732
69,391/33,2,0.250650672912597
69,391/33,3,0.6707426261901848
69,391/33,4,0.8627374267578123
69,391/33,6,0.7843294525146476
69,391/33,8,1.2798507690429695
69,391/33,9,1.1924654769897458
69,391/33,10,0.885092658996582
69,391/33,11,0.9477235794067376
69,391/33,12,0.8771369171142585
69,391/437,1,0.2805623245239257
69,391/437,2,0.0425976181030272
69,391/437,3,0.1746369552612297
69,391/437,4,0.14571807861328168
69,391/437,6,0.10833438873291001
69,391/437,7,0.34019248962402315
69,391/437,8,0.21822158813476555
69,391/437,9,0.043887863159179474
69,391/437,11,0.5286735153198237
69,391/437,12,0.2576910018920895
69,404/69,1,0.3739698410034178
69,404/69,2,0.38103885650634783
69,404/69,3,0.1799950408935551
69,404/69,4,0.94144380569458
69,404/69,5,1.3543345451354982
69,404/69,8,0.7454847526550292
69,404/69,9,0.8347562599182128
69,404/69,10,0.47411487579345746
69,404/69,11,0.9374388504028319
69,404/69,12,0.2680152130126956
69,405/17,1,0.07432200431823732
69,405/17,2,0.1528860330581665
69,405/17,3,0.13497170925140378
69,405/17,4,0.21373133182525628
69,405/17,6,0.3619654345512391
69,405/17,7,0.12678897380828857
69,405/17,8,0.07182615041732787
69,405/17,9,0.12828193902969365
69,405/17,11,0.1372704887390137
69,405/17,12,0.005926518440246609
69,405/34,1,1.4367861461639406
69,405/34,4,1.121634340286255
69,418/15,1,0.4367301738262177
69,418/15,2,0.6512128686904908
69,418/15,3,0.5241826891899108
69,418/15,4,0.469181354045868
69,418/15,6,0.4789411854743957
69,418/15,7,0.32733359575271614
69,418/15,8,0.5736777770519257
69,418/15,9,0.7200815320014953
69,418/15,11,0.6676668119430542
69,418/15,12,0.5524647903442383
69,418/4,1,0.16257736206054685
69,418/4,2,0.04725379943847652
69,418/4,3,0.1379859066009521
69,418/4,4,0.26976363182067864
69,418/4,5,0.2240901279449461
69,418/4,6,0.22086348056793215
69,418/4,7,0.40828359603881825
69,418/4,8,0.06445547580719002
69,418/4,9,0.2940407609939575
69,418/4,10,0.44430472373962404
69,418/4,12,0.47463089942932124
70,330/183,1,0.02476927757263181
70,330/183,2,0.1919024801254272
70,330/183,3,0.17955769538879385
70,330/183,4,0.1724489688873292
70,330/183,5,0.9554335594177246
70,330/183,7,1.0944928741455078
70,330/183,10,0.4287977743148803
70,330/183,11,0.27029660224914553
70,330/183,12,1.5099907207489012
70,341/17,1,0.49278236389160135
70,341/17,2,0.3612660598754882
70,341/17,3,0.4562752914428714
70,341/17,4,0.43626342773437443
70,341/17,5,0.6241071701049812
70,341/17,6,0.20153057098388683
70,341/17,7,0.14892465591430692
70,341/17,8,0.09054203033447283
70,341/17,11,0.42217948913574244
70,342/78,1,1.2250653553009032
70,377/86,1,0.03340297698974615
70,377/86,2,0.18188257217407244
70,377/86,3,0.9862151908874512
70,377/86,4,0.43985052108764666
70,377/86,5,0.7609086418151856
70,377/86,7,0.23312599182128935
70,377/86,8,0.3313929748535154
70,377/86,10,0.0757419395446779
70,377/86,11,0.05658488273620588
70,377/86,12,0.17914443969726568
70,377/94,1,0.021841459274292152
70,377/94,2,0.032946939468383896
70,377/94,3,0.04482486724853496
70,377/94,4,0.12097895622253407
70,377/94,5,0.21143865585327148
70,377/94,7,0.340158157348633
70,377/94,9,0.23346104621887198
70,377/94,10,0.1607164192199706
70,377/94,11,0.15122308731079093
70,377/94,12,0.21241713523864725
70,391/243,1,0.5014935302734376
70,391/243,2,0.9326292610168458
70,391/243,6,0.39936363220214854
70,391/243,7,0.878806781768799
70,391/243,8,1.244814386367798
70,391/243,9,0.4991626167297363
70,391/243,10,0.5533185672760008
70,391/243,11,0.19288279533386232
70,391/243,12,0.5904452800750732
70,391/33,1,0.05106597900390675
70,391/33,2,0.6749283409118654
70,391/33,3,0.4166300582885736
70,391/33,4,0.6549040031433098
70,391/33,5,0.8355624771118162
70,391/33,7,0.7962942504882804
70,391/33,9,1.3467967987060554
70,391/33,10,1.2934080886840817
70,391/33,11,1.0502757263183593
70,391/33,12,1.1108772277832024
70,391/437,1,0.22405544281005874
70,391/437,2,0.04963596343994148
70,391/437,3,0.21398654937744155
70,391/437,4,0.08124626159668047
70,391/437,5,0.20085571289062543
70,391/437,7,0.10026153564453111
70,391/437,8,0.307575874328613
70,391/437,9,0.14327136993408196
70,391/437,10,0.06510566711425803
70,391/437,12,0.7280686950683588
70,404/69,1,0.864974670410156
70,404/69,2,0.9116186618804933
70,404/69,3,1.9479321956634523
70,404/69,4,1.938692073822022
70,404/69,5,1.8429583358764647
70,404/69,6,2.436184120178223
70,404/69,9,1.221969051361084
70,404/69,10,0.8676608848571776
70,404/69,11,0.5079340744018559
70,404/69,12,0.8719657707214354
70,405/17,1,0.14743790388107303
70,405/17,2,0.0069056344032287775
70,405/17,3,0.06637173891067505
70,405/17,4,0.08849474906921384
70,405/17,5,0.20271985054016106
70,405/17,7,0.3265233802795411
70,405/17,8,0.12154239416122437
70,405/17,9,0.08354364871978759
70,405/17,10,0.11312543153762822
70,405/17,12,0.105821647644043
70,405/34,1,1.4367861461639406
70,405/34,4,1.121634340286255
70,418/15,1,0.3938958740234375
70,418/15,2,0.1849783039093018
70,418/15,3,0.48588275671005254
70,418/15,4,0.3448591351509094
70,418/15,5,0.3670163106918336
70,418/15,7,0.46009306430816643
70,418/15,8,0.32104310035705574
70,418/15,9,0.565020649433136
70,418/15,10,0.7118716478347777
70,418/15,12,0.660809714794159
70,418/4,1,0.167954683303833
70,418/4,2,0.023439378738403294
70,418/4,3,0.0805993795394897
70,418/4,4,0.18585368156433102
70,418/4,5,0.2715396118164062
70,418/4,6,0.21139100074768047
70,418/4,7,0.2159192752838135
70,418/4,8,0.43241811275482167
70,418/4,9,0.09020694732666024
70,418/4,10,0.2932000970840454
70,418/4,11,0.4375531268119812
71,330/183,1,0.08948025226593015
71,330/183,2,0.2739351606369018
71,330/183,3,0.1234049940109252
71,330/183,4,0.12597312927246085
71,330/183,5,1.2589914321899414
71,330/183,7,1.3711759662628173
71,330/183,10,0.4422534036636352
71,330/183,11,0.33404269695281985
71,341/17,1,0.5499742126464842
71,341/17,2,0.35828105926513665
71,341/17,3,0.47145111083984403
71,341/17,4,0.39257942199706974
71,341/17,5,0.5985944747924812
71,341/17,6,0.24526130676269542
71,341/17,7,0.09107000350952177
71,341/17,8,0.0549079895019533
71,342/78,1,1.2250653553009032
71,377/86,1,0.11918407440185552
71,377/86,2,0.1791288375854494
71,377/86,3,0.8438764381408692
71,377/86,4,0.4068376541137697
71,377/86,5,0.6830087089538575
71,377/86,7,0.2514742088317874
71,377/86,8,0.5377971839904783
71,377/86,10,0.09457676887512223
71,377/86,11,0.02379851341247541
71,377/94,1,0.43323457717895497
71,377/94,2,0.23486702919006364
71,377/94,3,0.03066193580627452
71,377/94,4,0.029163866043090625
71,377/94,5,0.10873282432556142
71,377/94,6,0.2084193229675293
71,377/94,8,0.3339101600646974
71,377/94,10,0.22736611366271964
71,377/94,11,0.1590675163269042
71,377/94,12,0.13530650138854972
71,391/243,1,0.6483396244049073
71,391/243,2,0.4983832073211669
71,391/243,3,0.39253648757934556
71,391/243,7,0.47553027153015126
71,391/243,8,0.9528164386749269
71,391/243,9,1.2041101360321047
71,391/243,10,0.398242654800415
71,391/243,11,0.5724540424346922
71,391/243,12,0.2894177627563477
71,391/33,1,1.0394878387451172
71,391/33,2,0.8906446075439458
71,391/33,3,0.3517874145507811
71,391/33,4,0.16836807250976626
71,391/33,5,0.0028516006469718747
71,391/33,6,0.1565015411376951
71,391/33,8,0.2665701293945304
71,391/33,10,0.8998535156250007
71,391/33,11,0.8130327987670896
71,391/33,12,0.5692214202880859
71,391/437,1,0.10534614562988232
71,391/437,2,0.2017270660400392
71,391/437,3,0.03177268981933601
71,391/437,4,0.1702024078369142
71,391/437,5,0.0960062789917
71,391/437,6,0.19135807037353558
71,391/437,8,0.1298178100585936
71,391/437,9,0.3726708221435544
71,391/437,10,0.23082820892333977
71,391/437,11,0.07289482116699197
71,404/69,1,0.8137177848815917
71,404/69,2,0.24336511611938505
71,404/69,3,0.5594523429870604
71,404/69,4,0.16201181411743182
71,404/69,5,0.039397697448730895
71,404/69,6,0.9853333282470702
71,404/69,7,1.5979549407958986
71,404/69,10,0.7561363410949706
71,404/69,11,0.7021049308776854
71,404/69,12,0.6183132934570317
71,405/17,1,0.2655233383178711
71,405/17,2,0.17470029354095462
71,405/17,3,0.0015482497215271174
71,405/17,4,0.053101181983947754
71,405/17,5,0.13026306152343747
71,405/17,6,0.2103169393539428
71,405/17,8,0.3441911506652833
71,405/17,9,0.13431090116500854
71,405/17,10,0.08696358442306518
71,405/17,11,0.09275196790695195
71,405/34,1,1.452609033584595
71,418/15,1,0.5135579919815063
71,418/15,2,0.5862563943862915
71,418/15,3,0.04818337917327886
71,418/15,4,0.4508070325851441
71,418/15,5,0.3884660124778747
71,418/15,6,0.4562392783164979
71,418/15,8,0.5003300142288207
71,418/15,9,0.38716259241104134
71,418/15,10,0.5676027822494507
71,418/15,11,0.6990141808986663
71,418/4,1,0.03661922454833988
71,418/4,2,0.18641817569732666
71,418/4,3,0.03990790367126462
71,418/4,4,0.09450466632843013
71,418/4,5,0.13627072334289547
71,418/4,6,0.25726859092712395
71,418/4,7,0.19923022270202617
71,418/4,8,0.2085737180709839
71,418/4,9,0.3938014554977416
71,418/4,10,0.04661342144012459
71,418/4,11,0.29892726898193356
71,418/4,12,0.3927289438247681
72,330/183,1,0.2902916336059571
72,330/183,3,0.12614223480224607
72,330/183,4,0.2802525377273559
72,330/183,5,0.1844650650024413
72,330/183,6,0.0779447317123414
72,330/183,7,1.0414983749389648
72,330/183,9,1.16227313041687
72,330/183,12,0.46639149665832513
72,341/17,1,0.5082795715332029
72,341/17,2,0.3572634887695312
72,341/17,3,0.45173770904541044
72,341/17,4,0.41615758895873967
72,341/17,5,0.6377289772033699
72,341/17,6,0.2757626724243165
72,341/17,7,0.10542947769165067
72,341/17,8,0.19314546585083026
72,342/78,1,1.2250653553009032
72,377/86,1,0.08296795845031735
72,377/86,3,0.02710443496704107
72,377/86,4,0.0631014823913576
72,377/86,5,0.9371052551269532
72,377/86,6,0.47713918685913104
72,377/86,7,0.7220716857910157
72,377/86,9,0.06886083602905302
72,377/86,10,0.16776773452758764
72,377/86,12,0.07117993354797347
72,377/94,1,0.29344995498657234
72,377/94,2,0.04663336753845204
72,377/94,3,0.05091398239135758
72,377/94,4,0.06896960258483897
72,377/94,5,0.06319501876831035
72,377/94,6,0.11012375831603993
72,377/94,7,0.23885011672973633
72,377/94,9,0.3423120307922365
72,377/94,11,0.21070733070373526
72,377/94,12,0.16471875190734853
72,391/243,1,0.07177385330200181
72,391/243,2,0.6741188716888429
72,391/243,3,0.5956460666656493
72,391/243,4,0.8483296298980711
72,391/243,8,0.8816000270843505
72,391/243,9,1.1999492168426515
72,391/243,10,1.7088754081726076
72,391/243,11,0.7365414524078369
72,391/243,12,0.8479762744903563
72,391/33,1,0.008516311645507812
72,391/33,2,0.9996042251586914
72,391/33,3,0.6832948303222661
72,391/33,4,0.2117215728759767
72,391/33,5,0.1461098480224603
72,391/33,6,0.594510192871093
72,391/33,7,0.7016294097900388
72,391/33,9,0.6346779251098624
72,391/33,11,0.9021690368652351
72,391/33,12,0.8091723251342771
72,391/437,1,0.02465881347656307
72,391/437,2,0.04705196380615284
72,391/437,3,0.1277829742431642
72,391/437,4,0.0793476867675782
72,391/437,5,0.18571487426757827
72,391/437,6,0.12992942810058672
72,391/437,7,0.17276428222656293
72,391/437,9,0.17082389831542955
72,391/437,10,0.37327545166015597
72,391/437,11,0.1972951126098632
72,391/437,12,0.006903877258300994
72,404/69,1,0.016760368347167542
72,404/69,2,0.7828459167480468
72,404/69,3,0.2754300308227542
72,404/69,4,0.5525491714477537
72,404/69,5,0.12590379714965838
72,404/69,6,0.043593864440918395
72,404/69,7,0.9376744079589843
72,404/69,8,1.4443461418151857
72,404/69,11,0.7208503913879394
72,404/69,12,0.6691697883605956
72,405/17,1,0.0058620667457580655
72,405/17,2,0.2534713983535767
72,405/17,3,0.16056356191635135
72,405/17,4,0.0007037329673766912
72,405/17,5,0.031109929084777832
72,405/17,6,0.06370207786560056
72,405/17,7,0.21593837261199944
72,405/17,9,0.3531103897094727
72,405/17,10,0.12477272748947144
72,405/17,11,0.08574896097183227
72,405/17,12,0.09435658454895024
72,405/34,1,1.4626514625549318
72,418/15,1,0.36194501399993895
72,418/15,2,0.3902466511726379
72,418/15,3,0.47772462129592896
72,418/15,4,0.14769762516021734
72,418/15,5,0.5033909058570862
72,418/15,6,0.3819273233413696
72,418/15,7,0.410784776210785
72,418/15,9,0.4945264291763305
72,418/15,10,0.3633906507492066
72,418/15,11,0.5507423269748688
72,418/15,12,0.688891315460205
72,418/4,1,0.5228166007995605
72,418/4,2,0.2960185623168945
72,418/4,3,0.010032296180725098
72,418/4,4,0.21424529075622556
72,418/4,5,0.05487184524536137
72,418/4,6,0.09188242912292477
72,418/4,7,0.172162218093872
72,418/4,8,0.18314745903015117
72,418/4,9,0.16025247097015383
72,418/4,10,0.4112412977218627
72,418/4,11,0.09467550754547127
72,418/4,12,0.3255217885971069
73,330/183,1,0.019867568016052273
73,330/183,2,0.2685807609558106
73,330/183,4,0.18524465084075925
73,330/183,5,0.3924510097503662
73,330/183,6,0.3971284770965575
73,330/183,7,0.16218326091766366
73,330/183,8,0.9932426929473877
73,330/183,10,1.1441089725494384
73,341/17,1,0.26955354690551747
73,341/17,5,0.6726110076904295
73,341/17,6,0.40186302185058587
73,341/17,7,0.7097500038146975
73,341/17,8,0.4940928077697748
73,341/17,9,0.8871043205261238
73,341/17,10,0.025258178710937607
73,341/17,11,0.26616127014160185
73,341/17,12,0.37211627960205096
73,342/78,1,1.2250653553009032
73,377/86,1,0.3084580230712888
73,377/86,2,0.0868372535705566
73,377/86,4,0.004643144607543892
73,377/86,5,0.013511848449707209
73,377/86,6,0.8515067863464356
73,377/86,7,0.46165390014648455
73,377/86,8,0.66477445602417
73,377/86,10,0.07867271423339872
73,377/86,11,0.24486133575439428
73,377/94,1,0.22463088989257818
73,377/94,2,0.4272323417663575
73,377/94,3,0.04843795776367177
73,377/94,4,0.03088324546813981
73,377/94,5,0.056782598495483505
73,377/94,6,0.059887437820434375
73,377/94,7,0.09857786178588857
73,377/94,8,0.21260523796081543
73,377/94,10,0.3316747474670412
73,377/94,12,0.24256410598754874
73,391/243,1,0.07599171638488755
73,391/243,2,0.06111654281616197
73,391/243,3,0.7157641601562501
73,391/243,4,0.64544527053833
73,391/243,5,1.0900085830688475
73,391/243,9,0.6796592521667479
73,391/243,10,1.0880999088287355
73,391/243,11,1.3862392807006838
73,391/243,12,0.5973195457458496
73,391/33,1,0.34063354492187514
73,391/33,2,0.2814970016479492
73,391/33,3,0.6498212814331055
73,391/33,4,0.576673088073731
73,391/33,5,0.3647076225280763
73,391/33,6,0.14937046051025327
73,391/33,7,0.4936381530761711
73,391/33,8,0.6152637100219724
73,391/33,10,0.6330442810058585
73,391/33,12,0.939111518859864
73,391/437,1,0.21015724182128892
73,391/437,2,0.159109725952149
73,391/437,3,0.058072624206543466
73,391/437,4,0.13347068786621108
73,391/437,5,0.035008506774902415
73,391/437,6,0.20369258880615249
73,391/437,7,0.09924686431884844
73,391/437,8,0.1680149841308598
73,391/437,10,0.1391399765014647
73,391/437,11,0.35092037200927706
73,391/437,12,0.17344657897949212
73,404/69,1,0.7463329505920413
73,404/69,2,0.21558568954467816
73,404/69,3,0.6472038650512695
73,404/69,4,0.25761348724365263
73,404/69,5,0.5864632606506346
73,404/69,6,0.12745065689086932
73,404/69,7,0.022727947235107848
73,404/69,8,0.9583095359802245
73,404/69,9,1.4733283042907717
73,404/69,12,0.7332357597351074
73,405/17,1,0.029895889759063765
73,405/17,2,0.02212400197982789
73,405/17,3,0.2428866267204285
73,405/17,4,0.1610323524475098
73,405/17,5,0.01022134304046629
73,405/17,6,0.025530695915222168
73,405/17,7,0.0658818197250366
73,405/17,8,0.21416882991790764
73,405/17,10,0.33988334417343147
73,405/17,11,0.10833078622817993
73,405/17,12,0.06519972324371337
73,405/34,1,1.4358412933349611
73,418/15,1,0.04364506721496575
73,418/15,2,0.44425211429595945
73,418/15,3,0.3358193254470825
73,418/15,4,0.4217923974990845
73,418/15,5,0.16816913843154913
73,418/15,6,0.5331721282005311
73,418/15,7,0.4329347729682922
73,418/15,8,0.4354497742652894
73,418/15,10,0.46008871316909783
73,418/15,11,0.3265482449531556
73,418/15,12,0.5780526089668274
73,418/4,1,0.10421225547790525
73,418/4,2,0.5179838562011718
73,418/4,3,0.34141262531280514
73,418/4,4,0.02379906177520752
73,418/4,5,0.2016840887069702
73,418/4,6,0.046888756752014205
73,418/4,7,0.12810059547424313
73,418/4,8,0.29532544136047356
73,418/4,9,0.22722676277160625
73,418/4,10,0.26539828300476076
73,418/4,11,0.4390546131134032
73,418/4,12,0.08800407886505135
74,330/183,1,0.006831474304199281
74,330/183,2,0.030946164131164577
74,330/183,3,0.32533928394317635
74,330/183,5,0.1979849052429199
74,330/183,6,0.4160085535049438
74,330/183,7,0.4859559679031371
74,330/183,8,0.3640416622161866
74,330/183,9,0.5420678377151489
74,330/183,11,0.9825729942321777
74,341/17,1,0.10214866638183562
74,341/17,2,0.026088352203369247
74,341/17,6,0.5743939971923826
74,341/17,7,0.3924349975585937
74,341/17,8,0.4851954650878909
74,341/17,9,0.4485877609252924
74,341/17,10,0.7529953002929695
74,341/17,11,0.1485620689392091
74,341/17,12,0.13712055206298857
74,342/78,1,1.2250653553009032
74,377/86,1,0.21180841445922827
74,377/86,2,0.2673224735260007
74,377/86,3,0.12082501411437985
74,377/86,5,0.00030904769897466267
74,377/86,6,0.012932968139648615
74,377/86,7,0.8540983963012696
74,377/86,8,0.38894624710083026
74,377/86,9,0.6920695686340332
74,377/86,11,0.2091468048095706
74,377/86,12,0.3028433036804197
74,377/94,1,0.20580079078674318
74,377/94,2,0.40527325630187994
74,377/94,3,0.48975427627563484
74,377/94,4,0.07138932228088368
74,377/94,5,0.08297794342041032
74,377/94,6,0.04662358283996593
74,377/94,7,0.03766062736511211
74,377/94,8,0.08463800430297841
74,377/94,9,0.22625017166137695
74,377/94,11,0.32851498603820817
74,391/243,1,0.44886711120605494
74,391/243,2,0.5084628200531007
74,391/243,3,0.7011750602722167
74,391/243,4,1.181436176300049
74,391/243,5,1.031002206802368
74,391/243,6,1.1889856719970702
74,391/243,10,0.8529208946228026
74,391/243,11,1.2207219123840334
74,391/243,12,1.6975035572052004
74,391/33,1,0.5724691390991214
74,391/33,2,0.907809410095215
74,391/33,3,0.9310474395751953
74,391/33,4,0.12826061248779297
74,391/33,5,0.15605777740478466
74,391/33,6,0.6140395736694337
74,391/33,7,0.2696736145019525
74,391/33,8,0.6262932968139641
74,391/33,9,0.8603303527832029
74,391/33,11,0.7960052871704093
74,391/437,1,0.10237598419189453
74,391/437,2,0.20569499969482408
74,391/437,3,0.20635379791259822
74,391/437,4,0.08546405792236378
74,391/437,5,0.13620010375976577
74,391/437,6,0.10212047576904304
74,391/437,7,0.17082515716552749
74,391/437,8,0.16685855865478594
74,391/437,9,0.26941535949707074
74,391/437,11,0.16145214080810533
74,391/437,12,0.31158512115478487
74,404/69,1,0.26518312454223647
74,404/69,2,0.42100841522216825
74,404/69,3,0.2605624008178715
74,404/69,4,0.5652937316894531
74,404/69,5,0.3944013786315921
74,404/69,6,0.47558431625366193
74,404/69,7,0.14061899185180682
74,404/69,8,0.08320138931274457
74,404/69,9,0.8832601356506347
74,404/69,10,1.3975083351135256
74,405/17,1,0.14910486698150638
74,405/17,2,0.0397619485855103
74,405/17,3,0.01844919681549073
74,405/17,4,0.24382945299148562
74,405/17,5,0.1697293853759766
74,405/17,6,0.014161248207092303
74,405/17,7,0.04449152946472168
74,405/17,8,0.068454475402832
74,405/17,9,0.22729472637176507
74,405/17,11,0.3510002064704896
74,405/17,12,0.10557717084884644
74,405/34,1,0.20692742347717274
74,418/15,1,0.2412159204483033
74,418/15,2,0.43906720161437995
74,418/15,3,0.21391024112701418
74,418/15,4,0.6898676967620849
74,418/15,5,0.8320239877700806
74,418/15,6,0.39145690441131586
74,418/15,7,0.2930812263488769
74,418/15,8,0.3145300626754761
74,418/15,9,0.3437702703475951
74,418/15,11,0.5229540634155274
74,418/15,12,0.7377438879013061
74,418/4,1,0.1005628967285157
74,418/4,2,0.12407896041870115
74,418/4,3,0.46631556987762446
74,418/4,4,0.2925521945953369
74,418/4,5,0.17825531959533691
74,418/4,6,0.05343434333801267
74,418/4,7,0.11339433193206783
74,418/4,8,0.15811820983886715
74,418/4,9,0.27318279266357415
74,418/4,10,0.21916940689086895
74,418/4,11,0.29494776248931887
74,418/4,12,0.4660283374786376
75,330/183,1,0.1553746747970579
75,330/183,2,0.02821630954742438
75,330/183,3,0.07542720317840579
75,330/183,4,0.3194833660125733
75,330/183,6,0.0613429260253906
75,330/183,7,0.1745442962646484
75,330/183,8,0.017559661865234277
75,330/183,9,0.07870819568634024
75,330/183,10,1.1586610794067382
75,330/183,12,1.2563395118713379
75,341/17,1,0.10921216964721658
75,341/17,2,0.07218994140624968
75,341/17,3,0.06573713302612294
75,341/17,7,0.5283019638061521
75,341/17,8,0.3711547088623046
75,341/17,9,0.4930709075927737
75,341/17,10,0.4059671020507807
75,341/17,11,0.6583774566650398
75,341/17,12,0.25296985626220714
75,342/78,1,1.2250653553009032
75,377/86,1,0.10680000305175774
75,377/86,2,0.11082098007202124
75,377/86,3,0.25117056846618624
75,377/86,4,0.08460541725158688
75,377/86,6,0.0862372493743897
75,377/86,7,0.14808006286621112
75,377/86,8,0.8625403213500977
75,377/86,9,0.39783973693847674
75,377/86,10,0.6980328941345215
75,377/86,12,0.039113349914551065
75,377/94,1,0.061565389633178924
75,377/94,2,0.072793025970459
75,377/94,3,0.2692487812042237
75,377/94,4,0.539479570388794
75,377/94,5,0.004912261962890518
75,377/94,6,0.05595653533935563
75,377/94,7,0.04239689826965343
75,377/94,8,0.050602464675903125
75,377/94,9,0.0987817096710204
75,377/94,10,0.21100115776062012
75,377/94,12,0.35754793167114274
75,391/243,1,1.4537091541290286
75,391/33,1,0.5678110122680664
75,391/33,2,0.8919242858886722
75,391/33,3,1.1942836380004884
75,391/33,4,1.1338300704956055
75,391/33,5,0.380401611328125
75,391/33,6,0.6123766326904292
75,391/33,7,0.7158876991271974
75,391/33,8,0.7058809089660638
75,391/33,9,0.7764927101135246
75,391/33,10,0.8443725204467771
75,391/33,12,0.8572683715820304
75,391/437,1,0.013822822570800142
75,391/437,2,0.12691402435302734
75,391/437,3,0.21368869781494126
75,391/437,4,0.18354763031005916
75,391/437,5,0.05648475646972706
75,391/437,6,0.12535301208496108
75,391/437,7,0.026369171142578196
75,391/437,8,0.13705268859863295
75,391/437,9,0.0881184387207039
75,391/437,10,0.14367053985595746
75,391/437,12,0.14045700073242173
75,404/69,1,0.6966673851013185
75,404/69,2,0.45958503723144517
75,404/69,3,0.6781237792968753
75,404/69,4,0.15247438430786175
75,404/69,5,0.7594341659545898
75,404/69,6,0.22940713882446317
75,404/69,7,0.6099355697631834
75,404/69,8,0.14754076004028338
75,404/69,9,0.005440254211425355
75,404/69,10,1.0225309181213378
75,404/69,11,1.5965692520141603
75,405/17,1,0.12463171482086177
75,405/17,2,0.15796789884567264
75,405/17,3,0.057874429225921675
75,405/17,4,0.009130189418792733
75,405/17,5,0.24516686201095583
75,405/17,6,0.18030062675476077
75,405/17,7,0.020331580638885516
75,405/17,8,0.04270678758621216
75,405/17,9,0.06369957447051999
75,405/17,10,0.19673149108886712
75,405/17,12,0.3006354141235352
75,405/34,1,0.19649637222290028
75,418/15,1,0.14344180107116689
75,418/15,2,0.3309777736663819
75,418/15,3,0.6587771940231324
75,418/15,4,0.4385193777084351
75,418/15,5,1.2843565559387207
75,418/15,6,1.31266535282135
75,418/15,7,0.9312973642349243
75,418/15,8,0.9508280181884765
75,418/15,9,0.840794849395752
75,418/15,10,0.8786653327941893
75,418/15,12,0.6349938678741456
75,418/4,1,0.20482919216156015
75,418/4,2,0.09639712810516365
75,418/4,3,0.1284447622299194
75,418/4,4,0.4645953798294067
75,418/4,5,0.2992127752304077
75,418/4,6,0.1412445306777954
75,418/4,7,0.06016478061676023
75,418/4,8,0.10943217277526851
75,418/4,9,0.1649152851104736
75,418/4,10,0.26935188293457024
75,418/4,11,0.23193076133728008
75,418/4,12,0.26606168270111086
76,330/183,1,0.3285187911987304
76,330/183,2,0.17993619918823223
76,330/183,3,0.04924982070922845
76,330/183,4,0.003988294601440456
76,330/183,5,0.361108627319336
76,330/183,7,0.2703866672515869
76,330/183,8,0.4378828620910644
76,330/183,9,0.4859815979003905
76,330/183,10,0.35092649459838876
76,330/183,11,0.8640748977661132
76,341/17,1,0.074719333648682
76,341/17,2,0.0613024139404299
76,341/17,3,0.05808748245239226
76,341/17,4,0.07473648071289052
76,341/17,8,0.5564563369750974
76,341/17,9,0.3695372772216796
76,341/17,10,0.48561317443847685
76,341/17,11,0.3822740173339838
76,341/17,12,0.6471932411193855
76,377/86,1,0.38637445449829144
76,377/86,2,0.28671495437622063
76,377/86,3,0.09275028228759741
76,377/86,4,0.26827567100524874
76,377/86,5,0.03175683975219723
76,377/86,7,0.07688933372497564
76,377/86,8,0.2730791091918947
76,377/86,9,0.8555932807922364
76,377/86,10,0.4923803329467775
76,377/86,11,0.6927600288391114
76,377/94,1,0.13166311264038066
76,377/94,2,0.22705601692199728
76,377/94,3,0.029906768798828143
76,377/94,4,0.1733353710174561
76,377/94,5,0.4218908119201661
76,377/94,6,0.048249845504760636
76,377/94,7,0.08021228790283219
76,377/94,8,0.042465324401855575
76,377/94,9,0.06072881698608379
76,377/94,10,0.1195331859588622
76,377/94,11,0.22158384323120117
76,391/243,1,1.4537091541290286
76,391/33,1,0.6236277389526368
76,391/33,2,0.8827447891235352
76,391/33,3,1.0741170883178714
76,391/33,4,1.344907913208008
76,391/33,5,1.2976064682006836
76,391/33,6,0.6112451553344727
76,391/33,7,0.7025236511230464
76,391/33,8,0.8424264526367189
76,391/33,9,0.9639771270751947
76,391/33,10,1.2956143569946281
76,391/33,11,1.411637554168701
76,391/437,1,0.1418826675415037
76,391/437,2,0.006289749145507173
76,391/437,3,0.15474700927734375
76,391/437,4,0.3498829269409178
76,391/437,5,0.4929214859008795
76,391/437,6,0.38886695861816456
76,391/437,7,0.14043029785156236
76,391/437,8,0.285736961364746
76,391/437,9,0.11941513061523423
76,391/437,10,0.14050876617431562
76,391/437,11,0.10027072906494183
76,404/69,1,0.32737764358520494
76,404/69,2,0.6995398521423342
76,404/69,3,0.24639925003051744
76,404/69,4,0.538944072723389
76,404/69,5,0.1376495170593266
76,404/69,6,0.7903427505493164
76,404/69,7,0.24022609710693388
76,404/69,8,0.547927665710449
76,404/69,9,0.09869594573974627
76,404/69,10,0.01059247970581012
76,404/69,11,0.9858206558227538
76,404/69,12,1.6660096168518068
76,405/17,1,0.20667949676513664
76,405/17,2,0.01586539745330806
76,405/17,3,0.11894163846969608
76,405/17,4,0.0535943984985352
76,405/17,5,0.010080823898315439
76,405/17,6,0.23970737457275393
76,405/17,7,0.17469755172729495
76,405/17,8,0.019078772068023664
76,405/17,9,0.025504708290100098
76,405/17,10,0.06399437904357907
76,405/17,11,0.21559230804443352
76,405/34,1,0.19091509819030783
76,405/34,3,0.3895510482788085
76,418/15,1,0.02829774379730221
76,418/15,2,0.12599015712738026
76,418/15,3,0.3225673198699952
76,418/15,4,0.617678599357605
76,418/15,5,0.42014207363128664
76,418/15,6,1.144080958366394
76,418/15,7,1.2323587036132813
76,418/15,8,0.9555073404312133
76,418/15,9,0.8861849927902221
76,418/15,10,0.8414335727691651
76,418/15,11,0.9276629734039306
76,418/4,1,0.6785014247894288
76,418/4,2,0.20785810947418204
76,418/4,3,0.08154460430145272
76,418/4,4,0.048545508384704616
76,418/4,5,0.4082053327560424
76,418/4,6,0.27884455680847164
76,418/4,7,0.166733980178833
76,418/4,8,0.04910251617431638
76,418/4,9,0.12914056777954097
76,418/4,10,0.1629793262481689
76,418/4,11,0.26901857376098626
76,418/4,12,0.21830466270446758
77,330/183,1,0.20913927078247063
77,330/183,2,0.2443707275390623
77,330/183,3,0.10511226177215582
77,330/183,4,0.1321983623504639
77,330/183,5,0.35489627361297615
77,330/183,7,0.08899411678314206
77,330/183,8,0.26705869197845455
77,330/183,9,0.16828657627105703
77,330/183,10,0.17117974758148202
77,330/183,11,0.8993652582168579
77,341/17,1,0.044435939788818324
77,341/17,2,0.049873447418212535
77,341/17,3,0.11538482666015604
77,341/17,4,0.12192024230956999
77,341/17,5,0.04104101181030284
77,341/17,9,0.4055278396606443
77,341/17,10,0.4043091964721679
77,341/17,11,0.44096786499023466
77,341/17,12,0.432140216827392
77,377/86,1,0.38984058380126996
77,377/86,2,0.2922810745239257
77,377/86,3,0.028211326599120845
77,377/86,4,0.44340508460998507
77,377/86,5,0.06503061294555668
77,377/86,7,0.024594726562499947
77,377/86,8,0.1700489044189455
77,377/86,9,0.8048363494873048
77,377/86,10,0.5946089744567873
77,377/86,11,0.8651276016235352
77,377/94,1,0.19534113883972148
77,377/94,2,0.1892318630218508
77,377/94,3,0.04910065650939943
77,377/94,4,0.15388923645019537
77,377/94,5,0.4123593139648438
77,377/94,6,0.044903163909912
77,377/94,7,0.07865851402282731
77,377/94,8,0.059503431320190536
77,377/94,9,0.07571843147277812
77,377/94,10,0.11509931564331044
77,377/94,11,0.2325594425201416
77,391/243,1,1.4537091541290286
77,391/33,1,0.6689110565185548
77,391/33,2,0.8594970703125
77,391/33,3,1.0771516799926761
77,391/33,4,1.3876191711425783
77,391/33,5,1.3723363876342773
77,391/33,6,0.6168317794799805
77,391/33,7,0.816381397247314
77,391/33,8,1.0004579162597658
77,391/33,9,1.2349684524536126
77,391/33,10,1.693798179626464
77,391/33,11,1.901062259674072
77,391/437,1,0.028374443054199006
77,391/437,2,0.02807209014892642
77,391/437,3,0.12343311309814453
77,391/437,4,0.18174537658691392
77,391/437,5,0.20926918029785213
77,391/437,6,0.07620960235595753
77,391/437,7,0.09893909454345717
77,391/437,8,0.08525650024414055
77,391/437,9,0.16656127929687514
77,391/437,10,0.15042198181152422
77,391/437,11,0.2484755325317387
77,404/69,1,0.25586591720581087
77,404/69,2,0.33668979644775376
77,404/69,3,0.5206787109375002
77,404/69,4,0.01626857757568345
77,404/69,5,0.61296350479126
77,404/69,6,0.18176744461059613
77,404/69,7,0.655487003326416
77,404/69,8,0.23338777542114286
77,404/69,9,0.6334488868713377
77,404/69,10,0.08522148132324237
77,404/69,11,0.11798574447631793
77,404/69,12,0.9036005783081054
77,405/17,1,0.1318885421752929
77,405/17,2,0.027720165252685502
77,405/17,3,0.15101328849792484
77,405/17,4,0.04908798933029179
77,405/17,5,0.013469645977020273
77,405/17,6,0.2398953676223755
77,405/17,7,0.17995116472244266
77,405/17,8,0.012919108867645246
77,405/17,9,0.03268164396286011
77,405/17,10,0.07885822772979734
77,405/17,11,0.20045678138732903
77,405/34,1,0.06334405899047857
77,405/34,2,0.18273805618286154
77,405/34,4,0.3948823261260985
77,418/15,1,0.011980137825012172
77,418/15,2,0.16002774715423573
77,418/15,3,0.2744633913040162
77,418/15,4,0.6508057880401612
77,418/15,5,0.4068265151977539
77,418/15,6,1.1355095720291137
77,418/15,7,1.3199888563156128
77,418/15,8,0.8839808130264282
77,418/15,9,0.9175383472442626
77,418/15,10,0.8566837787628174
77,418/15,11,0.8953391361236571
77,418/4,1,0.8944714641571045
77,418/4,2,0.2741663694381713
77,418/4,3,0.13276484966278068
77,418/4,4,0.1568577575683594
77,418/4,5,0.4139625453948974
77,418/4,6,0.2812151527404785
77,418/4,7,0.1771451234817505
77,418/4,8,0.05560848236083982
77,418/4,9,0.1449907541275024
77,418/4,10,0.1544334506988525
77,418/4,11,0.27194706916809075
78,330/183,1,0.04767407417297376
78,330/183,3,0.41159598350524895
78,330/183,4,0.3576723623275755
78,330/183,5,0.10881824016571051
78,330/183,6,0.15002289295196536
78,330/183,7,0.31961020469665535
78,330/183,9,0.06183931350708005
78,330/183,10,0.1907174205780029
78,330/183,11,0.002358422279358008
78,330/183,12,0.0368234157562255
78,341/17,1,0.26508775711059585
78,341/17,2,0.2865705108642578
78,341/17,3,0.1874862670898434
78,341/17,4,0.2675402259826658
78,341/17,5,0.1609231376647946
78,341/17,6,0.07902347564697276
78,341/17,10,0.4435155487060545
78,341/17,11,0.39537326812744134
78,341/17,12,0.42985469818115263
78,377/86,1,0.8208958625793459
78,377/86,3,0.5682916450500493
78,377/86,4,0.5608405303955077
78,377/86,5,0.09764459609985376
78,377/86,6,0.2516660022735593
78,377/86,7,0.10182376861572262
78,377/86,9,0.05581861495971685
78,377/86,10,0.24273796081542987
78,377/86,11,0.7813106346130372
78,377/86,12,0.5387994766235353
78,377/94,1,0.053568668365478356
78,377/94,3,0.2104666519165037
78,377/94,4,0.21488975524902365
78,377/94,5,0.03257562637329103
78,377/94,6,0.15475278854370123
78,377/94,7,0.40965993881225593
78,377/94,8,0.07806146621704091
78,377/94,9,0.06410568237304703
78,377/94,10,0.03796612739562999
78,377/94,11,0.06338432312011699
78,377/94,12,0.06748998641967763
78,391/243,1,1.4537091541290286
78,391/33,1,0.20198669433593786
78,391/33,3,0.7394552993774415
78,391/33,4,0.9393749237060547
78,391/33,5,1.1067070007324222
78,391/33,6,1.3468419647216798
78,391/33,7,1.332387924194336
78,391/33,8,0.6286935806274414
78,391/33,9,0.8058313751220698
78,391/33,10,1.031743679046631
78,391/33,11,1.241232185363769
78,391/33,12,1.6478630256652824
78,391/437,1,0.09386333465576158
78,391/437,3,0.1030185317993162
78,391/437,4,0.019596786499024077
78,391/437,5,0.10470867156982422
78,391/437,6,0.18292411804199205
78,391/437,7,0.2220350646972662
78,391/437,8,0.0796542739868169
78,391/437,9,0.07530227661132827
78,391/437,10,0.08655540466308587
78,391/437,11,0.19571987152099624
78,391/437,12,0.15871513366699297
78,404/69,1,0.5186703300476072
78,404/69,2,0.6069782829284671
78,404/69,3,0.3462956809997557
78,404/69,4,0.43252630233764666
78,404/69,5,0.04885164260864272
78,404/69,6,0.6118696403503421
78,404/69,7,0.21903417587280316
78,404/69,8,0.680666389465332
78,404/69,9,0.20928985595703153
78,404/69,10,0.6146305084228514
78,404/69,11,0.1326677322387697
78,404/69,12,0.009907741546630433
78,405/17,1,0.15815908432006842
78,405/17,3,0.1960163450241088
78,405/17,4,0.02397055625915523
78,405/17,5,0.14791128396987918
78,405/17,6,0.05281262397766118
78,405/17,7,0.017326185703277597
78,405/17,8,0.2417237997055054
78,405/17,9,0.16047153234481815
78,405/17,10,0.004222016334533674
78,405/17,11,0.0408361554145813
78,405/17,12,0.07353660583496091
78,405/34,1,0.08200007438659673
78,405/34,2,0.00838523864746099
78,405/34,3,0.20276187896728537
78,405/34,5,0.36392140865325917
78,418/15,1,0.2878327083587646
78,418/15,3,0.4140911483764649
78,418/15,4,0.2242609214782716
78,418/15,5,0.2512370586395263
78,418/15,6,0.2510675621032714
78,418/15,7,0.44696579456329344
78,418/15,8,0.2930789804458618
78,418/15,9,0.4219518995285034
78,418/15,10,0.17366677284240728
78,418/15,11,0.5427879667282105
78,418/15,12,0.41780157089233394
78,418/4,1,0.13017032623291014
78,418/4,3,0.8536702966690064
78,418/4,4,0.25312485694885245
78,418/4,5,0.149078402519226
78,418/4,6,0.22621562957763675
78,418/4,7,0.43436104297637934
78,418/4,8,0.261790714263916
78,418/4,9,0.21076762676239014
78,418/4,10,0.05157098293304441
78,418/4,11,0.18473179340362544
78,418/4,12,0.167097053527832
79,330/183,1,0.2885641384124755
79,330/183,2,0.26583065032958997
79,330/183,4,0.31081144332885735
79,330/183,5,0.2190479326248167
79,330/183,6,0.09685916423797614
79,330/183,7,0.10928597927093509
79,330/183,8,0.22833069801330574
79,330/183,10,0.06163320064544675
79,330/183,11,0.18180330753326412
79,330/183,12,0.11047567367553701
79,341/17,1,0.042830696105957244
79,341/17,2,0.40174499511718764
79,341/17,3,0.40689559936523434
79,341/17,4,0.18204460144042933
79,341/17,5,0.19738317489624002
79,341/17,6,0.043820037841796555
79,341/17,7,0.15304147720336925
79,341/17,11,0.4799544906616209
79,341/17,12,0.3590840530395507
79,342/78,1,0.6863800764083863
79,377/86,1,0.4420584678649906
79,377/86,2,0.7196962356567385
79,377/86,4,0.6995720672607426
79,377/86,5,0.5457367134094238
79,377/86,6,0.021979122161865483
79,377/86,7,0.3557950782775876
79,377/86,8,0.07011409759521481
79,377/86,10,0.07400542259216314
79,377/86,11,0.23629875183105487
79,377/86,12,0.8074041175842286
79,377/94,1,0.0656524562835692
79,377/94,2,0.0025678348541258167
79,377/94,4,0.15532997131347637
79,377/94,5,0.1821653747558596
79,377/94,6,0.008788843154907244
79,377/94,7,0.1717174625396729
79,377/94,8,0.41106756210327156
79,377/94,9,0.012650852203369034
79,377/94,10,0.04911797523498551
79,377/94,11,0.07865345001220714
79,377/94,12,0.0683455753326414
79,391/243,1,1.4537091541290286
79,391/33,1,0.4035020828247067
79,391/33,2,0.6129287719726566
79,391/33,4,0.9012556838989259
79,391/33,5,1.0538911819458008
79,391/33,6,1.2139276504516605
79,391/33,7,1.4435588455200197
79,391/33,8,1.4217405319213867
79,391/33,9,0.5292720794677734
79,391/33,10,0.7895197296142573
79,391/33,11,1.120728168487549
79,391/33,12,1.1846258926391595
79,391/437,1,0.3718915557861333
79,391/437,2,0.20794662475585923
79,391/437,4,0.15037227630615213
79,391/437,5,0.007586746215819673
79,391/437,6,0.14777565002441406
79,391/437,7,0.29091342926025376
79,391/437,8,0.424119606018067
79,391/437,9,0.13043075561523487
79,391/437,10,0.12163909912109361
79,391/437,11,0.2642020416259765
79,391/437,12,0.06753334045410142
79,404/69,1,0.669174633026123
79,404/69,2,1.0150449371337888
79,404/69,3,0.8435171699523929
79,404/69,4,0.5144837760925292
79,404/69,5,0.5639421463012697
79,404/69,6,0.1748460197448729
79,404/69,7,0.6559761238098147
79,404/69,8,0.214524250030518
79,404/69,9,0.7271894836425781
79,404/69,10,0.21658260345459013
79,404/69,11,0.663279342651367
79,404/69,12,0.11410064697265643
79,405/17,1,0.019616370201110733
79,405/17,2,0.1567425203323365
79,405/17,4,0.21230855941772453
79,405/17,5,0.014914822578430131
79,405/17,6,0.12436715126037601
79,405/17,7,0.02828072309494023
79,405/17,8,0.0152744746208191
79,405/17,9,0.24851062297821047
79,405/17,10,0.15143642187118533
79,405/17,11,0.01241074085235594
79,405/17,12,0.05504453182220459
79,405/34,1,0.08334732055664062
79,405/34,2,0.11398511886596685
79,405/34,3,0.0002217864990234908
79,405/34,4,0.20695899963378928
79,405/34,6,0.23608208179473866
79,418/15,1,0.04806606769561772
79,418/15,2,0.31352481365203855
79,418/15,4,0.4156842613220215
79,418/15,5,0.19507693767547618
79,418/15,6,0.28126647472381583
79,418/15,7,0.22065232515335076
79,418/15,8,0.43006293058395384
79,418/15,9,0.298683009147644
79,418/15,10,0.43382949590682984
79,418/15,11,0.20239400625228887
79,418/15,12,0.5193012928962708
79,418/4,1,0.0643305397033691
79,418/4,2,0.1432850170135498
79,418/4,4,0.8318071937561036
79,418/4,5,0.23917427062988272
79,418/4,6,0.07443586349487297
79,418/4,7,0.19280031204223635
79,418/4,8,0.44800645351409907
79,418/4,9,0.2827940797805786
79,418/4,10,0.17766082286834717
79,418/4,11,0.04724988460540769
79,418/4,12,0.10019619464874263
80,330/183,1,0.06474121570587155
80,330/183,2,0.3539025115966796
80,330/183,3,0.48025692939758313
80,330/183,5,0.2455872726440429
80,330/183,6,0.28906240940093975
80,330/183,7,0.14997262477874762
80,330/183,8,0.13749089717864993
80,330/183,9,0.17591961860656746
80,330/183,11,0.011026830673217747
80,330/183,12,0.17107292175292965
80,341/17,1,0.03392833709716836
80,341/17,2,0.10332368850708029
80,341/17,3,0.40122810363769545
80,341/17,4,0.3588227844238281
80,341/17,5,0.19648132324218714
80,341/17,6,0.26722837448120096
80,341/17,7,0.15201915740966765
80,341/17,8,0.047026271820068466
80,341/17,12,0.4899957275390623
80,342/78,1,1.8978248119354248
80,377/86,1,0.500494422912598
80,377/86,2,0.5913642883300785
80,377/86,3,0.6607248306274416
80,377/86,5,0.6034006881713871
80,377/86,6,0.6066307258605956
80,377/86,7,0.32364204406738306
80,377/86,8,0.07498138427734347
80,377/86,9,0.29198499679565426
80,377/86,11,0.1929891681671143
80,377/86,12,0.2383472442626955
80,377/94,1,0.03342155456542972
80,377/94,2,0.0750063323974608
80,377/94,3,0.0072080421447755505
80,377/94,5,0.21038272857665996
80,377/94,6,0.19471882820129416
80,377/94,7,0.05257894515991213
80,377/94,8,0.14624410629272466
80,377/94,9,0.4335771369934083
80,377/94,10,0.04110038757324208
80,377/94,11,0.055086307525634925
80,377/94,12,0.02507102012634288
80,391/243,1,1.4537091541290286
80,391/33,1,0.3580390930175774
80,391/33,2,0.7546611785888668
80,391/33,3,0.8597644805908207
80,391/33,5,1.059248046875
80,391/33,6,1.1907453536987305
80,391/33,7,1.3834289550781254
80,391/33,8,1.6112224197387697
80,391/33,9,1.5820369720458984
80,391/33,10,0.8184881210327148
80,391/33,11,0.9184927368164058
80,391/33,12,1.0924216842651369
80,391/437,1,0.4200606155395512
80,391/437,2,0.4002719497680669
80,391/437,3,0.3070791625976561
80,391/437,5,0.17863536834716776
80,391/437,6,0.0447318267822272
80,391/437,7,0.1341695785522461
80,391/437,8,0.20146545410156236
80,391/437,9,0.23304809570312557
80,391/437,10,0.024040756225586435
80,391/437,11,0.14079299926757827
80,391/437,12,0.09808452606201179
80,404/69,1,0.607960014343262
80,404/69,2,0.4094547843933105
80,404/69,3,0.2893884277343748
80,404/69,4,0.41136775970459016
80,404/69,5,0.19196781158447251
80,404/69,6,0.4044849395751955
80,404/69,7,0.025133762359619283
80,404/69,8,0.6092489433288577
80,404/69,9,0.3124813842773442
80,404/69,10,0.6009840393066406
80,404/69,11,0.3498490524291995
80,404/69,12,0.530070114135742
80,405/17,1,0.2271979808807374
80,405/17,2,0.16891313076019276
80,405/17,3,0.3474252891540528
80,405/17,5,0.2766416406631469
80,405/17,6,0.0017681837081908736
80,405/17,7,0.008833203315734894
80,405/17,8,0.00813912153244023
80,405/17,9,0.013078699111938485
80,405/17,10,0.2483926057815552
80,405/17,11,0.1712891793251038
80,405/17,12,0.010943908691406268
80,405/34,1,0.22155616760253904
80,405/34,2,0.1354508399963379
80,405/34,3,0.17523389816284185
80,405/34,4,0.001256523132324272
80,405/34,5,0.1790537738800051
80,405/34,7,0.2315866994857787
80,418/15,1,0.04633856296539296
80,418/15,2,0.06745378971099858
80,418/15,3,0.3387319755554199
80,418/15,5,0.4258757019042969
80,418/15,6,0.19978343963623058
80,418/15,7,0.25700619220733634
80,418/15,8,0.22479985475540154
80,418/15,9,0.4509842801094055
80,418/15,10,0.31097837448120114
80,418/15,11,0.428230414390564
80,418/15,12,0.18902879714965826
80,418/4,1,0.06502862930297848
80,418/4,2,0.030542573928832972
80,418/4,3,0.09808896064758299
80,418/4,5,0.8626901483535767
80,418/4,6,0.22557940483093253
80,418/4,7,0.05642941951751701
80,418/4,8,0.18928089618682864
80,418/4,9,0.44712847709655756
80,418/4,10,0.3056950187683105
80,418/4,11,0.1643986701965332
80,418/4,12,0.05181977272033689
81,330/183,1,0.9910411643981933
81,330/183,2,0.3405720806121826
81,330/183,3,0.8814057636260986
81,330/183,4,0.51202787399292
81,330/183,6,0.35912935256958
81,330/183,7,0.4387042808532713
81,330/183,8,0.12492639541625983
81,330/183,9,0.16988351821899417
81,330/183,10,0.43484672546386727
81,330/183,12,0.1451500368118286
81,341/17,1,0.08004188537597656
81,341/17,2,0.028982582092285547
81,341/17,3,0.07060216903686545
81,341/17,4,0.41884866714477553
81,341/17,5,0.44213052749633786
81,341/17,6,0.16964683532714808
81,341/17,7,0.2338335609436033
81,341/17,8,0.20655216217040984
81,341/17,9,0.08737861633300792
81,342/78,1,1.9603069686889647
81,342/78,3,1.8303528308868409
81,377/86,1,0.0006499099731449576
81,377/86,2,0.540216388702393
81,377/86,3,0.5429524421691898
81,377/86,4,0.7108723640441896
81,377/86,6,0.5799975204467778
81,377/86,7,0.7825321388244628
81,377/86,8,0.41627433776855494
81,377/86,9,0.07640712738037081
81,377/86,10,0.2674235916137695
81,377/86,12,0.18208914756774908
81,377/94,1,0.09211056709289567
81,377/94,2,0.08495835304260257
81,377/94,3,0.03202709197998033
81,377/94,4,0.003898792266845863
81,377/94,6,0.22416379928588848
81,377/94,7,0.1760022544860842
81,377/94,8,0.018919725418090838
81,377/94,9,0.12446814537048345
81,377/94,10,0.44770558357238777
81,377/94,11,0.05747759819030751
81,377/94,12,0.08449571609497086
81,391/243,1,1.4537091541290286
81,391/33,1,0.1130420684814446
81,391/33,2,0.37401790618896413
81,391/33,3,0.7811857223510739
81,391/33,4,0.8889068603515629
81,391/33,6,1.0412722396850587
81,391/33,7,1.1971120834350586
81,391/33,8,1.385888481140137
81,391/33,9,1.6130982971191408
81,391/33,10,1.5920095443725586
81,391/33,11,0.82470703125
81,391/33,12,0.9761742973327632
81,391/437,1,0.37985401153564524
81,391/437,2,0.12595413208007855
81,391/437,3,0.40247875213623097
81,391/437,4,0.2882011795043944
81,391/437,6,0.10167289733886697
81,391/437,7,0.017275123596190767
81,391/437,8,0.1902008056640625
81,391/437,9,0.3491276168823241
81,391/437,10,0.5212675476074224
81,391/437,11,0.4877763366699224
81,391/437,12,0.3358553314208983
81,404/69,1,0.6012947082519533
81,404/69,2,0.2534125137329104
81,404/69,3,1.0814299201965332
81,404/69,4,1.3662254905700681
81,404/69,5,1.1819375610351566
81,404/69,6,0.6517918968200682
81,404/69,7,0.5367395401000978
81,404/69,8,0.10753551483154311
81,404/69,9,0.3890479278564456
81,404/69,10,0.21611927032470746
81,404/69,11,0.7272185707092285
81,404/69,12,0.15374023437500028
81,405/17,1,0.060826458930969274
81,405/17,2,0.27580604553222665
81,405/17,3,0.17496598243713368
81,405/17,4,0.354456491470337
81,405/17,6,0.3519641494750976
81,405/17,7,0.03387062549591069
81,405/17,8,0.08260902404785153
81,405/17,9,0.00927447080612187
81,405/17,10,0.02693814992904664
81,405/17,11,0.262679660320282
81,405/17,12,0.16342768430709842
81,405/34,1,0.24478998184204093
81,405/34,2,0.004748125076293963
81,405/34,3,0.09993553161621094
81,405/34,4,0.1623640632629395
81,405/34,5,0.005174579620361275
81,405/34,6,0.19253872871398947
81,405/34,8,0.19297111511230458
81,418/15,1,0.11086171150207513
81,418/15,2,0.20998430728912343
81,418/15,3,0.21402864456176762
81,418/15,4,0.47979256629943845
81,418/15,6,0.4315367126464844
81,418/15,7,0.19078611850738536
81,418/15,8,0.2658679723739623
81,418/15,9,0.2595091295242309
81,418/15,10,0.4338156986236572
81,418/15,11,0.2915380811691284
81,418/15,12,0.45954538345336915
81,418/4,1,0.0846390342712402
81,418/4,2,0.1382010364532471
81,418/4,3,0.09318635940551756
81,418/4,5,0.8359945392608643
81,418/4,6,0.23474242687225333
81,418/4,7,0.02936950683593742
81,418/4,8,0.15596929073333743
81,418/4,9,0.4145773077011108
81,418/4,10,0.3032796001434326
81,418/4,11,0.11358129978179932
82,330/183,1,0.105617756843567
82,330/183,2,0.9172241497039795
82,330/183,3,0.33051463127136227
82,330/183,4,0.9121510314941406
82,330/183,5,0.4586178207397462
82,330/183,7,0.3905471992492675
82,330/183,8,0.32623866081237773
82,330/183,9,0.07775909423828131
82,330/183,10,0.09117224693298343
82,330/183,11,0.4864623212814332
82,341/17,1,0.19238042831420898
82,341/17,2,0.1328130340576168
82,341/17,3,0.02907442092895529
82,341/17,4,0.3515178298950197
82,341/17,5,0.4142889595031738
82,341/17,6,0.15542421340942347
82,341/17,7,0.2075269317626951
82,341/17,8,0.12123264312744109
82,341/17,9,0.100146884918213
82,342/78,1,2.941854820251465
82,342/78,2,3.7423332595825194
82,342/78,4,2.91417818069458
82,377/86,1,0.8810782146453855
82,377/86,2,0.1574549865722652
82,377/86,3,0.540732803344727
82,377/86,4,0.6243266105651859
82,377/86,5,0.7159168243408205
82,377/86,7,0.7195606040954594
82,377/86,8,0.6752285194396972
82,377/86,9,0.2653610992431643
82,377/86,10,0.11921995162963839
82,377/86,11,0.22975488662719723
82,377/94,1,0.09018058776855487
82,377/94,2,0.1816543865203859
82,377/94,3,0.062467136383056676
82,377/94,4,0.08044346809387193
82,377/94,5,0.025455646514892738
82,377/94,7,0.10416081428527812
82,377/94,8,0.2006444835662844
82,377/94,9,0.10480882644653322
82,377/94,10,0.20131331443786626
82,377/94,11,0.45028288841247566
82,377/94,12,0.015333538055419815
82,391/243,1,1.4537091541290286
82,391/33,1,0.3000151824951178
82,391/33,2,0.302892875671386
82,391/33,3,0.5495435714721673
82,391/33,4,0.8643709182739254
82,391/33,5,0.8923210144042972
82,391/33,7,1.0785370635986329
82,391/33,8,1.2590045928955078
82,391/33,9,1.4558080673217777
82,391/33,10,1.6885587310791017
82,391/33,11,1.692490577697754
82,391/33,12,0.8424596786499023
82,391/437,1,0.5085330581665044
82,391/437,2,0.0654031753540032
82,391/437,3,0.5026554870605473
82,391/437,4,0.5274081802368169
82,391/437,5,0.2722843551635741
82,391/437,7,0.10181594848632791
82,391/437,8,0.008605270385741548
82,391/437,9,0.15505599975585938
82,391/437,10,0.35870727539062486
82,391/437,11,0.5294853591918951
82,391/437,12,0.45165210723877003
82,404/69,1,0.46578271865844734
82,404/69,2,0.528770160675049
82,404/69,3,0.2639835166931155
82,404/69,4,1.0737638092041015
82,404/69,5,1.49969030380249
82,404/69,6,1.3813603973388675
82,404/69,7,0.8402446174621581
82,404/69,8,0.6314327239990236
82,404/69,9,0.13867315292358384
82,404/69,10,0.5111020278930667
82,404/69,11,0.222031574249268
82,404/69,12,0.7511982345581054
82,405/17,1,0.1684736251831055
82,405/17,2,0.16318253517150882
82,405/17,3,0.3526387572288514
82,405/17,4,0.2490861463546752
82,405/17,5,0.46630246162414557
82,405/17,7,0.42716506481170646
82,405/17,8,0.16733353137969975
82,405/17,9,0.06464209794998166
82,405/17,10,0.017305386066436723
82,405/17,11,0.04589759349822997
82,405/17,12,0.22229733467102053
82,405/34,1,0.06641932010650642
82,405/34,2,0.2678468465805053
82,405/34,3,0.020954627990722674
82,405/34,4,0.1365363597869873
82,405/34,5,0.12008744239807134
82,405/34,6,0.01348620414733892
82,405/34,7,0.1945726776123049
82,405/34,9,0.15762925624847401
82,418/15,1,0.1961794686317444
82,418/15,2,0.2961531805992126
82,418/15,3,0.3993578600883483
82,418/15,4,0.3481843948364258
82,418/15,5,0.5425767612457275
82,418/15,7,0.5569306993484497
82,418/15,8,0.21180724620819102
82,418/15,9,0.2770458698272704
82,418/15,10,0.23274914741516106
82,418/15,11,0.4517590808868408
82,418/15,12,0.2959460830688476
82,418/4,1,0.1430347204208373
82,418/4,3,0.13703032493591305
82,418/4,4,0.14725164413452152
82,418/4,5,0.07785270690917967
82,418/4,7,0.7974653816223145
82,418/4,8,0.17810192108154288
82,418/4,9,0.08739003181457528
82,418/4,10,0.023125438690185574
82,418/4,11,0.4239013814926147
82,418/4,12,0.3353528594970703
83,330/183,1,0.24143646717071543
83,330/183,2,0.43682538986206065
83,330/183,3,0.392280797958374
83,330/183,4,0.17080791950225827
83,330/183,5,0.5200530815124511
83,330/183,6,0.2998932743072511
83,330/183,8,0.30362503051757805
83,330/183,9,0.18330910682678203
83,330/183,10,0.038266844749450746
83,330/183,11,0.019446878433227566
83,330/183,12,0.4817003870010377
83,341/17,1,0.01687005996704105
83,341/17,3,0.24720096588134766
83,341/17,4,0.12113672256469687
83,341/17,5,0.1509301757812498
83,341/17,6,0.22267309188842788
83,341/17,7,0.2718205070495605
83,341/17,8,0.16419086456298793
83,341/17,9,0.282675037384033
83,341/17,10,0.09634126663207976
83,341/17,11,0.11354076385498058
83,342/78,1,0.07922483444213846
83,342/78,2,3.094663009643555
83,342/78,3,3.9319981002807616
83,342/78,5,3.2519486427307127
83,377/86,1,0.012957220077514542
83,377/86,2,0.8963978004455564
83,377/86,3,0.150435466766357
83,377/86,4,0.5940246009826664
83,377/86,5,0.5133427619934086
83,377/86,6,0.65310115814209
83,377/86,8,0.39905450820922894
83,377/86,9,0.34464113235473626
83,377/86,10,0.05037996292114233
83,377/86,11,0.42143099784851046
83,377/86,12,0.1321866893768311
83,377/94,1,0.033789577484130806
83,377/94,2,0.12537021636962908
83,377/94,3,0.18126194953918473
83,377/94,4,0.10158447265625004
83,377/94,5,0.03642186164855943
83,377/94,6,0.021185331344604652
83,377/94,8,0.11251476287841777
83,377/94,9,0.18536256790161154
83,377/94,10,0.08810665130615236
83,377/94,11,0.277902421951294
83,377/94,12,0.5201717185974122
83,391/243,1,1.4537091541290286
83,391/33,1,0.1785736465454093
83,391/33,2,0.5020453643798835
83,391/33,3,0.3062679290771477
83,391/33,4,0.5757038116455071
83,391/33,5,0.819621658325195
83,391/33,6,0.8626703262329105
83,391/33,8,1.0706063079833985
83,391/33,9,1.2368125915527344
83,391/33,10,1.366692924499512
83,391/33,11,1.5533162689208986
83,391/33,12,1.432220458984375
83,391/437,1,0.17679103851318345
83,391/437,2,0.7361198043823247
83,391/437,3,0.34753055572509695
83,391/437,4,0.9484324264526371
83,391/437,5,0.8442159271240239
83,391/437,6,0.5556009674072264
83,391/437,8,0.11535717010498026
83,391/437,9,0.043327598571776704
83,391/437,10,0.037848472595214844
83,391/437,11,0.20751651763916001
83,391/437,12,0.20502628326416072
83,404/69,1,0.8873106193542482
83,404/69,2,0.8012309837341309
83,404/69,3,0.06909389495849627
83,404/69,4,1.0128481674194338
83,404/69,5,0.037762126922607386
83,404/69,6,0.11121822357177713
83,404/69,7,0.2925194358825687
83,404/69,8,0.13521369934082017
83,404/69,9,0.42521781921386737
83,404/69,10,0.039085712432861186
83,404/69,11,0.5933702659606936
83,404/69,12,0.12623308181762738
83,405/17,1,0.024902741909027082
83,405/17,2,0.16832431554794314
83,405/17,3,0.1765233659744263
83,405/17,4,0.3496850490570069
83,405/17,5,0.25836766242980946
83,405/17,6,0.45557076454162604
83,405/17,8,0.4519038534164428
83,405/17,9,0.20045577287673955
83,405/17,10,0.0688364768028259
83,405/17,11,0.003309416770935103
83,405/17,12,0.018048295974731454
83,405/34,1,0.1012677717208863
83,405/34,2,0.2959110975265502
83,405/34,3,0.004230279922485369
83,405/34,4,0.17073440551757812
83,405/34,5,0.10053807258605962
83,405/34,6,0.041053590774536186
83,418/15,1,0.11325409650802609
83,418/15,2,0.19628812789916994
83,418/15,3,0.30723773717880243
83,418/15,4,0.40355211973190297
83,418/15,5,0.37987082004547124
83,418/15,6,0.557099552154541
83,418/15,8,0.8579739117622376
83,418/15,9,0.7274485778808595
83,418/15,10,0.8348930716514587
83,418/15,11,0.5203430485725402
83,418/15,12,0.5862757968902588
83,418/4,1,0.02944173812866202
83,418/4,2,0.18165972232818595
83,418/4,4,0.13750430107116696
83,418/4,5,0.15592864990234379
83,418/4,6,0.005677957534790057
83,418/4,8,0.8743259286880494
83,418/4,9,0.22015299797058097
83,418/4,10,0.0655302143096923
83,418/4,11,0.20443668842315676
83,418/4,12,0.4516479396820068
84,330/183,1,0.21420507907867425
84,330/183,2,0.14857841968536367
84,330/183,3,0.14086020469665517
84,330/183,4,1.1180016803741455
84,330/183,5,0.34267278671264645
84,330/183,6,0.9072286415100097
84,330/183,7,0.5078395748138429
84,330/183,9,0.30922643661499016
84,330/183,10,0.2086130666732786
84,330/183,11,0.09720963954925543
84,330/183,12,0.09531190872192385
84,341/17,1,0.020949325561523402
84,341/17,3,0.21432065963745117
84,341/17,4,0.14635330200195273
84,341/17,5,4.791259765646316e-05
84,341/17,6,0.3181044197082521
84,341/17,7,0.3326973533630371
84,341/17,8,0.19413099288940394
84,341/17,9,0.25320697784423807
84,341/17,10,0.14707483291625945
84,341/17,11,0.10830842971801768
84,342/78,1,0.33300615310668924
84,342/78,2,0.041922798156738494
84,342/78,3,2.8540733909606937
84,342/78,4,3.5461290740966795
84,342/78,6,1.6850152492523194
84,377/86,1,0.06384461402893082
84,377/86,2,0.24422323226928722
84,377/86,3,1.0669777107238767
84,377/86,4,0.25762130737304645
84,377/86,5,0.4942936325073246
84,377/86,6,0.49798908233642614
84,377/86,7,0.6464697837829592
84,377/86,9,0.6045541572570805
84,377/86,10,0.7289137077331542
84,377/86,11,0.34336975097656275
84,377/86,12,0.04700534820556612
84,377/94,1,0.025161266326904297
84,377/94,2,0.07568282127380366
84,377/94,3,0.12430043220520037
84,377/94,4,0.18554203987121598
84,377/94,5,0.11406401634216312
84,377/94,6,0.020427074432372905
84,377/94,7,0.021082944869994957
84,377/94,9,0.23254158973693828
84,377/94,10,0.20709227561950705
84,377/94,11,0.03338815689086916
84,377/94,12,0.17593604087829595
84,391/243,1,1.4537091541290286
84,391/33,1,0.2386400985717767
84,391/33,2,0.30549053192138587
84,391/33,3,0.6079699707031256
84,391/33,4,0.3507434844970696
84,391/33,5,0.6048967361450188
84,391/33,6,0.831629371643066
84,391/33,7,0.8723892211914066
84,391/33,9,1.060276107788086
84,391/33,10,1.146681785583496
84,391/33,11,1.27647819519043
84,391/33,12,1.4185010528564455
84,391/437,1,0.3064354324340819
84,391/437,2,0.550585594177246
84,391/437,3,0.9963594055175786
84,391/437,4,0.5536195755004876
84,391/437,5,0.8964838790893559
84,391/437,6,0.8762546157836919
84,391/437,7,0.5485704803466795
84,391/437,9,0.1438195800781248
84,391/437,10,0.01593425750732358
84,391/437,11,0.1621103286743164
84,391/437,12,0.35675510406494126
84,404/69,1,0.3212822151184085
84,404/69,2,0.5016776275634767
84,404/69,3,0.7500196266174317
84,404/69,4,0.10986824035644549
84,404/69,5,1.05658748626709
84,404/69,6,0.0451980018615723
84,404/69,7,0.10016132354736307
84,404/69,8,0.2799347496032718
84,404/69,9,0.2603557968139647
84,404/69,10,0.4432870864868166
84,404/69,11,0.04859224319458022
84,404/69,12,0.6189516258239749
84,405/17,1,0.0008942914009094638
84,405/17,2,0.020897667407989484
84,405/17,3,0.16859378814697268
84,405/17,4,0.1503627681732178
84,405/17,5,0.35321412086486825
84,405/17,6,0.25543845176696767
84,405/17,7,0.4545955133438111
84,405/17,9,0.45581791162490837
84,405/17,10,0.21301786899566655
84,405/17,11,0.06362828254699704
84,405/17,12,0.001111853122711226
84,405/34,1,0.1012677717208863
84,405/34,2,0.2959110975265502
84,405/34,3,0.004230279922485369
84,405/34,4,0.17073440551757812
84,405/34,5,0.10053807258605962
84,405/34,6,0.041053590774536186
84,418/15,1,0.14456060171127316
84,418/15,2,0.05204441785812375
84,418/15,3,0.23692460775375368
84,418/15,4,0.46454315662384027
84,418/15,5,0.4565621066093444
84,418/15,6,0.41276829242706303
84,418/15,7,0.6567140531539917
84,418/15,9,0.8732815170288086
84,418/15,10,0.7875596833229066
84,418/15,11,0.8003108143806457
84,418/15,12,0.5281464886665344
84,418/4,1,0.08737298488616951
84,418/4,2,0.1123009681701661
84,418/4,3,0.0038677215576172763
84,418/4,5,0.09841390609741207
84,418/4,6,0.12942985534667972
84,418/4,7,0.0946121025085449
84,418/4,9,0.8200404024124146
84,418/4,10,0.17905380725860587
84,418/4,11,0.07234033584594735
84,418/4,12,0.04713919639587405
85,330/183,1,0.32205297470092775
85,330/183,2,0.2458956909179688
85,330/183,3,0.3362028455734254
85,330/183,4,0.5133693170547486
85,330/183,5,0.1480014133453369
85,330/183,6,0.0535675668716431
85,330/183,7,0.0588399696350097
85,330/183,8,0.004744663238525515
85,330/183,10,0.29546300888061516
85,330/183,11,0.22194138050079326
85,330/183,12,0.061206884384155336
85,341/17,1,0.0990886306762695
85,341/17,3,0.19468212127685547
85,341/17,4,0.13915735244750937
85,341/17,5,0.14051507949829123
85,341/17,6,0.3554746246337892
85,341/17,7,0.28292079925537106
85,341/17,8,0.2246409416198727
85,341/17,9,0.3107388114929197
85,341/17,10,0.12171901702880827
85,342/78,1,0.5717353534698488
85,342/78,2,0.8979370689392088
85,342/78,3,0.3269894027709963
85,342/78,4,2.788877353668213
85,342/78,5,3.4648884201049803
85,342/78,7,1.8495407581329346
85,377/86,1,0.06605128288269047
85,377/86,2,0.16060059547424332
85,377/86,3,0.3415285301208497
85,377/86,4,1.0161633205413816
85,377/86,5,0.16738082885742145
85,377/86,6,0.5080069923400883
85,377/86,7,0.6475986480712894
85,377/86,8,0.7270385742187502
85,377/86,10,0.6764216232299809
85,377/86,11,0.6620830726623534
85,377/86,12,0.2692516136169436
85,377/94,1,0.028123168945312305
85,377/94,2,0.019407272338867188
85,377/94,3,0.06796378135681147
85,377/94,4,0.10334630012512225
85,377/94,5,0.19715111732482926
85,377/94,6,0.08770517349243168
85,377/94,7,0.10370525360107408
85,377/94,8,0.01967137336730973
85,377/94,10,0.19736674308776836
85,377/94,11,0.18518208503723166
85,377/94,12,0.03590180397033693
85,391/243,1,1.4537091541290286
85,391/33,1,0.04932289123535227
85,391/33,2,0.07927062988281186
85,391/33,3,0.2930260086059562
85,391/33,4,0.6075894546508795
85,391/33,5,0.42304439544677663
85,391/33,6,0.6403123855590813
85,391/33,7,0.9780536651611325
85,391/33,8,0.9928668975830082
85,391/33,10,1.0928746032714844
85,391/33,11,1.2582693099975586
85,391/33,12,1.4436058044433597
85,391/437,1,0.19997695922851477
85,391/437,2,0.33040031433105455
85,391/437,3,0.5806206130981444
85,391/437,4,0.9991851425170903
85,391/437,5,0.5669719696044915
85,391/437,6,0.8903240966796879
85,391/437,7,0.8550935363769536
85,391/437,8,0.5070398712158202
85,391/437,10,0.11952091217040994
85,391/437,11,0.04673984527587827
85,391/437,12,0.10282611846923828
85,404/69,1,0.408890342712402
85,404/69,2,0.4374306869506839
85,404/69,3,0.6442781639099122
85,404/69,4,0.7470751571655274
85,404/69,5,0.09544105529785174
85,404/69,6,1.0143950271606448
85,404/69,7,0.08002515792846676
85,404/69,8,0.1049726104736326
85,404/69,9,0.2793396568298343
85,404/69,10,0.23186382293701158
85,404/69,11,0.40844507217407244
85,404/69,12,0.10182825088500991
85,405/17,1,0.0939690661430359
85,405/17,2,0.09852157354354862
85,405/17,3,0.03468881130218504
85,405/17,4,0.23211117982864382
85,405/17,5,0.21815679311752323
85,405/17,6,0.3456398010253907
85,405/17,7,0.24064636707305898
85,405/17,8,0.4659529399871827
85,405/17,10,0.44225117921829216
85,405/17,11,0.20267306566238408
85,405/17,12,0.06335439920425412
85,405/34,1,0.1012677717208863
85,405/34,2,0.2959110975265502
85,405/34,3,0.004230279922485369
85,405/34,4,0.17073440551757812
85,405/34,5,0.10053807258605962
85,405/34,6,0.041053590774536186
85,418/15,1,0.17116815805435182
85,418/15,2,0.05608603000640866
85,418/15,3,0.05631842851638791
85,418/15,4,0.25361760377883913
85,418/15,5,0.3789592313766479
85,418/15,6,0.4859265136718749
85,418/15,7,0.4506705284118653
85,418/15,8,0.7027014207839966
85,418/15,10,0.8493928694725037
85,418/15,11,0.7766132307052613
85,418/15,12,0.7982310891151427
85,418/4,1,0.1671580171585083
85,418/4,2,0.06507853031158439
85,418/4,3,0.19028451442718497
85,418/4,4,0.32631542682647696
85,418/4,6,0.08961101531982418
85,418/4,7,0.11975101470947269
85,418/4,8,0.07843897819519041
85,418/4,10,0.8673248863220215
85,418/4,11,0.23937859535217276
85,418/4,12,0.014213409423828205
86,330/183,1,0.04293312549591066
86,330/183,2,0.32261898040771486
86,330/183,3,0.11637634754180914
86,330/183,4,0.1377550220489503
86,330/183,5,0.1408028554916383
86,330/183,6,0.5124814319610596
86,330/183,7,0.2077481365203857
86,330/183,8,0.505620412826538
86,330/183,9,0.20405806541442884
86,330/183,11,0.22070543289184563
86,330/183,12,0.22432306289672832
86,341/17,1,1.955117931365967
86,341/17,4,0.5513276672363281
86,341/17,6,0.32914257049560547
86,341/17,7,0.22492128372192344
86,341/17,8,0.032318840026855256
86,341/17,9,0.26221719741821303
86,341/17,10,0.23918243408203121
86,341/17,11,0.18626079559326136
86,341/17,12,0.28581024169921854
86,342/78,1,2.662701263427734
86,342/78,2,0.2535751152038572
86,342/78,3,0.256005058288574
86,342/78,4,0.3452691936492922
86,342/78,5,2.186363325119019
86,342/78,6,2.322215642929077
86,342/78,8,1.5898547649383545
86,377/86,1,0.17070171356201191
86,377/86,2,0.18956903457641605
86,377/86,3,0.426278762817383
86,377/86,4,0.42789756774902354
86,377/86,5,1.0692739200592039
86,377/86,6,0.3351440620422359
86,377/86,7,0.48062461853027383
86,377/86,8,0.5698026657104496
86,377/86,9,0.7564613342285158
86,377/86,11,0.6179861831665043
86,377/86,12,0.6521906089782714
86,377/94,1,0.11269855499267578
86,377/94,2,0.013319759368896289
86,377/94,3,0.02836465835571289
86,377/94,4,0.05023187637329096
86,377/94,5,0.1451043605804445
86,377/94,6,0.1768776702880861
86,377/94,7,0.09359125137329105
86,377/94,8,0.03535064697265611
86,377/94,9,0.007386856079101722
86,377/94,11,0.21024587631225566
86,377/94,12,0.16607855796813986
86,391/33,1,0.12890460968017514
86,391/33,2,0.0006753921508781957
86,391/33,3,0.22778347015380795
86,391/33,4,0.2868032836914054
86,391/33,5,0.6429364395141608
86,391/33,6,0.42200870513915945
86,391/33,7,0.6952096939086907
86,391/33,8,0.9914461135864254
86,391/33,9,0.9865030288696293
86,391/33,11,1.0678425598144532
86,391/33,12,1.1326789855957031
86,391/437,1,0.01192268371582017
86,391/437,2,0.22340110778808508
86,391/437,3,0.3312900924682616
86,391/437,4,0.545686569213867
86,391/437,5,0.9918675994873052
86,391/437,6,0.6851436614990227
86,391/437,7,0.8684897232055668
86,391/437,8,0.664965209960938
86,391/437,9,0.3177755737304686
86,391/437,11,0.09444118499755838
86,391/437,12,0.007603378295899077
86,404/69,1,0.3834160041809085
86,404/69,2,0.6973978042602536
86,404/69,3,0.4835622978210452
86,404/69,4,0.6449562263488771
86,404/69,5,0.8062983322143555
86,404/69,6,0.11948795318603533
86,404/69,7,1.0073921966552737
86,404/69,8,0.16443820953369137
86,404/69,9,0.20928836822509744
86,404/69,10,0.5187505340576175
86,404/69,11,0.3132279777526854
86,404/69,12,0.3936254501342775
86,405/17,1,0.002622952461242667
86,405/17,2,0.086853404045105
86,405/17,3,0.13795207262039189
86,405/17,4,0.021160523891448957
86,405/17,5,0.2215587139129639
86,405/17,6,0.23299948215484623
86,405/17,7,0.3553915977478028
86,405/17,8,0.24798608303070058
86,405/17,9,0.4485736560821534
86,405/17,11,0.44074562549591056
86,405/17,12,0.20178692340850835
86,405/34,1,0.1012677717208863
86,405/34,2,0.2959110975265502
86,405/34,3,0.004230279922485369
86,405/34,4,0.17073440551757812
86,405/34,5,0.10053807258605962
86,405/34,6,0.041053590774536186
86,418/15,1,0.0948200607299805
86,418/15,2,0.32343793869018556
86,418/15,3,0.018115367889404266
86,418/15,4,0.14117487907409665
86,418/15,5,0.14189108133316042
86,418/15,6,0.30965464591979974
86,418/15,7,0.37110078811645497
86,418/15,8,0.27926354408264165
86,418/15,9,0.5437030506134033
86,418/15,11,0.5698764705657959
86,418/15,12,0.21904003143310558
86,418/4,1,0.05457495689392089
86,418/4,2,0.1897311305999756
86,418/4,3,0.1893487310409545
86,418/4,4,0.27252342700958243
86,418/4,5,0.3046052694320678
86,418/4,7,0.09432240486145016
86,418/4,8,0.11328057289123539
86,418/4,9,0.07185814857482908
86,418/4,11,0.8256285762786866
86,418/4,12,0.18775191307067862
87,330/183,1,1.104170618057251
87,330/183,2,0.4840309429168701
87,330/183,3,0.04276488304138182
87,330/183,4,0.12223618507385248
87,330/183,5,0.26107059478759775
87,330/183,6,0.40833723068237315
87,330/183,7,0.3097410011291504
87,330/183,8,0.3531522369384765
87,330/183,9,0.4018134403228759
87,330/183,10,0.24852503776550305
87,330/183,12,0.29263798713684075
87,341/17,1,0.2036668968200681
87,341/17,2,1.26725887298584
87,341/17,5,0.07471843719482418
87,341/17,7,0.24329042434692383
87,341/17,8,0.19321065902709922
87,341/17,9,0.08149408340454123
87,341/17,10,0.4232250785827638
87,341/17,11,0.3186292266845703
87,341/17,12,0.20967922210693324
87,342/78,1,2.811582698822021
87,342/78,2,0.03359106063842754
87,342/78,3,0.5023300743103025
87,342/78,4,0.5408389472961428
87,377/86,1,0.2996829986572269
87,377/86,2,0.12404534339904805
87,377/86,3,0.17483095169067386
87,377/86,4,0.34473388671875016
87,377/86,5,0.3360034179687501
87,377/86,6,1.0471310329437253
87,377/86,7,0.30582715988159137
87,377/86,8,0.5950831794738773
87,377/86,9,0.5697816848754886
87,377/86,10,0.7514526367187502
87,377/86,12,0.4323291587829594
87,377/94,1,0.12616343498229998
87,377/94,2,0.15363001823425293
87,377/94,3,0.015388278961181445
87,377/94,4,0.02971339225769043
87,377/94,5,0.07159847259521479
87,377/94,6,0.13329644203186053
87,377/94,7,0.18856113433837907
87,377/94,8,0.08858207702636722
87,377/94,9,0.042286958694457866
87,377/94,10,0.015216760635376136
87,377/94,12,0.20067766189575176
87,391/33,1,0.39274478912353494
87,391/33,2,0.23291519165038999
87,391/33,3,0.22672195434570241
87,391/33,4,0.48916652679443295
87,391/33,5,0.5023079299926749
87,391/33,6,0.7179572296142585
87,391/33,7,0.46384830474853445
87,391/33,8,0.7289506912231438
87,391/33,9,1.0148044586181637
87,391/33,10,1.0040391921997074
87,391/33,12,1.0706244277954102
87,391/437,1,0.27935417175292976
87,391/437,2,0.16685852050781236
87,391/437,3,0.10270790100097571
87,391/437,4,0.3051279449462889
87,391/437,5,0.5546005630493163
87,391/437,6,0.989331779479981
87,391/437,7,0.700267028808593
87,391/437,8,0.8679299163818364
87,391/437,9,0.6432290649414067
87,391/437,10,0.26425727844238267
87,391/437,12,0.09036041259765604
87,404/69,1,0.545990867614746
87,404/69,2,0.8847993087768558
87,404/69,3,0.8456068992614743
87,404/69,4,0.5869854164123538
87,404/69,5,0.32394372940063487
87,404/69,6,0.5231395530700684
87,404/69,7,0.2746536254882814
87,404/69,8,0.6549423027038577
87,404/69,9,0.44380756378173825
87,404/69,10,0.25589014053344705
87,404/69,11,0.46294151306152376
87,404/69,12,0.2827857398986815
87,405/17,1,0.3210995006561279
87,405/17,2,0.2045362687110901
87,405/17,3,0.072124559879303
87,405/17,4,0.07906554460525517
87,405/17,5,0.026695768833160383
87,405/17,6,0.2234742879867554
87,405/17,7,0.20493988037109379
87,405/17,8,0.30698094367980966
87,405/17,9,0.1890890645980834
87,405/17,10,0.34306747436523444
87,405/17,12,0.30321362972259513
87,405/34,1,0.1012677717208863
87,405/34,2,0.2959110975265502
87,405/34,3,0.004230279922485369
87,405/34,4,0.17073440551757812
87,405/34,5,0.10053807258605962
87,405/34,6,0.041053590774536186
87,418/15,1,0.09348454475402823
87,418/15,2,0.09524069070816044
87,418/15,3,0.32340748071670533
87,418/15,4,0.008636918067932098
87,418/15,5,0.15260323524475095
87,418/15,6,0.15283187150955202
87,418/15,7,0.3197473812103271
87,418/15,8,0.35793591022491444
87,418/15,9,0.2694902896881104
87,418/15,10,0.5698412370681762
87,418/15,12,0.5767242097854615
87,418/4,1,0.010352458953857502
87,418/4,2,0.08397566318511962
87,418/4,3,0.16001106262207032
87,418/4,4,0.14665726184844963
87,418/4,5,0.2748481273651122
87,418/4,6,0.3300140142440795
87,418/4,8,0.06312652587890621
87,418/4,9,0.07861062049865719
87,418/4,10,0.15563867568969725
87,418/4,12,0.8697374439239502
88,330/183,1,0.9314330816268921
88,330/183,2,0.3528273677825928
88,330/183,3,0.14023266315460203
88,330/183,4,0.4180895280838013
88,330/183,5,0.4484916996955872
88,330/183,6,0.5372015094757081
88,330/183,7,0.6632748794555665
88,330/183,8,0.0634752321243286
88,330/183,9,0.10808567047119144
88,330/183,10,0.045372896194457946
88,330/183,11,0.04865537643432605
88,341/17,1,0.18982336044311499
88,341/17,2,1.3512537384033205
88,341/17,5,0.4245724296569824
88,341/17,7,0.20842933654785156
88,341/17,8,0.2024689292907711
88,341/17,9,0.07428001403808615
88,341/17,10,0.4715468025207521
88,341/17,11,0.30228467941284176
88,342/78,1,2.811582698822021
88,342/78,2,0.03359106063842754
88,342/78,3,0.5023300743103025
88,342/78,4,0.5408389472961428
88,377/86,1,0.4025047111511233
88,377/86,2,0.6381649017333988
88,377/86,3,0.08724906921386699
88,377/86,4,0.006931028366088832
88,377/86,5,0.05860822677612321
88,377/86,6,0.2246760082244874
88,377/86,7,1.102111310958862
88,377/86,8,0.11189558029174762
88,377/86,9,0.4624204063415531
88,377/86,10,0.5506819725036625
88,377/86,11,0.5730754852294924
88,377/94,1,0.06653492927551286
88,377/94,2,0.15671033859252947
88,377/94,3,0.22140216827392578
88,377/94,4,0.055242805480956836
88,377/94,5,0.15560388565063477
88,377/94,6,0.18745714187622076
88,377/94,7,0.28576569557189924
88,377/94,8,0.27326614379882797
88,377/94,9,0.20055671691894528
88,377/94,10,0.12252887725830064
88,377/94,11,0.025946683883666832
88,391/33,1,0.26385284423828104
88,391/33,2,0.5967719650268553
88,391/33,3,0.5103886413574212
88,391/33,4,0.7196571350097649
88,391/33,5,1.046386985778808
88,391/33,6,1.087834873199462
88,391/33,7,1.191790790557862
88,391/33,8,0.8789827346801751
88,391/33,9,1.1429321289062493
88,391/33,10,1.3329912185668942
88,391/33,11,1.2296556472778324
88,391/437,1,0.18308013916015575
88,391/437,2,0.21481140136718757
88,391/437,3,0.0432995223999022
88,391/437,4,0.22610191345214758
88,391/437,5,0.3079956436157225
88,391/437,6,0.5502966308593749
88,391/437,7,1.0418658828735357
88,391/437,8,0.6863891601562493
88,391/437,9,0.8744721221923832
88,391/437,10,0.7866330718994146
88,391/437,11,0.30995639801025376
88,404/69,1,0.4054092216491698
88,404/69,2,0.8099464607238769
88,404/69,3,1.0052450370788577
88,404/69,4,0.9367824554443356
88,404/69,5,0.5782821846008304
88,404/69,6,0.3716646385192872
88,404/69,7,0.7290159034729005
88,404/69,8,0.11057348251342791
88,404/69,9,1.0959985542297366
88,404/69,10,0.08297296524047848
88,404/69,11,0.06558109283447244
88,404/69,12,0.3126653289794925
88,405/17,1,0.015504040718078649
88,405/17,2,0.3196024703979492
88,405/17,3,0.21370644330978394
88,405/17,4,0.06890686273574831
88,405/17,5,0.06480555057525639
88,405/17,6,0.018222730159759504
88,405/17,7,0.2300454616546631
88,405/17,8,0.20030108928680423
88,405/17,9,0.324281668663025
88,405/17,10,0.2144898223876952
88,405/17,11,0.45608157634735114
88,405/34,1,0.1012677717208863
88,405/34,2,0.2959110975265502
88,405/34,3,0.004230279922485369
88,405/34,4,0.17073440551757812
88,405/34,5,0.10053807258605962
88,405/34,6,0.041053590774536186
88,418/15,1,0.056564326286316025
88,418/15,2,0.08300211429595938
88,418/15,3,0.09099135637283329
88,418/15,4,0.28310848236083985
88,418/15,5,0.02508934974670407
88,418/15,6,0.09263893604278561
88,418/15,7,0.1539496970176697
88,418/15,8,0.3390879559516906
88,418/15,9,0.36654890060424794
88,418/15,10,0.28549711704254155
88,418/15,11,0.5228181791305542
88,418/4,1,0.5086853790283203
88,418/4,2,0.10668739318847664
88,418/4,3,0.11628626823425292
88,418/4,4,0.08295227050781251
88,418/4,5,0.08963898181915275
88,418/4,6,0.18271782398223868
88,418/4,7,0.34295191764831534
88,418/4,9,0.07489915847778317
88,418/4,10,0.10282536506652828
88,418/4,11,0.30189631462097166
89,330/183,1,0.8849540948867798
89,330/183,2,0.15584891796112066
89,330/183,3,0.04420341968536379
89,330/183,4,0.4793244791030884
89,330/183,5,0.38124997138977057
89,330/183,6,0.44973848819732676
89,330/183,7,0.5563315105438233
89,330/183,8,0.10678599357604979
89,330/183,9,0.05126790046691898
89,330/183,10,0.18899171829223627
89,330/183,11,0.1443451786041261
89,341/17,1,0.05902992248535188
89,341/17,3,0.2429253768920896
89,341/17,4,1.3007032775878908
89,341/17,7,0.49274440765380856
89,341/17,9,0.27350521087646484
89,341/17,10,0.2822418785095211
89,341/17,11,0.06395221710205057
89,341/17,12,0.15724960327148452
89,342/78,1,2.811582698822021
89,342/78,2,0.03359106063842754
89,342/78,3,0.5023300743103025
89,342/78,4,0.5408389472961428
89,377/86,1,0.5161550331115725
89,377/86,2,0.6695708274841312
89,377/86,3,0.11330440521240215
89,377/86,4,0.06476708412170407
89,377/86,5,0.08019345283508317
89,377/86,6,0.22109162330627452
89,377/86,7,1.006753177642822
89,377/86,8,0.03702070236206012
89,377/86,9,0.42502397537231484
89,377/86,10,0.5013793945312504
89,377/86,11,0.5112540245056154
89,377/94,1,0.2300073432922365
89,377/94,2,0.37051315307617205
89,377/94,3,0.25058603286743164
89,377/94,4,0.06597110748291035
89,377/94,5,0.03189396858215332
89,377/94,6,0.09017890930175776
89,377/94,7,0.16977090835571307
89,377/94,8,0.20903842926025407
89,377/94,9,0.10515336036682132
89,377/94,10,0.010775651931762553
89,377/94,11,0.03880817413330062
89,391/243,1,0.9578850746154783
89,391/33,1,0.45505023956298807
89,391/33,2,0.6351087188720701
89,391/33,3,0.5595391082763665
89,391/33,4,0.8935071945190423
89,391/33,5,1.3603861618041986
89,391/33,6,1.3313079261779777
89,391/33,7,1.3541381072998053
89,391/33,8,1.0686637878417962
89,391/33,9,1.2125126838684075
89,391/33,10,1.5155464172363278
89,391/33,11,1.5521654129028324
89,391/437,1,0.058397712707519034
89,391/437,2,0.16281612396240241
89,391/437,3,0.03206237792968736
89,391/437,4,0.23308662414550696
89,391/437,5,0.3288954162597655
89,391/437,6,0.5596416854858397
89,391/437,7,1.0671020126342778
89,391/437,8,0.706875038146972
89,391/437,9,0.9220652389526371
89,391/437,10,0.8607555007934575
89,391/437,11,0.4930179977416991
89,404/69,1,0.3559679412841801
89,404/69,2,0.4667633819580077
89,404/69,3,0.6016868782043456
89,404/69,4,0.5778749656677249
89,404/69,5,0.5375348091125485
89,404/69,6,0.3559539985656741
89,404/69,7,0.8387438011169435
89,404/69,8,1.0039330291748048
89,404/69,9,0.039119529724120916
89,404/69,10,1.0585854339599612
89,404/69,11,0.09270711898803707
89,404/69,12,0.3148281669616697
89,405/17,1,0.019741215705871618
89,405/17,2,0.3374196100234985
89,405/17,3,0.19157434463500977
89,405/17,4,0.08852865219116213
89,405/17,5,0.10704521656036381
89,405/17,6,0.02267978668212889
89,405/17,7,0.2072772026062012
89,405/17,8,0.15998933553695682
89,405/17,9,0.31755409240722665
89,405/17,10,0.20261466979980458
89,405/17,11,0.44739038467407233
89,418/15,1,0.3272173357009889
89,418/15,2,0.426787829399109
89,418/15,3,0.5363261485099793
89,418/15,4,0.5720514154434204
89,418/15,5,0.2580440676212311
89,418/15,6,0.3356850409507751
89,418/15,7,0.28108771562576296
89,418/15,8,0.3686640787124633
89,418/15,9,0.4378906536102294
89,418/15,10,0.39591889381408696
89,418/15,11,0.6764049243927002
89,418/4,1,0.006213588714599538
89,418/4,2,0.4972470092773438
89,418/4,3,0.13253304004669197
89,418/4,4,0.09279953479766845
89,418/4,5,0.08863688468933106
89,418/4,6,0.08882513999938957
89,418/4,7,0.18976917266845694
89,418/4,8,0.36647226810455313
89,418/4,10,0.07509656906127926
89,418/4,11,0.038154087066650355
89,418/4,12,0.07292984008789061
90,330/183,1,0.7176183032989503
90,330/183,3,0.33345484733581543
90,330/183,4,0.2059058523178101
90,330/183,5,0.0438158702850342
90,330/183,6,0.474990029335022
90,330/183,7,0.37305486917495734
90,330/183,8,0.43795238494873057
90,330/183,9,0.5431009483337403
90,330/183,10,0.12263021945953367
90,330/183,11,0.06938377857208256
90,330/183,12,0.151237301826477
90,341/17,1,0.19377218246459993
90,341/17,3,0.11399963378906275
90,341/17,4,2.0086495780944826
90,341/17,7,0.5732059097290039
90,341/17,9,0.2927398681640625
90,341/17,10,0.27374893188476523
90,341/17,11,0.10211254119873026
90,342/78,1,2.811582698822021
90,342/78,2,0.03359106063842754
90,342/78,3,0.5023300743103025
90,342/78,4,0.5408389472961428
90,377/86,1,0.7917067718505857
90,377/86,3,0.576371936798096
90,377/86,4,0.835916900634766
90,377/86,5,0.3647120285034178
90,377/86,6,0.09764381408691403
90,377/86,7,0.09048097610473649
90,377/86,8,0.2272664260864259
90,377/86,9,1.04853627204895
90,377/86,10,0.08741428375244098
90,377/86,11,0.5002498054504398
90,377/86,12,0.5464548110961918
90,377/94,1,0.18272826194763203
90,377/94,3,0.4302346038818361
90,377/94,4,0.47677559852600115
90,377/94,5,0.40032458305358887
90,377/94,6,0.15349170684814473
90,377/94,7,0.00021076202392578125
90,377/94,8,0.07984417915344233
90,377/94,9,0.13836688995361346
90,377/94,10,0.19800584793090836
90,377/94,11,0.1333318138122559
90,377/94,12,0.01888648033142104
90,391/243,1,1.7205822944641112
90,391/33,1,0.16291103363037074
90,391/33,3,0.6061618423461912
90,391/33,4,0.6910770034790037
90,391/33,5,0.5869343566894525
90,391/33,6,0.9273454666137688
90,391/33,7,1.2854154396057123
90,391/33,8,1.2258997344970695
90,391/33,9,1.2504002761840827
90,391/33,10,1.0846111297607415
90,391/33,11,1.2472149848937981
90,391/33,12,1.5225311279296871
90,391/437,1,0.03321056365966868
90,391/437,3,0.021245536804199716
90,391/437,4,0.187473373413086
90,391/437,5,0.09431728363037095
90,391/437,6,0.249082603454589
90,391/437,7,0.3182285690307616
90,391/437,8,0.5470398330688475
90,391/437,9,1.0454555130004888
90,391/437,10,0.697489929199218
90,391/437,11,0.8638472366333012
90,391/437,12,0.6281543350219732
90,404/69,1,0.040320396423339844
90,404/69,2,0.40399831771850625
90,404/69,3,0.5120862770080565
90,404/69,4,0.6040620040893554
90,404/69,5,0.6131833267211917
90,404/69,6,0.5228892326354977
90,404/69,7,0.39919073104858427
90,404/69,8,0.8734480094909669
90,404/69,9,1.0882221031188966
90,404/69,10,0.03945322036743182
90,404/69,11,1.0206549453735354
90,404/69,12,0.12360044479370114
90,405/17,1,0.09548272132873525
90,405/17,3,0.12919560909271244
90,405/17,4,0.23445997714996336
90,405/17,5,0.08233498573303222
90,405/17,6,0.11938472509384157
90,405/17,7,0.055970115661621134
90,405/17,8,0.03520993471145628
90,405/17,9,0.22836472988128664
90,405/17,10,0.2511145853996277
90,405/17,11,0.3479051351547242
90,405/17,12,0.2516464042663573
90,418/15,1,0.26183711528778075
90,418/15,3,0.6102874231338502
90,418/15,4,0.6442700386047364
90,418/15,5,0.6115421736240387
90,418/15,6,0.6739380156993866
90,418/15,7,0.3274970090389252
90,418/15,8,0.4226042294502258
90,418/15,9,0.39207335233688356
90,418/15,10,0.47556173086166376
90,418/15,11,0.43296313762664784
90,418/15,12,0.4120662689208985
90,418/4,1,0.1565927982330324
90,418/4,2,0.23821242332458503
90,418/4,3,0.16889992237091067
90,418/4,4,0.042658891677856525
90,418/4,5,0.10423730850219726
90,418/4,6,0.1287872886657715
90,418/4,7,0.08699921131134025
90,418/4,8,0.12741806507110587
90,418/4,9,0.32207062244415274
90,418/4,11,0.0981886005401611
90,418/4,12,0.12868336677551273
91,330/183,1,0.7509027290344239
91,330/183,3,1.030912160873413
91,330/183,4,0.1587530946731568
91,330/183,5,0.13380231380462648
91,330/183,6,0.5279579949378967
91,330/183,7,0.3580989909172059
91,330/183,8,0.4002604341506959
91,330/183,9,0.520695562362671
91,330/183,10,0.09855721473693846
91,330/183,11,0.13737992286682132
91,341/17,1,0.14926706314086946
91,341/17,3,0.18347379684448217
91,341/17,4,1.340270748138428
91,341/17,7,0.3687281227111816
91,341/17,9,0.29265689849853516
91,341/17,10,0.22709423065185508
91,342/78,1,2.811582698822021
91,342/78,2,0.03359106063842754
91,342/78,3,0.5023300743103025
91,342/78,4,0.5408389472961428
91,377/86,1,1.2417085456848138
91,377/86,2,0.10862329483032251
91,377/86,4,0.47294977188110376
91,377/86,5,0.5339373588562015
91,377/86,6,0.13446500778198223
91,377/86,7,0.06402035713195797
91,377/86,8,0.05384748458862321
91,377/86,9,0.19519721984863292
91,377/86,10,1.06448766708374
91,377/86,11,0.128129501342773
91,377/86,12,0.4626902961730961
91,377/94,1,0.12385825157165531
91,377/94,2,0.24801275253295918
91,377/94,4,0.41486089706420914
91,377/94,5,0.46841306686401385
91,377/94,6,0.3425428867340088
91,377/94,7,0.12250301361084004
91,377/94,8,0.02131795883178711
91,377/94,9,0.0584005737304687
91,377/94,10,0.12514967918396014
91,377/94,11,0.22310011863708512
91,377/94,12,0.1440911674499512
91,391/243,1,2.3178643703460695
91,391/243,3,0.4662529945373537
91,391/33,1,0.5597730064392081
91,391/33,2,0.5508104324340817
91,391/33,4,0.7689254379272459
91,391/33,5,0.8639142608642576
91,391/33,6,0.7677443313598626
91,391/33,7,0.9630901336669915
91,391/33,8,1.292797832489013
91,391/33,9,1.232882537841796
91,391/33,10,1.2683798980712897
91,391/33,11,1.1449706077575676
91,391/33,12,1.2459160804748528
91,391/437,1,0.007750320434571023
91,391/437,2,0.02925090789794993
91,391/437,4,0.006102981567382315
91,391/437,5,0.23050888061523445
91,391/437,6,0.16627391815185533
91,391/437,7,0.13542846679687415
91,391/437,8,0.28811916351318345
91,391/437,9,0.5440328979492186
91,391/437,10,0.9487767791748052
91,391/437,11,0.5205690383911126
91,391/437,12,0.9014534759521489
91,404/69,1,0.6939483642578121
91,404/69,2,0.8264069557189941
91,404/69,3,1.5495190048217777
91,404/69,4,1.3704541969299315
91,404/69,5,1.1549553108215331
91,404/69,6,0.9563830566406253
91,404/69,7,0.7407828330993649
91,404/69,8,0.42732269287109403
91,404/69,9,0.868495101928711
91,404/69,10,1.069302158355713
91,404/69,11,0.033536243438720525
91,404/69,12,1.0415098953247073
91,405/17,1,0.021454534530639613
91,405/17,2,0.17910505771636953
91,405/17,4,0.2706642532348633
91,405/17,5,0.009781162738800031
91,405/17,6,0.10044096946716308
91,405/17,7,0.10666461706161501
91,405/17,8,0.08330611705780033
91,405/17,9,0.022969465255737287
91,405/17,10,0.21320178508758547
91,405/17,11,0.20554701328277591
91,405/17,12,0.3169276475906373
91,418/15,1,0.5505317974090577
91,418/15,2,0.4169000291824341
91,418/15,4,0.6274138045310975
91,418/15,5,0.722942328453064
91,418/15,6,0.6116317594051361
91,418/15,7,0.6408725774288178
91,418/15,8,0.2550303077697754
91,418/15,9,0.3394983673095703
91,418/15,10,0.31093682765960695
91,418/15,11,0.392015151977539
91,418/15,12,0.5152149248123168
91,418/4,1,0.014314060211181534
91,418/4,2,0.1423098564147951
91,418/4,3,0.24875624656677253
91,418/4,4,0.13446095466613772
91,418/4,5,0.020460333824157795
91,418/4,6,0.09465359687805175
91,418/4,7,0.12121904850006104
91,418/4,8,0.08691886425018303
91,418/4,9,0.14886155128478995
91,418/4,10,0.33921029567718497
91,418/4,12,0.07622738838195797
92,330/183,1,0.14221435546875005
92,330/183,3,0.5955534744262696
92,330/183,5,1.0190250873565674
92,330/183,6,0.3167689418792725
92,330/183,7,0.12191150665283201
92,330/183,8,0.3743825149536133
92,330/183,9,0.2539584112167359
92,330/183,10,0.320129737854004
92,330/183,11,0.5231186103820802
92,330/183,12,0.13438723564147947
92,341/17,1,0.14570508956909212
92,341/17,3,0.00037357330322240756
92,341/17,4,1.9931437873840334
92,341/17,7,0.44257255554199215
92,341/17,9,0.23167800903320312
92,342/78,1,2.811582698822021
92,342/78,2,0.03359106063842754
92,342/78,3,0.5023300743103025
92,342/78,4,0.5408389472961428
92,377/86,1,1.4332778739929202
92,377/86,2,1.1564371871948236
92,377/86,3,0.058112411499023686
92,377/86,5,0.4042141723632815
92,377/86,6,0.6799119949340824
92,377/86,7,0.1742542076110838
92,377/86,8,0.061189928054809606
92,377/86,9,0.14056938171386735
92,377/86,10,0.2871431064605714
92,377/86,11,1.032472581863403
92,377/86,12,0.38480426788330035
92,377/94,1,0.10642997741699212
92,377/94,2,0.1238253498077393
92,377/94,3,0.25499436378479023
92,377/94,5,0.4174646663665773
92,377/94,6,0.4371273040771486
92,377/94,7,0.34893226623535156
92,377/94,8,0.11372014999389668
92,377/94,9,0.036647796630859375
92,377/94,10,0.05334872245788569
92,377/94,11,0.11359639167785662
92,377/94,12,0.2240890789031984
92,391/243,1,1.9013341426849366
92,391/243,2,2.183637571334839
92,391/243,4,0.2980878829956053
92,391/33,1,0.8736136817932127
92,391/33,2,1.3536439323425284
92,391/33,3,1.5325485229492184
92,391/33,5,1.6932981109619138
92,391/33,6,1.7653453445434568
92,391/33,7,1.8211500930786126
92,391/33,8,2.434221458435058
92,391/33,9,2.187592296600341
92,391/33,10,1.8233709716796866
92,391/33,11,1.8377830696105963
92,391/33,12,1.7886802673339837
92,391/437,1,0.6806381225585945
92,391/437,2,0.6972047805786126
92,391/437,3,0.6704608917236321
92,391/437,5,0.1395096206665034
92,391/437,6,0.26648815155029304
92,391/437,7,0.15835842132568345
92,391/437,8,0.13106349945068274
92,391/437,9,0.3115623855590819
92,391/437,10,0.545686569213867
92,391/437,11,1.018257675170899
92,391/437,12,0.7429382324218743
92,404/69,1,0.3759918212890625
92,404/69,2,0.6334343910217282
92,404/69,3,0.5659518241882324
92,404/69,4,1.1969136619567875
92,404/69,5,1.006415729522705
92,404/69,6,0.7431844902038574
92,404/69,7,0.5695403289794925
92,404/69,8,0.48955926895141566
92,404/69,9,0.4268429946899417
92,404/69,10,0.8472953987121583
92,404/69,11,1.0980392265319825
92,404/69,12,0.03102464675903338
92,405/17,1,0.21874629497528075
92,405/17,2,0.17400046348571774
92,405/17,3,0.20091201305389395
92,405/17,5,0.2981335306167603
92,405/17,6,0.022435705661773664
92,405/17,7,0.07242338895797729
92,405/17,8,0.12017865896224977
92,405/17,9,0.08207450628280644
92,405/17,10,0.051343839168548566
92,405/17,11,0.24671372175216677
92,405/17,12,0.19817010402679447
92,418/15,1,0.13035034418106084
92,418/15,2,0.562080078125
92,418/15,3,0.43497370719909667
92,418/15,5,0.6607708883285524
92,418/15,6,0.7178887486457826
92,418/15,7,0.6204860591888428
92,418/15,8,0.5993382430076599
92,418/15,9,0.2611045277118683
92,418/15,10,0.3132480645179748
92,418/15,11,0.3342896294593811
92,418/15,12,0.3745394873619079
92,418/4,1,0.02480159759521494
92,418/4,2,0.004439120292663468
92,418/4,3,0.12571949958801287
92,418/4,4,0.21532805442810066
92,418/4,5,0.11099830150604251
92,418/4,6,0.024039063453674236
92,418/4,7,0.05063842773437499
92,418/4,8,0.11974466800689698
92,418/4,9,0.12429479122161857
92,418/4,10,0.18454840183258048
92,418/4,11,0.32083871364593497
93,330/183,1,0.11266893386840815
93,330/183,2,0.013416109085083061
93,330/183,4,0.7625463771820069
93,330/183,6,0.3583693504333496
93,330/183,7,0.2922030067443848
93,330/183,8,0.06551514148712156
93,330/183,9,0.4174791765213013
93,330/183,10,0.360232539176941
93,330/183,11,0.4190234398841859
93,330/183,12,0.5085303735733033
93,341/17,1,0.05569499969482372
93,341/17,5,0.17056261062622102
93,341/17,7,0.027915267944336186
93,341/17,8,1.9863417053222658
93,341/17,11,0.5234746551513672
93,342/78,1,2.811582698822021
93,342/78,2,0.03359106063842754
93,342/78,3,0.5023300743103025
93,342/78,4,0.5408389472961428
93,377/86,1,0.022966270446777237
93,377/86,2,1.4806192207336428
93,377/86,3,1.0956290054321283
93,377/86,4,0.04203298568725611
93,377/86,6,0.42001560211181665
93,377/86,7,0.6824006080627445
93,377/86,8,0.16754701614379863
93,377/86,9,0.007788219451904332
93,377/86,10,0.08336632728576676
93,377/86,11,0.2510241222381593
93,377/86,12,1.0513286304473874
93,377/94,1,0.0894221782684328
93,377/94,2,0.0393041801452636
93,377/94,3,0.16135291099548343
93,377/94,4,0.2605392646789553
93,377/94,6,0.4217342662811281
93,377/94,7,0.43205280303955096
93,377/94,8,0.36237597465515137
93,377/94,9,0.1279589843750002
93,377/94,10,0.03062272071838379
93,377/94,11,0.041092100143432564
93,377/94,12,0.12370796203613299
93,391/243,1,1.2280181407928468
93,391/243,2,1.156865930557251
93,391/243,3,1.6039251804351806
93,391/243,5,0.5090220451354979
93,391/33,1,0.5194933319091799
93,391/33,2,0.15747341156005845
93,391/33,3,0.8873854064941398
93,391/33,4,1.2729278564453121
93,391/33,6,1.5523011779785154
93,391/33,7,1.715416679382324
93,391/33,8,1.7736904907226556
93,391/33,9,1.8170282363891594
93,391/33,10,2.001819877624511
93,391/33,11,1.9669237518310538
93,391/33,12,1.9842273902893073
93,391/437,1,0.11712081909179695
93,391/437,2,0.7135084152221687
93,391/437,3,0.6162559509277337
93,391/437,4,0.673859786987304
93,391/437,6,0.1400427246093745
93,391/437,7,0.24900825500488288
93,391/437,8,0.18471321105957017
93,391/437,9,0.11215404510497962
93,391/437,10,0.3018330001831053
93,391/437,11,0.5070923233032225
93,391/437,12,0.9642978286743169
93,404/69,1,0.07559183120727564
93,404/69,2,0.40583229064941406
93,404/69,3,0.579631423950195
93,404/69,4,0.517570972442627
93,404/69,5,1.2755765342712406
93,404/69,6,1.0141490745544433
93,404/69,7,0.743383331298828
93,404/69,8,0.5644491386413577
93,404/69,9,0.5439144134521481
93,404/69,10,0.5064447593688968
93,404/69,11,0.6186367225646974
93,404/69,12,0.6851998138427735
93,405/17,1,0.11892652034759521
93,405/17,2,0.13652252197265624
93,405/17,3,0.14634259700775143
93,405/17,4,0.1507933282852172
93,405/17,6,0.17471496105194095
93,405/17,7,0.17184392690658568
93,405/17,8,0.07365887403488158
93,405/17,9,0.10959203958511354
93,405/17,10,0.08028583049774174
93,405/17,11,0.022430102825164777
93,405/17,12,0.20733466148376467
93,418/15,1,0.31426531076431274
93,418/15,2,0.0233533906936646
93,418/15,3,0.6034139323234559
93,418/15,4,0.4331639313697815
93,418/15,6,0.6669370484352113
93,418/15,7,0.7163836717605592
93,418/15,8,0.57707954287529
93,418/15,9,0.6036262905597687
93,418/15,10,0.28752541899681094
93,418/15,11,0.32976427316665646
93,418/15,12,0.3297507357597351
93,418/4,1,0.041517100334167445
93,418/4,2,0.005848989486694434
93,418/4,3,0.0006628084182738192
93,418/4,4,0.11998195648193377
93,418/4,5,0.24520810127258308
93,418/4,6,0.09263768672943118
93,418/4,7,0.020131025314330975
93,418/4,8,0.051160683631896964
93,418/4,9,0.10842681884765626
93,418/4,10,0.11042073726654045
93,418/4,11,0.2053874969482421
93,418/4,12,0.3098668098449706
94,330/183,1,0.0609864091873169
94,330/183,2,0.1372659826278686
94,330/183,3,0.04641049861907964
94,330/183,5,0.7394004631042481
94,330/183,7,0.3472781181335449
94,330/183,8,0.2771204090118409
94,330/183,9,0.02746631622314455
94,330/183,10,0.5105635118484497
94,330/183,11,0.39645040750503546
94,330/183,12,0.4265826201438905
94,341/17,1,0.024890022277832102
94,341/17,2,0.08044666290283153
94,341/17,6,0.1767099952697757
94,341/17,8,0.03210136413574194
94,341/17,9,1.972616424560547
94,341/17,12,0.46391864776611325
94,342/78,1,2.811582698822021
94,342/78,2,0.03359106063842754
94,342/78,3,0.5023300743103025
94,342/78,4,0.5408389472961428
94,377/86,1,0.22815256118774396
94,377/86,2,0.2572149085998534
94,377/86,3,1.4848211097717288
94,377/86,4,1.2639630126953119
94,377/86,5,0.04403373718261694
94,377/86,7,0.4187677192687991
94,377/86,8,0.6723984718322757
94,377/86,9,0.10034349441528301
94,377/86,10,0.09367724418640133
94,377/86,11,0.08704560279846207
94,377/86,12,0.24103581428527843
94,377/94,1,0.060938987731933736
94,377/94,2,0.08079810142517108
94,377/94,3,0.0155612659454345
94,377/94,4,0.169802942276001
94,377/94,5,0.2236931037902834
94,377/94,7,0.40704696655273453
94,377/94,8,0.4505853176116945
94,377/94,9,0.3481173515319824
94,377/94,10,0.1138915729522707
94,377/94,11,0.040392398834228516
94,377/94,12,0.00685233116149897
94,391/243,1,1.0813772678375244
94,391/243,2,0.21251020431518564
94,391/243,3,2.561388111114502
94,391/243,4,2.7807826519012453
94,391/243,6,0.3387253761291502
94,391/33,1,0.11245098114013707
94,391/33,2,0.4636771583557131
94,391/33,3,0.17521699905395494
94,391/33,4,0.8514280700683585
94,391/33,5,1.2397280693054196
94,391/33,7,1.5188391304016111
94,391/33,8,1.6880300140380857
94,391/33,9,1.737417488098144
94,391/33,10,1.7807971954345696
94,391/33,11,1.958480148315429
94,391/33,12,1.9370737457275382
94,391/437,1,0.1776417922973632
94,391/437,2,0.4643441009521485
94,391/437,3,0.29655818939209055
94,391/437,4,0.370641899108886
94,391/437,5,0.3995906829833977
94,391/437,7,0.06779331207275341
94,391/437,8,0.25895221710205085
94,391/437,9,0.20441421508789048
94,391/437,10,0.013812980651856321
94,391/437,11,0.15543827056884751
94,391/437,12,0.32919582366943345
94,404/69,1,0.3635166549682616
94,404/69,2,0.2487685394287107
94,404/69,3,0.7848119735717773
94,404/69,4,0.22612991333007848
94,404/69,5,0.44649457931518555
94,404/69,6,0.00907176971435586
94,404/69,7,0.3073533821105956
94,404/69,8,0.7733868789672851
94,404/69,9,1.1066668701171878
94,404/69,10,1.1526638031005856
94,404/69,11,1.0031908226013186
94,404/69,12,0.07648670196533214
94,405/17,1,0.028842027187347408
94,405/17,2,0.13621454954147338
94,405/17,3,0.09314780473709106
94,405/17,4,0.15023621082305905
94,405/17,5,0.19424606800079336
94,405/17,7,0.29316047668457035
94,405/17,8,0.010893504619598371
94,405/17,9,0.06313185930252074
94,405/17,10,0.10948826789855959
94,405/17,11,0.07841096639633183
94,405/17,12,0.016309897899627668
94,418/15,1,0.17466385841369625
94,418/15,2,0.3492394685745239
94,418/15,3,0.03555870771408076
94,418/15,4,0.5770447778701783
94,418/15,5,0.39258342027664184
94,418/15,7,0.6076733422279359
94,418/15,8,0.731113350391388
94,418/15,9,0.5588383162021637
94,418/15,10,0.6141502058506012
94,418/15,11,0.27831977963447574
94,418/15,12,0.3240666651725769
94,418/4,1,0.2667626857757568
94,418/4,2,0.19835027217864987
94,418/4,3,0.1647100305557252
94,418/4,4,0.07669710636138927
94,418/4,5,0.11613221168518084
94,418/4,6,0.257706003189087
94,418/4,7,0.09645059585571292
94,418/4,8,0.011742796897888264
94,418/4,9,0.00010086059570313388
94,418/4,10,0.10820795059204102
94,418/4,11,0.05812629699707039
94,418/4,12,0.045746231079101474
95,330/183,1,0.02195073127746583
95,330/183,2,0.110791745185852
95,330/183,3,0.1516044712066651
95,330/183,5,0.6385963726043702
95,330/183,7,0.9573861360549927
95,330/183,8,0.31566315650939947
95,330/183,9,0.16462133407592772
95,330/183,10,0.3909739446640015
95,330/183,11,0.2358854484558106
95,341/17,1,0.004768333435059446
95,341/17,2,0.008511466979980398
95,341/17,3,0.1027492904663081
95,341/17,7,0.36354480743408235
95,341/17,9,0.233618469238281
95,341/17,10,1.3748080635070803
95,342/78,1,2.686494960784912
95,342/78,2,0.08120897293090801
95,342/78,3,0.3613536453247068
95,377/86,1,0.22783083915710467
95,377/86,2,0.01615678787231456
95,377/86,3,1.357084541320801
95,377/86,4,1.1671817588806146
95,377/86,5,0.014804153442383061
95,377/86,7,0.37785795211792017
95,377/86,8,0.6693600654602054
95,377/86,9,0.06570985794067363
95,377/86,10,0.051798305511474574
95,377/86,11,0.0617958831787111
95,377/94,1,0.3164848423004152
95,377/94,2,0.33913295269012433
95,377/94,3,0.5650799703598022
95,377/94,4,0.5025155162811279
95,377/94,5,0.1702745246887205
95,377/94,7,0.15991394996643082
95,377/94,8,0.21840925216674822
95,377/94,9,0.24559807777404785
95,377/94,10,0.06873562812805156
95,377/94,11,0.13639378547668457
95,391/243,1,1.517953372001648
95,391/243,2,0.6577963829040527
95,391/243,3,2.1455572605133058
95,391/243,4,0.5398103952407837
95,391/243,5,0.5044897317886352
95,391/243,7,1.3712244510650633
95,391/33,1,0.36670246124267614
95,391/33,2,0.23254560470581076
95,391/33,3,0.24333127975463853
95,391/33,4,0.951907196044921
95,391/33,5,1.2830787658691403
95,391/33,7,1.5897643661499021
95,391/33,8,1.6395232772827146
95,391/33,9,1.741772441864013
95,391/33,10,1.8450886726379387
95,391/33,11,1.9963796424865716
95,391/437,1,0.3638257217407226
95,391/437,2,0.38961513519287116
95,391/437,3,0.299132156372071
95,391/437,4,0.3600694656372063
95,391/437,5,0.4173004150390618
95,391/437,7,0.03236240386962841
95,391/437,8,0.3019161987304688
95,391/437,9,0.1907900238037108
95,391/437,10,0.0379629516601554
95,391/437,11,0.2422903442382811
95,404/69,1,0.613524627685547
95,404/69,2,0.12460485458374038
95,404/69,3,0.18569734573364283
95,404/69,4,0.23472023010253906
95,404/69,5,0.6113348960876461
95,404/69,6,0.7386789321899414
95,404/69,7,1.6576170349121098
95,404/69,8,1.5306543159484862
95,404/69,9,1.2254332733154296
95,404/69,10,0.8760803413391116
95,404/69,11,0.7099591255187985
95,404/69,12,0.5400374603271487
95,405/17,1,0.08539121866226196
95,405/17,2,0.1868054223060608
95,405/17,3,0.08876739978790282
95,405/17,4,0.15685876369476315
95,405/17,5,0.20218361854553213
95,405/17,7,0.3247303152084351
95,405/17,8,0.03085641145706175
95,405/17,9,0.05696140766143798
95,405/17,10,0.12837441682815554
95,405/17,11,0.0945511889457703
95,418/15,1,0.07934422969818111
95,418/15,2,0.34980452060699463
95,418/15,3,0.053783602714538525
95,418/15,4,0.5684822428226471
95,418/15,5,0.4096779727935791
95,418/15,7,0.6335438442230226
95,418/15,8,0.709751045703888
95,418/15,9,0.5436110579967499
95,418/15,10,0.6341815984249115
95,418/15,11,0.2512132561206818
95,418/4,1,0.16010898113250738
95,418/4,2,0.28496534824371333
95,418/4,3,0.23131092548370358
95,418/4,4,0.14902173042297373
95,418/4,5,0.07352435111999522
95,418/4,6,0.11160535812377947
95,418/4,7,0.23933418273925788
95,418/4,8,0.11418440818786624
95,418/4,9,0.01990589141845711
95,418/4,10,0.03736258506774903
95,418/4,11,0.10407067298889161
95,418/4,12,0.0016244316101075018
