id,data,codigo,nitrato,coord_x_m,coord_y_m,altitude_m,sistema_aquifero,estado,freguesia,created_at
113,2000-04-12 00:00:00+00,329/10,18.9,167430.00,271260.00,,T1 - BACIA DO TEJO-SADO / MARGEM DIREITA,,GOLEGÃ,2025-07-17 14:15:52.981546+00
114,2000-10-25 00:00:00+00,329/10,15.27,167430.00,271260.00,,T1 - BACIA DO TEJO-SADO / MARGEM DIREITA,,GOLEGÃ,2025-07-17 14:15:52.981546+00
115,2001-10-23 00:00:00+00,329/10,18.3,167430.00,271260.00,,T1 - BACIA DO TEJO-SADO / MARGEM DIREITA,,GOLEGÃ,2025-07-17 14:15:52.981546+00
116,2002-03-11 00:00:00+00,329/10,10.23,167430.00,271260.00,,T1 - BACIA DO TEJO-SADO / MARGEM DIREITA,,GOLEGÃ,2025-07-17 14:15:52.981546+00
117,2002-10-29 00:00:00+00,329/10,13.07,167430.00,271260.00,,T1 - BACIA DO TEJO-SADO / MARGEM DIREITA,,GOLEGÃ,2025-07-17 14:15:52.981546+00
118,2003-03-17 00:00:00+00,329/10,15.9,167430.00,271260.00,,T1 - BACIA DO TEJO-SADO / MARGEM DIREITA,,GOLEGÃ,2025-07-17 14:15:52.981546+00
119,2003-11-17 00:00:00+00,329/10,16.0,167430.00,271260.00,,T1 - BACIA DO TEJO-SADO / MARGEM DIREITA,,GOLEGÃ,2025-07-17 14:15:52.981546+00
120,2004-04-14 00:00:00+00,329/10,16.79,167430.00,271260.00,,T1 - BACIA DO TEJO-SADO / MARGEM DIREITA,,GOLEGÃ,2025-07-17 14:15:52.981546+00
121,2004-10-19 00:00:00+00,329/10,17.233,167430.00,271260.00,,T1 - BACIA DO TEJO-SADO / MARGEM DIREITA,,GOLEGÃ,2025-07-17 14:15:52.981546+00
122,2005-04-18 00:00:00+00,329/10,14.57,167430.00,271260.00,,T1 - BACIA DO TEJO-SADO / MARGEM DIREITA,,GOLEGÃ,2025-07-17 14:15:52.981546+00
123,2005-10-17 00:00:00+00,329/10,25.21,167430.00,271260.00,,T1 - BACIA DO TEJO-SADO / MARGEM DIREITA,,GOLEGÃ,2025-07-17 14:15:52.981546+00
124,2006-03-27 00:00:00+00,329/10,14.58,167430.00,271260.00,,T1 - BACIA DO TEJO-SADO / MARGEM DIREITA,,GOLEGÃ,2025-07-17 14:15:52.981546+00
125,2006-10-03 00:00:00+00,329/10,14.13,167430.00,271260.00,,T1 - BACIA DO TEJO-SADO / MARGEM DIREITA,,GOLEGÃ,2025-07-17 14:15:52.981546+00
126,2007-04-04 00:00:00+00,329/10,15.46,167430.00,271260.00,,T1 - BACIA DO TEJO-SADO / MARGEM DIREITA,,GOLEGÃ,2025-07-17 14:15:52.981546+00
127,2008-04-02 00:00:00+00,329/10,15.02,167430.00,271260.00,,T1 - BACIA DO TEJO-SADO / MARGEM DIREITA,,GOLEGÃ,2025-07-17 14:15:52.981546+00
128,2008-10-01 00:00:00+00,329/10,9.7,167430.00,271260.00,,T1 - BACIA DO TEJO-SADO / MARGEM DIREITA,,GOLEGÃ,2025-07-17 14:15:52.981546+00
156,2000-04-12 00:00:00+00,329/150,10.45,167360.00,271230.00,,T1 - BACIA DO TEJO-SADO / MARGEM DIREITA,,GOLEGÃ,2025-07-17 14:15:52.981546+00
157,2000-10-25 00:00:00+00,329/150,5.32,167360.00,271230.00,,T1 - BACIA DO TEJO-SADO / MARGEM DIREITA,,GOLEGÃ,2025-07-17 14:15:52.981546+00
158,2001-10-23 00:00:00+00,329/150,5.4,167360.00,271230.00,,T1 - BACIA DO TEJO-SADO / MARGEM DIREITA,,GOLEGÃ,2025-07-17 14:15:52.981546+00
159,2002-03-11 00:00:00+00,329/150,2.48,167360.00,271230.00,,T1 - BACIA DO TEJO-SADO / MARGEM DIREITA,,GOLEGÃ,2025-07-17 14:15:52.981546+00
160,2002-10-29 00:00:00+00,329/150,3.09,167360.00,271230.00,,T1 - BACIA DO TEJO-SADO / MARGEM DIREITA,,GOLEGÃ,2025-07-17 14:15:52.981546+00
161,2003-03-17 00:00:00+00,329/150,6.29,167360.00,271230.00,,T1 - BACIA DO TEJO-SADO / MARGEM DIREITA,,GOLEGÃ,2025-07-17 14:15:52.981546+00
162,2003-11-17 00:00:00+00,329/150,5.71,167360.00,271230.00,,T1 - BACIA DO TEJO-SADO / MARGEM DIREITA,,GOLEGÃ,2025-07-17 14:15:52.981546+00
163,2004-04-14 00:00:00+00,329/150,6.6,167360.00,271230.00,,T1 - BACIA DO TEJO-SADO / MARGEM DIREITA,,GOLEGÃ,2025-07-17 14:15:52.981546+00
164,2004-10-19 00:00:00+00,329/150,7.044,167360.00,271230.00,,T1 - BACIA DO TEJO-SADO / MARGEM DIREITA,,GOLEGÃ,2025-07-17 14:15:52.981546+00
165,2005-04-18 00:00:00+00,329/150,6.16,167360.00,271230.00,,T1 - BACIA DO TEJO-SADO / MARGEM DIREITA,,GOLEGÃ,2025-07-17 14:15:52.981546+00
294,2004-03-30 00:00:00+00,330/187,5.27,176820.00,275630.00,,T7 - ALUVIÕES DO TEJO,,CARREGUEIRA,2025-07-17 14:15:52.981546+00
486,2000-04-12 00:00:00+00,341/240,16.35,165584.00,264987.00,,T1 - BACIA DO TEJO-SADO / MARGEM DIREITA,,AZINHAGA,2025-07-17 14:15:52.981546+00
487,2000-10-25 00:00:00+00,341/240,0.18,165584.00,264987.00,,T1 - BACIA DO TEJO-SADO / MARGEM DIREITA,,AZINHAGA,2025-07-17 14:15:52.981546+00
488,2001-10-23 00:00:00+00,341/240,0.18,165584.00,264987.00,,T1 - BACIA DO TEJO-SADO / MARGEM DIREITA,,AZINHAGA,2025-07-17 14:15:52.981546+00
489,2002-03-11 00:00:00+00,341/240,0.18,165584.00,264987.00,,T1 - BACIA DO TEJO-SADO / MARGEM DIREITA,,AZINHAGA,2025-07-17 14:15:52.981546+00
490,2002-10-29 00:00:00+00,341/240,0.84,165584.00,264987.00,,T1 - BACIA DO TEJO-SADO / MARGEM DIREITA,,AZINHAGA,2025-07-17 14:15:52.981546+00
491,2003-03-18 00:00:00+00,341/240,0.84,165584.00,264987.00,,T1 - BACIA DO TEJO-SADO / MARGEM DIREITA,,AZINHAGA,2025-07-17 14:15:52.981546+00
492,2003-11-17 00:00:00+00,341/240,0.66,165584.00,264987.00,,T1 - BACIA DO TEJO-SADO / MARGEM DIREITA,,AZINHAGA,2025-07-17 14:15:52.981546+00
493,2004-04-14 00:00:00+00,341/240,0.66,165584.00,264987.00,,T1 - BACIA DO TEJO-SADO / MARGEM DIREITA,,AZINHAGA,2025-07-17 14:15:52.981546+00
494,2004-11-15 00:00:00+00,341/240,0.664,165584.00,264987.00,,T1 - BACIA DO TEJO-SADO / MARGEM DIREITA,,AZINHAGA,2025-07-17 14:15:52.981546+00
495,2005-04-18 00:00:00+00,341/240,0.66,165584.00,264987.00,,T1 - BACIA DO TEJO-SADO / MARGEM DIREITA,,AZINHAGA,2025-07-17 14:15:52.981546+00
496,2005-10-19 00:00:00+00,341/240,0.66,165584.00,264987.00,,T1 - BACIA DO TEJO-SADO / MARGEM DIREITA,,AZINHAGA,2025-07-17 14:15:52.981546+00
497,2006-03-27 00:00:00+00,341/240,0.66,165584.00,264987.00,,T1 - BACIA DO TEJO-SADO / MARGEM DIREITA,,AZINHAGA,2025-07-17 14:15:52.981546+00
498,2006-10-03 00:00:00+00,341/240,0.84,165584.00,264987.00,,T1 - BACIA DO TEJO-SADO / MARGEM DIREITA,,AZINHAGA,2025-07-17 14:15:52.981546+00
499,2007-04-04 00:00:00+00,341/240,0.84,165584.00,264987.00,,T1 - BACIA DO TEJO-SADO / MARGEM DIREITA,,AZINHAGA,2025-07-17 14:15:52.981546+00
500,2008-04-02 00:00:00+00,341/240,0.84,165584.00,264987.00,,T1 - BACIA DO TEJO-SADO / MARGEM DIREITA,,AZINHAGA,2025-07-17 14:15:52.981546+00
501,2008-10-01 00:00:00+00,341/240,0.84,165584.00,264987.00,,T1 - BACIA DO TEJO-SADO / MARGEM DIREITA,,AZINHAGA,2025-07-17 14:15:52.981546+00
502,2000-04-12 00:00:00+00,341/241,0.31,165643.00,266170.00,,T1 - BACIA DO TEJO-SADO / MARGEM DIREITA,EM SERVIÇO,AZINHAGA,2025-07-17 14:15:52.981546+00
503,2000-10-25 00:00:00+00,341/241,0.58,165643.00,266170.00,,T1 - BACIA DO TEJO-SADO / MARGEM DIREITA,EM SERVIÇO,AZINHAGA,2025-07-17 14:15:52.981546+00
504,2001-10-23 00:00:00+00,341/241,0.18,165643.00,266170.00,,T1 - BACIA DO TEJO-SADO / MARGEM DIREITA,EM SERVIÇO,AZINHAGA,2025-07-17 14:15:52.981546+00
505,2002-03-11 00:00:00+00,341/241,0.18,165643.00,266170.00,,T1 - BACIA DO TEJO-SADO / MARGEM DIREITA,EM SERVIÇO,AZINHAGA,2025-07-17 14:15:52.981546+00
506,2002-10-29 00:00:00+00,341/241,0.84,165643.00,266170.00,,T1 - BACIA DO TEJO-SADO / MARGEM DIREITA,EM SERVIÇO,AZINHAGA,2025-07-17 14:15:52.981546+00
507,2003-03-18 00:00:00+00,341/241,0.84,165643.00,266170.00,,T1 - BACIA DO TEJO-SADO / MARGEM DIREITA,EM SERVIÇO,AZINHAGA,2025-07-17 14:15:52.981546+00
508,2003-11-17 00:00:00+00,341/241,0.66,165643.00,266170.00,,T1 - BACIA DO TEJO-SADO / MARGEM DIREITA,EM SERVIÇO,AZINHAGA,2025-07-17 14:15:52.981546+00
509,2004-04-14 00:00:00+00,341/241,0.66,165643.00,266170.00,,T1 - BACIA DO TEJO-SADO / MARGEM DIREITA,EM SERVIÇO,AZINHAGA,2025-07-17 14:15:52.981546+00
510,2004-11-15 00:00:00+00,341/241,3.278,165643.00,266170.00,,T1 - BACIA DO TEJO-SADO / MARGEM DIREITA,EM SERVIÇO,AZINHAGA,2025-07-17 14:15:52.981546+00
511,2005-04-18 00:00:00+00,341/241,0.83,165643.00,266170.00,,T1 - BACIA DO TEJO-SADO / MARGEM DIREITA,EM SERVIÇO,AZINHAGA,2025-07-17 14:15:52.981546+00
512,2005-10-19 00:00:00+00,341/241,0.66,165643.00,266170.00,,T1 - BACIA DO TEJO-SADO / MARGEM DIREITA,EM SERVIÇO,AZINHAGA,2025-07-17 14:15:52.981546+00
513,2006-03-27 00:00:00+00,341/241,0.66,165643.00,266170.00,,T1 - BACIA DO TEJO-SADO / MARGEM DIREITA,EM SERVIÇO,AZINHAGA,2025-07-17 14:15:52.981546+00
514,2006-10-03 00:00:00+00,341/241,0.84,165643.00,266170.00,,T1 - BACIA DO TEJO-SADO / MARGEM DIREITA,EM SERVIÇO,AZINHAGA,2025-07-17 14:15:52.981546+00
515,2007-04-04 00:00:00+00,341/241,0.84,165643.00,266170.00,,T1 - BACIA DO TEJO-SADO / MARGEM DIREITA,EM SERVIÇO,AZINHAGA,2025-07-17 14:15:52.981546+00
516,2008-04-02 00:00:00+00,341/241,0.84,165643.00,266170.00,,T1 - BACIA DO TEJO-SADO / MARGEM DIREITA,EM SERVIÇO,AZINHAGA,2025-07-17 14:15:52.981546+00
517,2008-10-01 00:00:00+00,341/241,0.84,165643.00,266170.00,,T1 - BACIA DO TEJO-SADO / MARGEM DIREITA,EM SERVIÇO,AZINHAGA,2025-07-17 14:15:52.981546+00
518,2009-06-03 00:00:00+00,341/241,0.886,165643.00,266170.00,,T1 - BACIA DO TEJO-SADO / MARGEM DIREITA,EM SERVIÇO,AZINHAGA,2025-07-17 14:15:52.981546+00
519,2009-10-28 00:00:00+00,341/241,0.886,165643.00,266170.00,,T1 - BACIA DO TEJO-SADO / MARGEM DIREITA,EM SERVIÇO,AZINHAGA,2025-07-17 14:15:52.981546+00
520,2010-06-24 10:30:00+00,341/241,2.000,165643.00,266170.00,,T1 - BACIA DO TEJO-SADO / MARGEM DIREITA,EM SERVIÇO,AZINHAGA,2025-07-17 14:15:52.981546+00
521,2011-03-23 09:40:00+00,341/241,2.000,165643.00,266170.00,,T1 - BACIA DO TEJO-SADO / MARGEM DIREITA,EM SERVIÇO,AZINHAGA,2025-07-17 14:15:52.981546+00
522,2012-12-10 10:15:00+00,341/241,1.0,165643.00,266170.00,,T1 - BACIA DO TEJO-SADO / MARGEM DIREITA,EM SERVIÇO,AZINHAGA,2025-07-17 14:15:52.981546+00
523,2013-04-17 09:55:00+00,341/241,0.890,165643.00,266170.00,,T1 - BACIA DO TEJO-SADO / MARGEM DIREITA,EM SERVIÇO,AZINHAGA,2025-07-17 14:15:52.981546+00
524,2013-11-29 13:45:00+00,341/241,2.000,165643.00,266170.00,,T1 - BACIA DO TEJO-SADO / MARGEM DIREITA,EM SERVIÇO,AZINHAGA,2025-07-17 14:15:52.981546+00
525,2014-04-22 10:15:00+00,341/241,0.890,165643.00,266170.00,,T1 - BACIA DO TEJO-SADO / MARGEM DIREITA,EM SERVIÇO,AZINHAGA,2025-07-17 14:15:52.981546+00
526,2014-10-28 09:50:00+00,341/241,0.890,165643.00,266170.00,,T1 - BACIA DO TEJO-SADO / MARGEM DIREITA,EM SERVIÇO,AZINHAGA,2025-07-17 14:15:52.981546+00
527,2015-04-20 12:10:00+00,341/241,0.890,165643.00,266170.00,,T1 - BACIA DO TEJO-SADO / MARGEM DIREITA,EM SERVIÇO,AZINHAGA,2025-07-17 14:15:52.981546+00
528,2015-11-16 09:25:00+00,341/241,0.890,165643.00,266170.00,,T1 - BACIA DO TEJO-SADO / MARGEM DIREITA,EM SERVIÇO,AZINHAGA,2025-07-17 14:15:52.981546+00
529,2016-04-26 08:55:00+00,341/241,0.890,165643.00,266170.00,,T1 - BACIA DO TEJO-SADO / MARGEM DIREITA,EM SERVIÇO,AZINHAGA,2025-07-17 14:15:52.981546+00
530,2016-10-24 00:00:00+00,341/241,0.890,165643.00,266170.00,,T1 - BACIA DO TEJO-SADO / MARGEM DIREITA,EM SERVIÇO,AZINHAGA,2025-07-17 14:15:52.981546+00
531,2017-03-21 10:50:00+00,341/241,0.890,165643.00,266170.00,,T1 - BACIA DO TEJO-SADO / MARGEM DIREITA,EM SERVIÇO,AZINHAGA,2025-07-17 14:15:52.981546+00
532,2017-10-25 00:00:00+00,341/241,0.890,165643.00,266170.00,,T1 - BACIA DO TEJO-SADO / MARGEM DIREITA,EM SERVIÇO,AZINHAGA,2025-07-17 14:15:52.981546+00
533,2018-04-16 09:15:00+00,341/241,0.890,165643.00,266170.00,,T1 - BACIA DO TEJO-SADO / MARGEM DIREITA,EM SERVIÇO,AZINHAGA,2025-07-17 14:15:52.981546+00
534,2018-10-17 09:15:00+00,341/241,0.890,165643.00,266170.00,,T1 - BACIA DO TEJO-SADO / MARGEM DIREITA,EM SERVIÇO,AZINHAGA,2025-07-17 14:15:52.981546+00
535,2019-03-20 09:40:00+00,341/241,0.890,165643.00,266170.00,,T1 - BACIA DO TEJO-SADO / MARGEM DIREITA,EM SERVIÇO,AZINHAGA,2025-07-17 14:15:52.981546+00
536,2019-11-14 09:15:00+00,341/241,0.890,165643.00,266170.00,,T1 - BACIA DO TEJO-SADO / MARGEM DIREITA,EM SERVIÇO,AZINHAGA,2025-07-17 14:15:52.981546+00
537,2020-03-10 09:15:00+00,341/241,0.890,165643.00,266170.00,,T1 - BACIA DO TEJO-SADO / MARGEM DIREITA,EM SERVIÇO,AZINHAGA,2025-07-17 14:15:52.981546+00
538,2020-10-19 09:05:00+00,341/241,0.890,165643.00,266170.00,,T1 - BACIA DO TEJO-SADO / MARGEM DIREITA,EM SERVIÇO,AZINHAGA,2025-07-17 14:15:52.981546+00
539,2021-03-09 09:50:00+00,341/241,0.890,165643.00,266170.00,,T1 - BACIA DO TEJO-SADO / MARGEM DIREITA,EM SERVIÇO,AZINHAGA,2025-07-17 14:15:52.981546+00
540,2021-11-03 09:20:00+00,341/241,0.890,165643.00,266170.00,,T1 - BACIA DO TEJO-SADO / MARGEM DIREITA,EM SERVIÇO,AZINHAGA,2025-07-17 14:15:52.981546+00
541,2022-04-11 10:00:00+00,341/241,0.890,165643.00,266170.00,,T1 - BACIA DO TEJO-SADO / MARGEM DIREITA,EM SERVIÇO,AZINHAGA,2025-07-17 14:15:52.981546+00
542,2022-10-19 09:30:00+00,341/241,0.890,165643.00,266170.00,,T1 - BACIA DO TEJO-SADO / MARGEM DIREITA,EM SERVIÇO,AZINHAGA,2025-07-17 14:15:52.981546+00
543,2023-03-07 10:00:00+00,341/241,0.890,165643.00,266170.00,,T1 - BACIA DO TEJO-SADO / MARGEM DIREITA,EM SERVIÇO,AZINHAGA,2025-07-17 14:15:52.981546+00
544,2023-10-16 09:20:00+00,341/241,0.890,165643.00,266170.00,,T1 - BACIA DO TEJO-SADO / MARGEM DIREITA,EM SERVIÇO,AZINHAGA,2025-07-17 14:15:52.981546+00
545,2000-03-20 00:00:00+00,341/242,0.18,163850.00,263000.00,,T1 - BACIA DO TEJO-SADO / MARGEM DIREITA,,POMBALINHO,2025-07-17 14:15:52.981546+00
546,2000-10-09 00:00:00+00,341/242,0.18,163850.00,263000.00,,T1 - BACIA DO TEJO-SADO / MARGEM DIREITA,,POMBALINHO,2025-07-17 14:15:52.981546+00
547,2002-03-25 00:00:00+00,341/242,0.18,163850.00,263000.00,,T1 - BACIA DO TEJO-SADO / MARGEM DIREITA,,POMBALINHO,2025-07-17 14:15:52.981546+00
548,2002-10-07 00:00:00+00,341/242,0.84,163850.00,263000.00,,T1 - BACIA DO TEJO-SADO / MARGEM DIREITA,,POMBALINHO,2025-07-17 14:15:52.981546+00
549,2003-03-25 00:00:00+00,341/242,0.84,163850.00,263000.00,,T1 - BACIA DO TEJO-SADO / MARGEM DIREITA,,POMBALINHO,2025-07-17 14:15:52.981546+00
550,2003-11-26 00:00:00+00,341/242,0.66,163850.00,263000.00,,T1 - BACIA DO TEJO-SADO / MARGEM DIREITA,,POMBALINHO,2025-07-17 14:15:52.981546+00
551,2004-04-05 00:00:00+00,341/242,0.66,163850.00,263000.00,,T1 - BACIA DO TEJO-SADO / MARGEM DIREITA,,POMBALINHO,2025-07-17 14:15:52.981546+00
552,2004-10-25 00:00:00+00,341/242,0.664,163850.00,263000.00,,T1 - BACIA DO TEJO-SADO / MARGEM DIREITA,,POMBALINHO,2025-07-17 14:15:52.981546+00
553,2005-04-20 00:00:00+00,341/242,0.66,163850.00,263000.00,,T1 - BACIA DO TEJO-SADO / MARGEM DIREITA,,POMBALINHO,2025-07-17 14:15:52.981546+00
554,2005-11-10 00:00:00+00,341/242,0.66,163850.00,263000.00,,T1 - BACIA DO TEJO-SADO / MARGEM DIREITA,,POMBALINHO,2025-07-17 14:15:52.981546+00
555,2006-03-13 00:00:00+00,341/242,0.66,163850.00,263000.00,,T1 - BACIA DO TEJO-SADO / MARGEM DIREITA,,POMBALINHO,2025-07-17 14:15:52.981546+00
556,2006-11-14 00:00:00+00,341/242,0.82,163850.00,263000.00,,T1 - BACIA DO TEJO-SADO / MARGEM DIREITA,,POMBALINHO,2025-07-17 14:15:52.981546+00
557,2007-04-11 00:00:00+00,341/242,0.84,163850.00,263000.00,,T1 - BACIA DO TEJO-SADO / MARGEM DIREITA,,POMBALINHO,2025-07-17 14:15:52.981546+00
558,2007-11-26 00:00:00+00,341/242,0.84,163850.00,263000.00,,T1 - BACIA DO TEJO-SADO / MARGEM DIREITA,,POMBALINHO,2025-07-17 14:15:52.981546+00
559,2008-04-29 00:00:00+00,341/242,0.84,163850.00,263000.00,,T1 - BACIA DO TEJO-SADO / MARGEM DIREITA,,POMBALINHO,2025-07-17 14:15:52.981546+00
560,2008-11-05 00:00:00+00,341/242,0.87,163850.00,263000.00,,T1 - BACIA DO TEJO-SADO / MARGEM DIREITA,,POMBALINHO,2025-07-17 14:15:52.981546+00
561,2009-05-11 00:00:00+00,341/242,0.886,163850.00,263000.00,,T1 - BACIA DO TEJO-SADO / MARGEM DIREITA,,POMBALINHO,2025-07-17 14:15:52.981546+00
562,2009-10-19 00:00:00+00,341/242,0.886,163850.00,263000.00,,T1 - BACIA DO TEJO-SADO / MARGEM DIREITA,,POMBALINHO,2025-07-17 14:15:52.981546+00
563,2010-07-13 12:20:00+00,341/242,2.000,163850.00,263000.00,,T1 - BACIA DO TEJO-SADO / MARGEM DIREITA,,POMBALINHO,2025-07-17 14:15:52.981546+00
638,2021-10-06 10:40:00+00,342/113,71.0,171250.00,268700.00,,T7 - ALUVIÕES DO TEJO,,,2025-07-17 14:15:52.981546+00
702,2011-03-21 10:00:00+00,330/187,4.0,176820.00,275630.00,,T7 - ALUVIÕES DO TEJO,,CARREGUEIRA,2025-07-17 14:15:52.981546+00
762,2022-04-04 10:25:00+00,342/113,55.0,171250.00,268700.00,,T7 - ALUVIÕES DO TEJO,,,2025-07-17 14:15:52.981546+00
809,2000-03-20 00:00:00+00,353/30,0.31,153980.00,253010.00,,T1 - BACIA DO TEJO-SADO / MARGEM DIREITA,,SANTA IRIA DA RIBEIRA DE SANTARÉM,2025-07-17 14:15:52.981546+00
810,2000-10-09 00:00:00+00,353/30,0.18,153980.00,253010.00,,T1 - BACIA DO TEJO-SADO / MARGEM DIREITA,,SANTA IRIA DA RIBEIRA DE SANTARÉM,2025-07-17 14:15:52.981546+00
811,2001-03-21 00:00:00+00,353/30,0.18,153980.00,253010.00,,T1 - BACIA DO TEJO-SADO / MARGEM DIREITA,,SANTA IRIA DA RIBEIRA DE SANTARÉM,2025-07-17 14:15:52.981546+00
812,2002-03-25 00:00:00+00,353/30,0.18,153980.00,253010.00,,T1 - BACIA DO TEJO-SADO / MARGEM DIREITA,,SANTA IRIA DA RIBEIRA DE SANTARÉM,2025-07-17 14:15:52.981546+00
813,2002-10-07 00:00:00+00,353/30,0.84,153980.00,253010.00,,T1 - BACIA DO TEJO-SADO / MARGEM DIREITA,,SANTA IRIA DA RIBEIRA DE SANTARÉM,2025-07-17 14:15:52.981546+00
814,2003-03-25 00:00:00+00,353/30,0.84,153980.00,253010.00,,T1 - BACIA DO TEJO-SADO / MARGEM DIREITA,,SANTA IRIA DA RIBEIRA DE SANTARÉM,2025-07-17 14:15:52.981546+00
815,2003-11-26 00:00:00+00,353/30,0.66,153980.00,253010.00,,T1 - BACIA DO TEJO-SADO / MARGEM DIREITA,,SANTA IRIA DA RIBEIRA DE SANTARÉM,2025-07-17 14:15:52.981546+00
816,2004-10-25 00:00:00+00,353/30,0.664,153980.00,253010.00,,T1 - BACIA DO TEJO-SADO / MARGEM DIREITA,,SANTA IRIA DA RIBEIRA DE SANTARÉM,2025-07-17 14:15:52.981546+00
817,2022-10-10 10:20:00+00,342/113,46.0,171250.00,268700.00,,T7 - ALUVIÕES DO TEJO,,,2025-07-17 14:15:52.981546+00
818,2005-04-20 00:00:00+00,353/30,0.66,153980.00,253010.00,,T1 - BACIA DO TEJO-SADO / MARGEM DIREITA,,SANTA IRIA DA RIBEIRA DE SANTARÉM,2025-07-17 14:15:52.981546+00
819,2005-11-10 00:00:00+00,353/30,0.66,153980.00,253010.00,,T1 - BACIA DO TEJO-SADO / MARGEM DIREITA,,SANTA IRIA DA RIBEIRA DE SANTARÉM,2025-07-17 14:15:52.981546+00
820,2006-03-13 00:00:00+00,353/30,0.66,153980.00,253010.00,,T1 - BACIA DO TEJO-SADO / MARGEM DIREITA,,SANTA IRIA DA RIBEIRA DE SANTARÉM,2025-07-17 14:15:52.981546+00
821,2006-11-14 00:00:00+00,353/30,0.84,153980.00,253010.00,,T1 - BACIA DO TEJO-SADO / MARGEM DIREITA,,SANTA IRIA DA RIBEIRA DE SANTARÉM,2025-07-17 14:15:52.981546+00
822,2007-04-11 00:00:00+00,353/30,0.84,153980.00,253010.00,,T1 - BACIA DO TEJO-SADO / MARGEM DIREITA,,SANTA IRIA DA RIBEIRA DE SANTARÉM,2025-07-17 14:15:52.981546+00
823,2007-11-26 00:00:00+00,353/30,0.84,153980.00,253010.00,,T1 - BACIA DO TEJO-SADO / MARGEM DIREITA,,SANTA IRIA DA RIBEIRA DE SANTARÉM,2025-07-17 14:15:52.981546+00
824,2008-04-29 00:00:00+00,353/30,0.84,153980.00,253010.00,,T1 - BACIA DO TEJO-SADO / MARGEM DIREITA,,SANTA IRIA DA RIBEIRA DE SANTARÉM,2025-07-17 14:15:52.981546+00
825,2008-11-05 00:00:00+00,353/30,0.84,153980.00,253010.00,,T1 - BACIA DO TEJO-SADO / MARGEM DIREITA,,SANTA IRIA DA RIBEIRA DE SANTARÉM,2025-07-17 14:15:52.981546+00
826,2009-10-19 00:00:00+00,353/30,0.886,153980.00,253010.00,,T1 - BACIA DO TEJO-SADO / MARGEM DIREITA,,SANTA IRIA DA RIBEIRA DE SANTARÉM,2025-07-17 14:15:52.981546+00
827,2010-07-13 11:40:00+00,353/30,2.000,153980.00,253010.00,,T1 - BACIA DO TEJO-SADO / MARGEM DIREITA,,SANTA IRIA DA RIBEIRA DE SANTARÉM,2025-07-17 14:15:52.981546+00
828,2014-03-03 00:00:00+00,353/30,2.000,153980.00,253010.00,,T1 - BACIA DO TEJO-SADO / MARGEM DIREITA,,SANTA IRIA DA RIBEIRA DE SANTARÉM,2025-07-17 14:15:52.981546+00
829,2014-09-01 00:00:00+00,353/30,2.000,153980.00,253010.00,,T1 - BACIA DO TEJO-SADO / MARGEM DIREITA,,SANTA IRIA DA RIBEIRA DE SANTARÉM,2025-07-17 14:15:52.981546+00
830,2016-09-05 00:00:00+00,353/30,10.000,153980.00,253010.00,,T1 - BACIA DO TEJO-SADO / MARGEM DIREITA,,SANTA IRIA DA RIBEIRA DE SANTARÉM,2025-07-17 14:15:52.981546+00
831,2017-09-04 00:00:00+00,353/30,15.0,153980.00,253010.00,,T1 - BACIA DO TEJO-SADO / MARGEM DIREITA,,SANTA IRIA DA RIBEIRA DE SANTARÉM,2025-07-17 14:15:52.981546+00
832,2018-03-05 00:00:00+00,353/30,11.000,153980.00,253010.00,,T1 - BACIA DO TEJO-SADO / MARGEM DIREITA,,SANTA IRIA DA RIBEIRA DE SANTARÉM,2025-07-17 14:15:52.981546+00
833,2018-09-03 00:00:00+00,353/30,11.000,153980.00,253010.00,,T1 - BACIA DO TEJO-SADO / MARGEM DIREITA,,SANTA IRIA DA RIBEIRA DE SANTARÉM,2025-07-17 14:15:52.981546+00
834,2020-03-02 00:00:00+00,353/30,11.000,153980.00,253010.00,,T1 - BACIA DO TEJO-SADO / MARGEM DIREITA,,SANTA IRIA DA RIBEIRA DE SANTARÉM,2025-07-17 14:15:52.981546+00
835,2020-09-07 00:00:00+00,353/30,11.000,153980.00,253010.00,,T1 - BACIA DO TEJO-SADO / MARGEM DIREITA,,SANTA IRIA DA RIBEIRA DE SANTARÉM,2025-07-17 14:15:52.981546+00
836,2021-03-01 00:00:00+00,353/30,11.000,153980.00,253010.00,,T1 - BACIA DO TEJO-SADO / MARGEM DIREITA,,SANTA IRIA DA RIBEIRA DE SANTARÉM,2025-07-17 14:15:52.981546+00
837,2021-09-06 00:00:00+00,353/30,11.000,153980.00,253010.00,,T1 - BACIA DO TEJO-SADO / MARGEM DIREITA,,SANTA IRIA DA RIBEIRA DE SANTARÉM,2025-07-17 14:15:52.981546+00
838,2023-03-27 00:00:00+00,353/30,11.000,153980.00,253010.00,,T1 - BACIA DO TEJO-SADO / MARGEM DIREITA,,SANTA IRIA DA RIBEIRA DE SANTARÉM,2025-07-17 14:15:52.981546+00
839,2023-09-04 00:00:00+00,353/30,11.000,153980.00,253010.00,,T1 - BACIA DO TEJO-SADO / MARGEM DIREITA,,SANTA IRIA DA RIBEIRA DE SANTARÉM,2025-07-17 14:15:52.981546+00
871,2023-04-10 00:00:00+00,342/113,37.0,171250.00,268700.00,,T7 - ALUVIÕES DO TEJO,,,2025-07-17 14:15:52.981546+00
901,2004-09-27 00:00:00+00,330/187,6.601,176820.00,275630.00,,T7 - ALUVIÕES DO TEJO,,CARREGUEIRA,2025-07-17 14:15:52.981546+00
925,2023-09-25 10:20:00+00,342/113,130.0,171250.00,268700.00,,T7 - ALUVIÕES DO TEJO,,,2025-07-17 14:15:52.981546+00
982,2016-04-05 10:50:00+00,330/233,99.0,170250.00,273470.00,,T7 - ALUVIÕES DO TEJO,,,2025-07-17 14:15:53.356564+00
1168,2005-03-28 00:00:00+00,330/187,5.71,176820.00,275630.00,,T7 - ALUVIÕES DO TEJO,,CARREGUEIRA,2025-07-17 14:15:53.356564+00
1296,2010-06-25 12:30:00+00,330/22,14.0,174332.00,270792.00,25,T3 - BACIA DO TEJO-SADO / MARGEM ESQUERDA,,PINHEIRO GRANDE,2025-07-17 14:15:53.356564+00
1297,2014-05-15 00:00:00+00,330/22,14.0,174332.00,270792.00,25,T3 - BACIA DO TEJO-SADO / MARGEM ESQUERDA,,PINHEIRO GRANDE,2025-07-17 14:15:53.356564+00
1421,2006-03-06 00:00:00+00,330/187,7.04,176820.00,275630.00,,T7 - ALUVIÕES DO TEJO,,CARREGUEIRA,2025-07-17 14:15:53.356564+00
1465,2002-10-28 00:00:00+00,342/114,100.87,168360.00,268980.00,,T7 - ALUVIÕES DO TEJO,,,2025-07-17 14:15:53.356564+00
1528,2003-05-26 00:00:00+00,342/114,111.59,168360.00,268980.00,,T7 - ALUVIÕES DO TEJO,,,2025-07-17 14:15:53.356564+00
1556,2006-10-02 00:00:00+00,330/187,6.6,176820.00,275630.00,,T7 - ALUVIÕES DO TEJO,,CARREGUEIRA,2025-07-17 14:15:53.356564+00
1586,2000-04-17 00:00:00+00,353/26,0.22,166310.00,258300.00,,T3 - BACIA DO TEJO-SADO / MARGEM ESQUERDA,,VALE DE CAVALOS,2025-07-17 14:15:53.356564+00
1587,2000-09-25 00:00:00+00,353/26,0.18,166310.00,258300.00,,T3 - BACIA DO TEJO-SADO / MARGEM ESQUERDA,,VALE DE CAVALOS,2025-07-17 14:15:53.356564+00
1588,2001-02-19 00:00:00+00,353/26,0.18,166310.00,258300.00,,T3 - BACIA DO TEJO-SADO / MARGEM ESQUERDA,,VALE DE CAVALOS,2025-07-17 14:15:53.356564+00
1589,2001-10-11 00:00:00+00,353/26,0.18,166310.00,258300.00,,T3 - BACIA DO TEJO-SADO / MARGEM ESQUERDA,,VALE DE CAVALOS,2025-07-17 14:15:53.356564+00
1590,2002-02-25 00:00:00+00,353/26,0.18,166310.00,258300.00,,T3 - BACIA DO TEJO-SADO / MARGEM ESQUERDA,,VALE DE CAVALOS,2025-07-17 14:15:53.356564+00
1591,2002-10-02 00:00:00+00,353/26,0.84,166310.00,258300.00,,T3 - BACIA DO TEJO-SADO / MARGEM ESQUERDA,,VALE DE CAVALOS,2025-07-17 14:15:53.356564+00
1592,2016-10-17 09:25:00+00,330/233,110.0,170250.00,273470.00,,T7 - ALUVIÕES DO TEJO,,,2025-07-17 14:15:53.356564+00
1593,2003-02-26 00:00:00+00,353/26,0.84,166310.00,258300.00,,T3 - BACIA DO TEJO-SADO / MARGEM ESQUERDA,,VALE DE CAVALOS,2025-07-17 14:15:53.356564+00
1594,2003-09-29 00:00:00+00,353/26,0.66,166310.00,258300.00,,T3 - BACIA DO TEJO-SADO / MARGEM ESQUERDA,,VALE DE CAVALOS,2025-07-17 14:15:53.356564+00
1595,2004-03-30 00:00:00+00,353/26,0.66,166310.00,258300.00,,T3 - BACIA DO TEJO-SADO / MARGEM ESQUERDA,,VALE DE CAVALOS,2025-07-17 14:15:53.356564+00
1596,2004-09-27 00:00:00+00,353/26,0.664,166310.00,258300.00,,T3 - BACIA DO TEJO-SADO / MARGEM ESQUERDA,,VALE DE CAVALOS,2025-07-17 14:15:53.356564+00
1597,2005-05-10 00:00:00+00,353/26,0.62,166310.00,258300.00,,T3 - BACIA DO TEJO-SADO / MARGEM ESQUERDA,,VALE DE CAVALOS,2025-07-17 14:15:53.356564+00
1605,2013-01-31 00:00:00+00,353/687,18.0,163432.00,252892.00,49,T3 - BACIA DO TEJO-SADO / MARGEM ESQUERDA,SELADO,,2025-07-17 14:15:53.356564+00
1685,2000-03-27 00:00:00+00,365/18,0.18,156920.00,248280.00,,T3 - BACIA DO TEJO-SADO / MARGEM ESQUERDA,,ALMEIRIM,2025-07-17 14:15:53.356564+00
1686,2000-10-16 00:00:00+00,365/18,0.18,156920.00,248280.00,,T3 - BACIA DO TEJO-SADO / MARGEM ESQUERDA,,ALMEIRIM,2025-07-17 14:15:53.356564+00
1687,2001-04-16 00:00:00+00,365/18,0.18,156920.00,248280.00,,T3 - BACIA DO TEJO-SADO / MARGEM ESQUERDA,,ALMEIRIM,2025-07-17 14:15:53.356564+00
1688,2000-03-27 00:00:00+00,365/27,1.13,161520.00,244710.00,,T3 - BACIA DO TEJO-SADO / MARGEM ESQUERDA,,FAZENDAS DE ALMEIRIM,2025-07-17 14:15:53.356564+00
1689,2000-10-16 00:00:00+00,365/27,0.49,161520.00,244710.00,,T3 - BACIA DO TEJO-SADO / MARGEM ESQUERDA,,FAZENDAS DE ALMEIRIM,2025-07-17 14:15:53.356564+00
1690,2001-04-16 00:00:00+00,365/27,0.49,161520.00,244710.00,,T3 - BACIA DO TEJO-SADO / MARGEM ESQUERDA,,FAZENDAS DE ALMEIRIM,2025-07-17 14:15:53.356564+00
1691,2001-10-10 00:00:00+00,365/27,1.46,161520.00,244710.00,,T3 - BACIA DO TEJO-SADO / MARGEM ESQUERDA,,FAZENDAS DE ALMEIRIM,2025-07-17 14:15:53.356564+00
1692,2002-04-10 00:00:00+00,365/27,0.66,161520.00,244710.00,,T3 - BACIA DO TEJO-SADO / MARGEM ESQUERDA,,FAZENDAS DE ALMEIRIM,2025-07-17 14:15:53.356564+00
1693,2002-10-22 00:00:00+00,365/27,0.84,161520.00,244710.00,,T3 - BACIA DO TEJO-SADO / MARGEM ESQUERDA,,FAZENDAS DE ALMEIRIM,2025-07-17 14:15:53.356564+00
1694,2003-04-15 00:00:00+00,365/27,0.8,161520.00,244710.00,,T3 - BACIA DO TEJO-SADO / MARGEM ESQUERDA,,FAZENDAS DE ALMEIRIM,2025-07-17 14:15:53.356564+00
1695,2003-11-10 00:00:00+00,365/27,0.91,161520.00,244710.00,,T3 - BACIA DO TEJO-SADO / MARGEM ESQUERDA,,FAZENDAS DE ALMEIRIM,2025-07-17 14:15:53.356564+00
1696,2004-04-06 00:00:00+00,365/27,1.11,161520.00,244710.00,,T3 - BACIA DO TEJO-SADO / MARGEM ESQUERDA,,FAZENDAS DE ALMEIRIM,2025-07-17 14:15:53.356564+00
1697,2004-10-11 00:00:00+00,365/27,1.196,161520.00,244710.00,,T3 - BACIA DO TEJO-SADO / MARGEM ESQUERDA,,FAZENDAS DE ALMEIRIM,2025-07-17 14:15:53.356564+00
1698,2005-04-04 00:00:00+00,365/27,0.8,161520.00,244710.00,,T3 - BACIA DO TEJO-SADO / MARGEM ESQUERDA,,FAZENDAS DE ALMEIRIM,2025-07-17 14:15:53.356564+00
1699,2005-11-03 00:00:00+00,365/27,0.66,161520.00,244710.00,,T3 - BACIA DO TEJO-SADO / MARGEM ESQUERDA,,FAZENDAS DE ALMEIRIM,2025-07-17 14:15:53.356564+00
1700,2006-04-10 00:00:00+00,365/27,0.66,161520.00,244710.00,,T3 - BACIA DO TEJO-SADO / MARGEM ESQUERDA,,FAZENDAS DE ALMEIRIM,2025-07-17 14:15:53.356564+00
1701,2006-10-23 00:00:00+00,365/27,0.84,161520.00,244710.00,,T3 - BACIA DO TEJO-SADO / MARGEM ESQUERDA,,FAZENDAS DE ALMEIRIM,2025-07-17 14:15:53.356564+00
1702,2007-03-27 00:00:00+00,365/27,0.84,161520.00,244710.00,,T3 - BACIA DO TEJO-SADO / MARGEM ESQUERDA,,FAZENDAS DE ALMEIRIM,2025-07-17 14:15:53.356564+00
1703,2007-11-14 00:00:00+00,365/27,0.93,161520.00,244710.00,,T3 - BACIA DO TEJO-SADO / MARGEM ESQUERDA,,FAZENDAS DE ALMEIRIM,2025-07-17 14:15:53.356564+00
1704,2008-04-07 00:00:00+00,365/27,0.84,161520.00,244710.00,,T3 - BACIA DO TEJO-SADO / MARGEM ESQUERDA,,FAZENDAS DE ALMEIRIM,2025-07-17 14:15:53.356564+00
1705,2008-10-22 00:00:00+00,365/27,0.84,161520.00,244710.00,,T3 - BACIA DO TEJO-SADO / MARGEM ESQUERDA,,FAZENDAS DE ALMEIRIM,2025-07-17 14:15:53.356564+00
1706,2009-06-29 00:00:00+00,365/27,0.886,161520.00,244710.00,,T3 - BACIA DO TEJO-SADO / MARGEM ESQUERDA,,FAZENDAS DE ALMEIRIM,2025-07-17 14:15:53.356564+00
1707,2009-10-26 00:00:00+00,365/27,0.886,161520.00,244710.00,,T3 - BACIA DO TEJO-SADO / MARGEM ESQUERDA,,FAZENDAS DE ALMEIRIM,2025-07-17 14:15:53.356564+00
1708,2010-07-14 10:50:00+00,365/27,3.0,161520.00,244710.00,,T3 - BACIA DO TEJO-SADO / MARGEM ESQUERDA,,FAZENDAS DE ALMEIRIM,2025-07-17 14:15:53.356564+00
1709,2011-02-14 13:40:00+00,365/27,2.000,161520.00,244710.00,,T3 - BACIA DO TEJO-SADO / MARGEM ESQUERDA,,FAZENDAS DE ALMEIRIM,2025-07-17 14:15:53.356564+00
1710,2012-11-12 10:15:00+00,365/27,0.93,161520.00,244710.00,,T3 - BACIA DO TEJO-SADO / MARGEM ESQUERDA,,FAZENDAS DE ALMEIRIM,2025-07-17 14:15:53.356564+00
1711,2013-03-11 10:25:00+00,365/27,1.1,161520.00,244710.00,,T3 - BACIA DO TEJO-SADO / MARGEM ESQUERDA,,FAZENDAS DE ALMEIRIM,2025-07-17 14:15:53.356564+00
1712,2013-11-18 09:10:00+00,365/27,2.000,161520.00,244710.00,,T3 - BACIA DO TEJO-SADO / MARGEM ESQUERDA,,FAZENDAS DE ALMEIRIM,2025-07-17 14:15:53.356564+00
1713,2014-03-10 10:20:00+00,365/27,1.3,161520.00,244710.00,,T3 - BACIA DO TEJO-SADO / MARGEM ESQUERDA,,FAZENDAS DE ALMEIRIM,2025-07-17 14:15:53.356564+00
1714,2005-04-12 00:00:00+00,342/114,110.0,168360.00,268980.00,,T7 - ALUVIÕES DO TEJO,,,2025-07-17 14:15:53.356564+00
1715,2014-05-07 00:00:00+00,365/27,1.000,161520.00,244710.00,,T3 - BACIA DO TEJO-SADO / MARGEM ESQUERDA,,FAZENDAS DE ALMEIRIM,2025-07-17 14:15:53.356564+00
1716,2014-10-08 10:00:00+00,365/27,1.1,161520.00,244710.00,,T3 - BACIA DO TEJO-SADO / MARGEM ESQUERDA,,FAZENDAS DE ALMEIRIM,2025-07-17 14:15:53.356564+00
1717,2015-03-03 09:55:00+00,365/27,1.1,161520.00,244710.00,,T3 - BACIA DO TEJO-SADO / MARGEM ESQUERDA,,FAZENDAS DE ALMEIRIM,2025-07-17 14:15:53.356564+00
1718,2015-10-07 10:00:00+00,365/27,1.1,161520.00,244710.00,,T3 - BACIA DO TEJO-SADO / MARGEM ESQUERDA,,FAZENDAS DE ALMEIRIM,2025-07-17 14:15:53.356564+00
1719,2016-03-01 10:25:00+00,365/27,1.3,161520.00,244710.00,,T3 - BACIA DO TEJO-SADO / MARGEM ESQUERDA,,FAZENDAS DE ALMEIRIM,2025-07-17 14:15:53.356564+00
1720,2016-10-10 00:00:00+00,365/27,1.4,161520.00,244710.00,,T3 - BACIA DO TEJO-SADO / MARGEM ESQUERDA,,FAZENDAS DE ALMEIRIM,2025-07-17 14:15:53.356564+00
1721,2017-06-14 00:00:00+00,365/27,1.000,161520.00,244710.00,,T3 - BACIA DO TEJO-SADO / MARGEM ESQUERDA,,FAZENDAS DE ALMEIRIM,2025-07-17 14:15:53.356564+00
1722,2017-09-28 00:00:00+00,365/27,1.4,161520.00,244710.00,,T3 - BACIA DO TEJO-SADO / MARGEM ESQUERDA,,FAZENDAS DE ALMEIRIM,2025-07-17 14:15:53.356564+00
1723,2018-05-24 00:00:00+00,365/27,1.000,161520.00,244710.00,,T3 - BACIA DO TEJO-SADO / MARGEM ESQUERDA,,FAZENDAS DE ALMEIRIM,2025-07-17 14:15:53.356564+00
1724,2018-10-31 00:00:00+00,365/27,1.000,161520.00,244710.00,,T3 - BACIA DO TEJO-SADO / MARGEM ESQUERDA,,FAZENDAS DE ALMEIRIM,2025-07-17 14:15:53.356564+00
1725,2019-05-14 00:00:00+00,365/27,1.000,161520.00,244710.00,,T3 - BACIA DO TEJO-SADO / MARGEM ESQUERDA,,FAZENDAS DE ALMEIRIM,2025-07-17 14:15:53.356564+00
1726,2019-09-10 00:00:00+00,365/27,1.000,161520.00,244710.00,,T3 - BACIA DO TEJO-SADO / MARGEM ESQUERDA,,FAZENDAS DE ALMEIRIM,2025-07-17 14:15:53.356564+00
1727,2020-06-18 00:00:00+00,365/27,1.000,161520.00,244710.00,,T3 - BACIA DO TEJO-SADO / MARGEM ESQUERDA,,FAZENDAS DE ALMEIRIM,2025-07-17 14:15:53.356564+00
1728,2020-10-14 00:00:00+00,365/27,1.000,161520.00,244710.00,,T3 - BACIA DO TEJO-SADO / MARGEM ESQUERDA,,FAZENDAS DE ALMEIRIM,2025-07-17 14:15:53.356564+00
1729,2021-04-29 00:00:00+00,365/27,1.1,161520.00,244710.00,,T3 - BACIA DO TEJO-SADO / MARGEM ESQUERDA,,FAZENDAS DE ALMEIRIM,2025-07-17 14:15:53.356564+00
1730,2021-09-22 00:00:00+00,365/27,1.4,161520.00,244710.00,,T3 - BACIA DO TEJO-SADO / MARGEM ESQUERDA,,FAZENDAS DE ALMEIRIM,2025-07-17 14:15:53.356564+00
1731,2022-04-06 00:00:00+00,365/27,1.8,161520.00,244710.00,,T3 - BACIA DO TEJO-SADO / MARGEM ESQUERDA,,FAZENDAS DE ALMEIRIM,2025-07-17 14:15:53.356564+00
1732,2022-09-07 00:00:00+00,365/27,1.3,161520.00,244710.00,,T3 - BACIA DO TEJO-SADO / MARGEM ESQUERDA,,FAZENDAS DE ALMEIRIM,2025-07-17 14:15:53.356564+00
1733,2023-05-10 00:00:00+00,365/27,1.3,161520.00,244710.00,,T3 - BACIA DO TEJO-SADO / MARGEM ESQUERDA,,FAZENDAS DE ALMEIRIM,2025-07-17 14:15:53.356564+00
1734,2006-04-10 00:00:00+00,365/AG18,350.0,167341.00,243744.00,52,T3 - BACIA DO TEJO-SADO / MARGEM ESQUERDA,,FAZENDAS DE ALMEIRIM,2025-07-17 14:15:53.356564+00
1735,2006-10-23 00:00:00+00,365/AG18,390.0,167341.00,243744.00,52,T3 - BACIA DO TEJO-SADO / MARGEM ESQUERDA,,FAZENDAS DE ALMEIRIM,2025-07-17 14:15:53.356564+00
1736,2007-03-27 00:00:00+00,365/AG18,330.0,167341.00,243744.00,52,T3 - BACIA DO TEJO-SADO / MARGEM ESQUERDA,,FAZENDAS DE ALMEIRIM,2025-07-17 14:15:53.356564+00
1737,2007-11-14 00:00:00+00,365/AG18,390.0,167341.00,243744.00,52,T3 - BACIA DO TEJO-SADO / MARGEM ESQUERDA,,FAZENDAS DE ALMEIRIM,2025-07-17 14:15:53.356564+00
1738,2008-04-07 00:00:00+00,365/AG18,320.0,167341.00,243744.00,52,T3 - BACIA DO TEJO-SADO / MARGEM ESQUERDA,,FAZENDAS DE ALMEIRIM,2025-07-17 14:15:53.356564+00
1739,2006-04-10 00:00:00+00,365/AG19,120.0,167982.00,244383.00,51,T3 - BACIA DO TEJO-SADO / MARGEM ESQUERDA,,FAZENDAS DE ALMEIRIM,2025-07-17 14:15:53.356564+00
1740,2006-10-23 00:00:00+00,365/AG19,93.0,167982.00,244383.00,51,T3 - BACIA DO TEJO-SADO / MARGEM ESQUERDA,,FAZENDAS DE ALMEIRIM,2025-07-17 14:15:53.356564+00
1741,2007-11-14 00:00:00+00,365/AG19,94.0,167982.00,244383.00,51,T3 - BACIA DO TEJO-SADO / MARGEM ESQUERDA,,FAZENDAS DE ALMEIRIM,2025-07-17 14:15:53.356564+00
1742,2008-04-07 00:00:00+00,365/AG19,110.0,167982.00,244383.00,51,T3 - BACIA DO TEJO-SADO / MARGEM ESQUERDA,,FAZENDAS DE ALMEIRIM,2025-07-17 14:15:53.356564+00
1743,2008-10-22 00:00:00+00,365/AG19,86.0,167982.00,244383.00,51,T3 - BACIA DO TEJO-SADO / MARGEM ESQUERDA,,FAZENDAS DE ALMEIRIM,2025-07-17 14:15:53.356564+00
1744,2006-11-09 00:00:00+00,365/AG25,86.0,166194.00,242603.00,50,T3 - BACIA DO TEJO-SADO / MARGEM ESQUERDA,,FAZENDAS DE ALMEIRIM,2025-07-17 14:15:53.356564+00
1745,2007-03-27 00:00:00+00,365/AG25,88.56,166194.00,242603.00,50,T3 - BACIA DO TEJO-SADO / MARGEM ESQUERDA,,FAZENDAS DE ALMEIRIM,2025-07-17 14:15:53.356564+00
1746,2008-04-07 00:00:00+00,365/AG25,180.0,166194.00,242603.00,50,T3 - BACIA DO TEJO-SADO / MARGEM ESQUERDA,,FAZENDAS DE ALMEIRIM,2025-07-17 14:15:53.356564+00
1747,2008-10-22 00:00:00+00,365/AG25,170.0,166194.00,242603.00,50,T3 - BACIA DO TEJO-SADO / MARGEM ESQUERDA,,FAZENDAS DE ALMEIRIM,2025-07-17 14:15:53.356564+00
1748,2009-06-29 00:00:00+00,365/AG25,186.06,166194.00,242603.00,50,T3 - BACIA DO TEJO-SADO / MARGEM ESQUERDA,,FAZENDAS DE ALMEIRIM,2025-07-17 14:15:53.356564+00
1749,2009-10-26 00:00:00+00,365/AG25,88.6,166194.00,242603.00,50,T3 - BACIA DO TEJO-SADO / MARGEM ESQUERDA,,FAZENDAS DE ALMEIRIM,2025-07-17 14:15:53.356564+00
1750,2010-07-14 11:10:00+00,365/AG25,170.0,166194.00,242603.00,50,T3 - BACIA DO TEJO-SADO / MARGEM ESQUERDA,,FAZENDAS DE ALMEIRIM,2025-07-17 14:15:53.356564+00
1751,2011-02-14 14:30:00+00,365/AG25,130.0,166194.00,242603.00,50,T3 - BACIA DO TEJO-SADO / MARGEM ESQUERDA,,FAZENDAS DE ALMEIRIM,2025-07-17 14:15:53.356564+00
1752,2012-11-12 10:00:00+00,365/AG25,160.0,166194.00,242603.00,50,T3 - BACIA DO TEJO-SADO / MARGEM ESQUERDA,,FAZENDAS DE ALMEIRIM,2025-07-17 14:15:53.356564+00
1753,2013-03-11 10:10:00+00,365/AG25,110.0,166194.00,242603.00,50,T3 - BACIA DO TEJO-SADO / MARGEM ESQUERDA,,FAZENDAS DE ALMEIRIM,2025-07-17 14:15:53.356564+00
1754,2013-11-18 10:00:00+00,365/AG25,44.0,166194.00,242603.00,50,T3 - BACIA DO TEJO-SADO / MARGEM ESQUERDA,,FAZENDAS DE ALMEIRIM,2025-07-17 14:15:53.356564+00
1755,2014-03-10 11:00:00+00,365/AG25,110.0,166194.00,242603.00,50,T3 - BACIA DO TEJO-SADO / MARGEM ESQUERDA,,FAZENDAS DE ALMEIRIM,2025-07-17 14:15:53.356564+00
1756,2014-10-08 10:15:00+00,365/AG25,77.0,166194.00,242603.00,50,T3 - BACIA DO TEJO-SADO / MARGEM ESQUERDA,,FAZENDAS DE ALMEIRIM,2025-07-17 14:15:53.356564+00
1757,2015-03-03 10:20:00+00,365/AG25,100.0,166194.00,242603.00,50,T3 - BACIA DO TEJO-SADO / MARGEM ESQUERDA,,FAZENDAS DE ALMEIRIM,2025-07-17 14:15:53.356564+00
1758,2007-03-13 00:00:00+00,330/187,2.26,176820.00,275630.00,,T7 - ALUVIÕES DO TEJO,,CARREGUEIRA,2025-07-17 14:15:53.356564+00
1759,2015-10-07 09:45:00+00,365/AG25,110.0,166194.00,242603.00,50,T3 - BACIA DO TEJO-SADO / MARGEM ESQUERDA,,FAZENDAS DE ALMEIRIM,2025-07-17 14:15:53.356564+00
1760,2016-03-01 09:55:00+00,365/AG25,200.0,166194.00,242603.00,50,T3 - BACIA DO TEJO-SADO / MARGEM ESQUERDA,,FAZENDAS DE ALMEIRIM,2025-07-17 14:15:53.356564+00
1761,2016-10-10 09:50:00+00,365/AG25,110.0,166194.00,242603.00,50,T3 - BACIA DO TEJO-SADO / MARGEM ESQUERDA,,FAZENDAS DE ALMEIRIM,2025-07-17 14:15:53.356564+00
1762,2017-04-18 09:50:00+00,365/AG25,150.0,166194.00,242603.00,50,T3 - BACIA DO TEJO-SADO / MARGEM ESQUERDA,,FAZENDAS DE ALMEIRIM,2025-07-17 14:15:53.356564+00
1763,2017-10-23 10:45:00+00,365/AG25,120.0,166194.00,242603.00,50,T3 - BACIA DO TEJO-SADO / MARGEM ESQUERDA,,FAZENDAS DE ALMEIRIM,2025-07-17 14:15:53.356564+00
1764,2018-04-17 09:30:00+00,365/AG25,340.0,166194.00,242603.00,50,T3 - BACIA DO TEJO-SADO / MARGEM ESQUERDA,,FAZENDAS DE ALMEIRIM,2025-07-17 14:15:53.356564+00
1765,2018-10-03 09:50:00+00,365/AG25,140.0,166194.00,242603.00,50,T3 - BACIA DO TEJO-SADO / MARGEM ESQUERDA,,FAZENDAS DE ALMEIRIM,2025-07-17 14:15:53.356564+00
1766,2019-03-11 09:55:00+00,365/AG25,130.0,166194.00,242603.00,50,T3 - BACIA DO TEJO-SADO / MARGEM ESQUERDA,,FAZENDAS DE ALMEIRIM,2025-07-17 14:15:53.356564+00
1767,2019-11-13 10:05:00+00,365/AG25,140.0,166194.00,242603.00,50,T3 - BACIA DO TEJO-SADO / MARGEM ESQUERDA,,FAZENDAS DE ALMEIRIM,2025-07-17 14:15:53.356564+00
1768,2020-03-03 10:20:00+00,365/AG25,320.0,166194.00,242603.00,50,T3 - BACIA DO TEJO-SADO / MARGEM ESQUERDA,,FAZENDAS DE ALMEIRIM,2025-07-17 14:15:53.356564+00
1769,2020-10-14 10:00:00+00,365/AG25,430.0,166194.00,242603.00,50,T3 - BACIA DO TEJO-SADO / MARGEM ESQUERDA,,FAZENDAS DE ALMEIRIM,2025-07-17 14:15:53.356564+00
1770,2021-02-17 10:05:00+00,365/AG25,230.0,166194.00,242603.00,50,T3 - BACIA DO TEJO-SADO / MARGEM ESQUERDA,,FAZENDAS DE ALMEIRIM,2025-07-17 14:15:53.356564+00
1771,2021-09-28 09:50:00+00,365/AG25,160.0,166194.00,242603.00,50,T3 - BACIA DO TEJO-SADO / MARGEM ESQUERDA,,FAZENDAS DE ALMEIRIM,2025-07-17 14:15:53.356564+00
1772,2022-03-15 10:50:00+00,365/AG25,170.0,166194.00,242603.00,50,T3 - BACIA DO TEJO-SADO / MARGEM ESQUERDA,,FAZENDAS DE ALMEIRIM,2025-07-17 14:15:53.356564+00
1773,2022-09-27 10:10:00+00,365/AG25,230.0,166194.00,242603.00,50,T3 - BACIA DO TEJO-SADO / MARGEM ESQUERDA,,FAZENDAS DE ALMEIRIM,2025-07-17 14:15:53.356564+00
1774,2017-03-13 00:09:00+00,330/233,93.0,170250.00,273470.00,,T7 - ALUVIÕES DO TEJO,,,2025-07-17 14:15:53.356564+00
1775,2023-03-08 10:00:00+00,365/AG25,240.0,166194.00,242603.00,50,T3 - BACIA DO TEJO-SADO / MARGEM ESQUERDA,,FAZENDAS DE ALMEIRIM,2025-07-17 14:15:53.356564+00
1776,2023-10-02 09:55:00+00,365/AG25,120.0,166194.00,242603.00,50,T3 - BACIA DO TEJO-SADO / MARGEM ESQUERDA,,FAZENDAS DE ALMEIRIM,2025-07-17 14:15:53.356564+00
1821,2000-03-27 00:00:00+00,377/236,0.62,150150.00,237050.00,,T3 - BACIA DO TEJO-SADO / MARGEM ESQUERDA,,MUGE,2025-07-17 14:15:53.356564+00
1822,2001-04-16 12:30:00+00,377/236,0.55,150150.00,237050.00,,T3 - BACIA DO TEJO-SADO / MARGEM ESQUERDA,,MUGE,2025-07-17 14:15:53.356564+00
1823,2001-10-10 14:45:00+00,377/236,1.82,150150.00,237050.00,,T3 - BACIA DO TEJO-SADO / MARGEM ESQUERDA,,MUGE,2025-07-17 14:15:53.356564+00
1824,2002-04-08 00:00:00+00,377/236,1.32,150150.00,237050.00,,T3 - BACIA DO TEJO-SADO / MARGEM ESQUERDA,,MUGE,2025-07-17 14:15:53.356564+00
1825,2002-10-22 00:00:00+00,377/236,0.84,150150.00,237050.00,,T3 - BACIA DO TEJO-SADO / MARGEM ESQUERDA,,MUGE,2025-07-17 14:15:53.356564+00
1826,2003-04-09 00:00:00+00,377/236,1.41,150150.00,237050.00,,T3 - BACIA DO TEJO-SADO / MARGEM ESQUERDA,,MUGE,2025-07-17 14:15:53.356564+00
1827,2003-11-10 00:00:00+00,377/236,2.2,150150.00,237050.00,,T3 - BACIA DO TEJO-SADO / MARGEM ESQUERDA,,MUGE,2025-07-17 14:15:53.356564+00
1828,2005-04-04 00:00:00+00,377/236,2.6,150150.00,237050.00,,T3 - BACIA DO TEJO-SADO / MARGEM ESQUERDA,,MUGE,2025-07-17 14:15:53.356564+00
1829,2005-11-03 00:00:00+00,377/236,0.9,150150.00,237050.00,,T3 - BACIA DO TEJO-SADO / MARGEM ESQUERDA,,MUGE,2025-07-17 14:15:53.356564+00
1830,2006-04-10 00:00:00+00,377/236,2.1,150150.00,237050.00,,T3 - BACIA DO TEJO-SADO / MARGEM ESQUERDA,,MUGE,2025-07-17 14:15:53.356564+00
1831,2006-10-24 00:00:00+00,377/236,3.3,150150.00,237050.00,,T3 - BACIA DO TEJO-SADO / MARGEM ESQUERDA,,MUGE,2025-07-17 14:15:53.356564+00
1832,2007-11-15 00:00:00+00,377/236,2.1,150150.00,237050.00,,T3 - BACIA DO TEJO-SADO / MARGEM ESQUERDA,,MUGE,2025-07-17 14:15:53.832522+00
1833,2008-04-14 00:00:00+00,377/236,0.89,150150.00,237050.00,,T3 - BACIA DO TEJO-SADO / MARGEM ESQUERDA,,MUGE,2025-07-17 14:15:53.832522+00
1834,2008-10-29 00:00:00+00,377/236,3.0,150150.00,237050.00,,T3 - BACIA DO TEJO-SADO / MARGEM ESQUERDA,,MUGE,2025-07-17 14:15:53.832522+00
1835,2009-04-27 00:00:00+00,377/236,3.5,150150.00,237050.00,,T3 - BACIA DO TEJO-SADO / MARGEM ESQUERDA,,MUGE,2025-07-17 14:15:53.832522+00
1836,2009-09-23 00:00:00+00,377/236,3.4,150150.00,237050.00,,T3 - BACIA DO TEJO-SADO / MARGEM ESQUERDA,,MUGE,2025-07-17 14:15:53.832522+00
1837,2010-07-12 09:45:00+00,377/236,10.0,150150.00,237050.00,,T3 - BACIA DO TEJO-SADO / MARGEM ESQUERDA,,MUGE,2025-07-17 14:15:53.832522+00
1849,2000-03-27 00:00:00+00,378/57,0.75,152550.00,231100.00,,T3 - BACIA DO TEJO-SADO / MARGEM ESQUERDA,,MARINHAIS,2025-07-17 14:15:53.832522+00
1850,2000-10-16 00:00:00+00,378/57,2.7,152550.00,231100.00,,T3 - BACIA DO TEJO-SADO / MARGEM ESQUERDA,,MARINHAIS,2025-07-17 14:15:53.832522+00
1851,2001-04-16 00:00:00+00,378/57,1.24,152550.00,231100.00,,T3 - BACIA DO TEJO-SADO / MARGEM ESQUERDA,,MARINHAIS,2025-07-17 14:15:53.832522+00
1852,2001-10-10 00:00:00+00,378/57,2.04,152550.00,231100.00,,T3 - BACIA DO TEJO-SADO / MARGEM ESQUERDA,,MARINHAIS,2025-07-17 14:15:53.832522+00
1853,2002-04-08 00:00:00+00,378/57,2.84,152550.00,231100.00,,T3 - BACIA DO TEJO-SADO / MARGEM ESQUERDA,,MARINHAIS,2025-07-17 14:15:53.832522+00
1854,2002-10-22 00:00:00+00,378/57,3.01,152550.00,231100.00,,T3 - BACIA DO TEJO-SADO / MARGEM ESQUERDA,,MARINHAIS,2025-07-17 14:15:53.832522+00
1855,2003-04-09 00:00:00+00,378/57,1.37,152550.00,231100.00,,T3 - BACIA DO TEJO-SADO / MARGEM ESQUERDA,,MARINHAIS,2025-07-17 14:15:53.832522+00
1856,2004-10-11 00:00:00+00,378/57,1.728,152550.00,231100.00,,T3 - BACIA DO TEJO-SADO / MARGEM ESQUERDA,,MARINHAIS,2025-07-17 14:15:53.832522+00
1857,2005-05-03 00:00:00+00,378/57,1.82,152550.00,231100.00,,T3 - BACIA DO TEJO-SADO / MARGEM ESQUERDA,,MARINHAIS,2025-07-17 14:15:53.832522+00
1858,2005-11-03 00:00:00+00,378/57,1.24,152550.00,231100.00,,T3 - BACIA DO TEJO-SADO / MARGEM ESQUERDA,,MARINHAIS,2025-07-17 14:15:53.832522+00
1859,2006-04-10 00:00:00+00,378/57,3.94,152550.00,231100.00,,T3 - BACIA DO TEJO-SADO / MARGEM ESQUERDA,,MARINHAIS,2025-07-17 14:15:53.832522+00
1860,2006-10-24 00:00:00+00,378/57,1.6,152550.00,231100.00,,T3 - BACIA DO TEJO-SADO / MARGEM ESQUERDA,,MARINHAIS,2025-07-17 14:15:53.832522+00
1861,2007-03-20 00:00:00+00,378/57,1.77,152550.00,231100.00,,T3 - BACIA DO TEJO-SADO / MARGEM ESQUERDA,,MARINHAIS,2025-07-17 14:15:53.832522+00
1862,2007-11-15 00:00:00+00,378/57,3.99,152550.00,231100.00,,T3 - BACIA DO TEJO-SADO / MARGEM ESQUERDA,,MARINHAIS,2025-07-17 14:15:53.832522+00
1863,2008-04-14 00:00:00+00,378/57,1.8,152550.00,231100.00,,T3 - BACIA DO TEJO-SADO / MARGEM ESQUERDA,,MARINHAIS,2025-07-17 14:15:53.832522+00
1864,2008-10-29 00:00:00+00,378/57,1.99,152550.00,231100.00,,T3 - BACIA DO TEJO-SADO / MARGEM ESQUERDA,,MARINHAIS,2025-07-17 14:15:53.832522+00
1865,2009-04-27 00:00:00+00,378/57,1.063,152550.00,231100.00,,T3 - BACIA DO TEJO-SADO / MARGEM ESQUERDA,,MARINHAIS,2025-07-17 14:15:53.832522+00
1866,2009-09-23 00:00:00+00,378/57,1.905,152550.00,231100.00,,T3 - BACIA DO TEJO-SADO / MARGEM ESQUERDA,,MARINHAIS,2025-07-17 14:15:53.832522+00
1867,2010-07-12 10:20:00+00,378/57,3.0,152550.00,231100.00,,T3 - BACIA DO TEJO-SADO / MARGEM ESQUERDA,,MARINHAIS,2025-07-17 14:15:53.832522+00
1868,2011-03-29 10:20:00+00,378/57,3.0,152550.00,231100.00,,T3 - BACIA DO TEJO-SADO / MARGEM ESQUERDA,,MARINHAIS,2025-07-17 14:15:53.832522+00
1869,2012-12-05 10:45:00+00,378/57,2.2,152550.00,231100.00,,T3 - BACIA DO TEJO-SADO / MARGEM ESQUERDA,,MARINHAIS,2025-07-17 14:15:53.832522+00
1883,2000-03-27 00:00:00+00,378/63,0.22,161400.00,238350.00,,T3 - BACIA DO TEJO-SADO / MARGEM ESQUERDA,,RAPOSA,2025-07-17 14:15:53.832522+00
1884,2000-10-16 00:00:00+00,378/63,1.55,161400.00,238350.00,,T3 - BACIA DO TEJO-SADO / MARGEM ESQUERDA,,RAPOSA,2025-07-17 14:15:53.832522+00
1885,2001-04-16 00:00:00+00,378/63,0.22,161400.00,238350.00,,T3 - BACIA DO TEJO-SADO / MARGEM ESQUERDA,,RAPOSA,2025-07-17 14:15:53.832522+00
1886,2001-10-10 00:00:00+00,378/63,9.26,161400.00,238350.00,,T3 - BACIA DO TEJO-SADO / MARGEM ESQUERDA,,RAPOSA,2025-07-17 14:15:53.832522+00
1887,2002-04-10 00:00:00+00,378/63,0.3,161400.00,238350.00,,T3 - BACIA DO TEJO-SADO / MARGEM ESQUERDA,,RAPOSA,2025-07-17 14:15:53.832522+00
1888,2002-10-22 00:00:00+00,378/63,0.84,161400.00,238350.00,,T3 - BACIA DO TEJO-SADO / MARGEM ESQUERDA,,RAPOSA,2025-07-17 14:15:53.832522+00
1889,2003-04-15 00:00:00+00,378/63,0.84,161400.00,238350.00,,T3 - BACIA DO TEJO-SADO / MARGEM ESQUERDA,,RAPOSA,2025-07-17 14:15:53.832522+00
1890,2003-11-10 00:00:00+00,378/63,0.66,161400.00,238350.00,,T3 - BACIA DO TEJO-SADO / MARGEM ESQUERDA,,RAPOSA,2025-07-17 14:15:53.832522+00
1891,2004-04-06 00:00:00+00,378/63,15.46,161400.00,238350.00,,T3 - BACIA DO TEJO-SADO / MARGEM ESQUERDA,,RAPOSA,2025-07-17 14:15:53.832522+00
1892,2004-10-11 00:00:00+00,378/63,3.234,161400.00,238350.00,,T3 - BACIA DO TEJO-SADO / MARGEM ESQUERDA,,RAPOSA,2025-07-17 14:15:53.832522+00
1893,2005-04-04 00:00:00+00,378/63,0.66,161400.00,238350.00,,T3 - BACIA DO TEJO-SADO / MARGEM ESQUERDA,,RAPOSA,2025-07-17 14:15:53.832522+00
1894,2005-11-03 00:00:00+00,378/63,0.9,161400.00,238350.00,,T3 - BACIA DO TEJO-SADO / MARGEM ESQUERDA,,RAPOSA,2025-07-17 14:15:53.832522+00
1895,2006-04-10 00:00:00+00,378/63,1.15,161400.00,238350.00,,T3 - BACIA DO TEJO-SADO / MARGEM ESQUERDA,,RAPOSA,2025-07-17 14:15:53.832522+00
1896,2006-10-23 00:00:00+00,378/63,0.93,161400.00,238350.00,,T3 - BACIA DO TEJO-SADO / MARGEM ESQUERDA,,RAPOSA,2025-07-17 14:15:53.832522+00
1897,2007-03-27 00:00:00+00,378/63,0.84,161400.00,238350.00,,T3 - BACIA DO TEJO-SADO / MARGEM ESQUERDA,,RAPOSA,2025-07-17 14:15:53.832522+00
1898,2007-11-14 00:00:00+00,378/63,0.82,161400.00,238350.00,,T3 - BACIA DO TEJO-SADO / MARGEM ESQUERDA,,RAPOSA,2025-07-17 14:15:53.832522+00
1899,2008-04-07 00:00:00+00,378/63,0.84,161400.00,238350.00,,T3 - BACIA DO TEJO-SADO / MARGEM ESQUERDA,,RAPOSA,2025-07-17 14:15:53.832522+00
1900,2008-10-22 00:00:00+00,378/63,0.84,161400.00,238350.00,,T3 - BACIA DO TEJO-SADO / MARGEM ESQUERDA,,RAPOSA,2025-07-17 14:15:53.832522+00
1901,2009-06-29 00:00:00+00,378/63,0.886,161400.00,238350.00,,T3 - BACIA DO TEJO-SADO / MARGEM ESQUERDA,,RAPOSA,2025-07-17 14:15:53.832522+00
1902,2009-10-26 00:00:00+00,378/63,0.886,161400.00,238350.00,,T3 - BACIA DO TEJO-SADO / MARGEM ESQUERDA,,RAPOSA,2025-07-17 14:15:53.832522+00
1903,2010-07-14 10:00:00+00,378/63,2.000,161400.00,238350.00,,T3 - BACIA DO TEJO-SADO / MARGEM ESQUERDA,,RAPOSA,2025-07-17 14:15:53.832522+00
1904,2011-02-14 15:50:00+00,378/63,11.0,161400.00,238350.00,,T3 - BACIA DO TEJO-SADO / MARGEM ESQUERDA,,RAPOSA,2025-07-17 14:15:53.832522+00
1905,2012-11-12 09:45:00+00,378/63,0.890,161400.00,238350.00,,T3 - BACIA DO TEJO-SADO / MARGEM ESQUERDA,,RAPOSA,2025-07-17 14:15:53.832522+00
1906,2013-11-18 08:50:00+00,378/63,31.0,161400.00,238350.00,,T3 - BACIA DO TEJO-SADO / MARGEM ESQUERDA,,RAPOSA,2025-07-17 14:15:53.832522+00
1907,2014-03-10 09:50:00+00,378/63,20.0,161400.00,238350.00,,T3 - BACIA DO TEJO-SADO / MARGEM ESQUERDA,,RAPOSA,2025-07-17 14:15:53.832522+00
1908,2014-10-08 09:30:00+00,378/63,6.8,161400.00,238350.00,,T3 - BACIA DO TEJO-SADO / MARGEM ESQUERDA,,RAPOSA,2025-07-17 14:15:53.832522+00
1909,2015-03-03 09:30:00+00,378/63,26.0,161400.00,238350.00,,T3 - BACIA DO TEJO-SADO / MARGEM ESQUERDA,,RAPOSA,2025-07-17 14:15:53.832522+00
1910,2015-10-07 09:25:00+00,378/63,19.0,161400.00,238350.00,,T3 - BACIA DO TEJO-SADO / MARGEM ESQUERDA,,RAPOSA,2025-07-17 14:15:53.832522+00
1911,2016-03-01 09:35:00+00,378/63,17.0,161400.00,238350.00,,T3 - BACIA DO TEJO-SADO / MARGEM ESQUERDA,,RAPOSA,2025-07-17 14:15:53.832522+00
1912,2016-10-10 09:30:00+00,378/63,14.0,161400.00,238350.00,,T3 - BACIA DO TEJO-SADO / MARGEM ESQUERDA,,RAPOSA,2025-07-17 14:15:53.832522+00
1913,2017-04-18 09:30:00+00,378/63,18.0,161400.00,238350.00,,T3 - BACIA DO TEJO-SADO / MARGEM ESQUERDA,,RAPOSA,2025-07-17 14:15:53.832522+00
1914,2017-10-23 10:25:00+00,378/63,21.0,161400.00,238350.00,,T3 - BACIA DO TEJO-SADO / MARGEM ESQUERDA,,RAPOSA,2025-07-17 14:15:53.832522+00
1915,2018-04-17 11:03:00+00,378/63,14.0,161400.00,238350.00,,T3 - BACIA DO TEJO-SADO / MARGEM ESQUERDA,,RAPOSA,2025-07-17 14:15:53.832522+00
1916,2018-10-03 09:30:00+00,378/63,12.0,161400.00,238350.00,,T3 - BACIA DO TEJO-SADO / MARGEM ESQUERDA,,RAPOSA,2025-07-17 14:15:53.832522+00
1917,2019-03-11 09:30:00+00,378/63,15.0,161400.00,238350.00,,T3 - BACIA DO TEJO-SADO / MARGEM ESQUERDA,,RAPOSA,2025-07-17 14:15:53.832522+00
1918,2019-11-13 09:45:00+00,378/63,15.0,161400.00,238350.00,,T3 - BACIA DO TEJO-SADO / MARGEM ESQUERDA,,RAPOSA,2025-07-17 14:15:53.832522+00
1919,2020-03-03 10:00:00+00,378/63,16.0,161400.00,238350.00,,T3 - BACIA DO TEJO-SADO / MARGEM ESQUERDA,,RAPOSA,2025-07-17 14:15:53.832522+00
1920,2020-10-14 09:45:00+00,378/63,14.0,161400.00,238350.00,,T3 - BACIA DO TEJO-SADO / MARGEM ESQUERDA,,RAPOSA,2025-07-17 14:15:53.832522+00
1921,2021-02-17 09:40:00+00,378/63,15.0,161400.00,238350.00,,T3 - BACIA DO TEJO-SADO / MARGEM ESQUERDA,,RAPOSA,2025-07-17 14:15:53.832522+00
1922,2021-09-28 09:30:00+00,378/63,15.0,161400.00,238350.00,,T3 - BACIA DO TEJO-SADO / MARGEM ESQUERDA,,RAPOSA,2025-07-17 14:15:53.832522+00
1923,2022-03-15 09:45:00+00,378/63,16.0,161400.00,238350.00,,T3 - BACIA DO TEJO-SADO / MARGEM ESQUERDA,,RAPOSA,2025-07-17 14:15:53.832522+00
1924,2022-09-27 09:50:00+00,378/63,15.0,161400.00,238350.00,,T3 - BACIA DO TEJO-SADO / MARGEM ESQUERDA,,RAPOSA,2025-07-17 14:15:53.832522+00
1925,2023-03-08 09:35:00+00,378/63,18.0,161400.00,238350.00,,T3 - BACIA DO TEJO-SADO / MARGEM ESQUERDA,,RAPOSA,2025-07-17 14:15:53.832522+00
1926,2023-10-02 09:30:00+00,378/63,15.0,161400.00,238350.00,,T3 - BACIA DO TEJO-SADO / MARGEM ESQUERDA,,RAPOSA,2025-07-17 14:15:53.832522+00
2019,2006-05-09 00:00:00+00,342/114,110.0,168360.00,268980.00,,T7 - ALUVIÕES DO TEJO,,,2025-07-17 14:15:53.832522+00
2055,2016-01-27 00:00:00+00,390/106,1.000,133919.00,217770.00,,T3 - BACIA DO TEJO-SADO / MARGEM ESQUERDA,,VILA FRANCA DE XIRA,2025-07-17 14:15:53.832522+00
2056,2016-06-30 00:00:00+00,390/106,1.000,133919.00,217770.00,,T3 - BACIA DO TEJO-SADO / MARGEM ESQUERDA,,VILA FRANCA DE XIRA,2025-07-17 14:15:53.832522+00
2057,2017-04-26 00:00:00+00,390/106,1.000,133919.00,217770.00,,T3 - BACIA DO TEJO-SADO / MARGEM ESQUERDA,,VILA FRANCA DE XIRA,2025-07-17 14:15:53.832522+00
2058,2017-10-25 00:00:00+00,390/106,1.000,133919.00,217770.00,,T3 - BACIA DO TEJO-SADO / MARGEM ESQUERDA,,VILA FRANCA DE XIRA,2025-07-17 14:15:53.832522+00
2059,2018-01-24 00:00:00+00,390/106,1.000,133919.00,217770.00,,T3 - BACIA DO TEJO-SADO / MARGEM ESQUERDA,,VILA FRANCA DE XIRA,2025-07-17 14:15:53.832522+00
2060,2018-04-12 00:00:00+00,390/106,1.000,133919.00,217770.00,,T3 - BACIA DO TEJO-SADO / MARGEM ESQUERDA,,VILA FRANCA DE XIRA,2025-07-17 14:15:53.832522+00
2061,2018-10-24 00:00:00+00,390/106,1.000,133919.00,217770.00,,T3 - BACIA DO TEJO-SADO / MARGEM ESQUERDA,,VILA FRANCA DE XIRA,2025-07-17 14:15:53.832522+00
2062,2019-02-27 00:00:00+00,390/106,1.000,133919.00,217770.00,,T3 - BACIA DO TEJO-SADO / MARGEM ESQUERDA,,VILA FRANCA DE XIRA,2025-07-17 14:15:53.832522+00
2063,2019-04-24 00:00:00+00,390/106,1.000,133919.00,217770.00,,T3 - BACIA DO TEJO-SADO / MARGEM ESQUERDA,,VILA FRANCA DE XIRA,2025-07-17 14:15:53.832522+00
2064,2019-10-23 00:00:00+00,390/106,1.000,133919.00,217770.00,,T3 - BACIA DO TEJO-SADO / MARGEM ESQUERDA,,VILA FRANCA DE XIRA,2025-07-17 14:15:53.832522+00
2065,2020-06-17 00:00:00+00,390/106,1.000,133919.00,217770.00,,T3 - BACIA DO TEJO-SADO / MARGEM ESQUERDA,,VILA FRANCA DE XIRA,2025-07-17 14:15:53.832522+00
2066,2020-09-16 00:00:00+00,390/106,1.000,133919.00,217770.00,,T3 - BACIA DO TEJO-SADO / MARGEM ESQUERDA,,VILA FRANCA DE XIRA,2025-07-17 14:15:53.832522+00
2067,2022-04-28 00:00:00+00,390/106,1.000,133919.00,217770.00,,T3 - BACIA DO TEJO-SADO / MARGEM ESQUERDA,,VILA FRANCA DE XIRA,2025-07-17 14:15:53.832522+00
2068,2022-10-26 00:00:00+00,390/106,1.000,133919.00,217770.00,,T3 - BACIA DO TEJO-SADO / MARGEM ESQUERDA,,VILA FRANCA DE XIRA,2025-07-17 14:15:53.832522+00
2069,2023-04-26 00:00:00+00,390/106,1.000,133919.00,217770.00,,T3 - BACIA DO TEJO-SADO / MARGEM ESQUERDA,,VILA FRANCA DE XIRA,2025-07-17 14:15:53.832522+00
2070,2016-04-13 00:00:00+00,390/116,1.000,133220.00,222600.00,2,T3 - BACIA DO TEJO-SADO / MARGEM ESQUERDA,,VILA FRANCA DE XIRA,2025-07-17 14:15:53.832522+00
2071,2017-10-11 00:00:00+00,390/116,1.000,133220.00,222600.00,2,T3 - BACIA DO TEJO-SADO / MARGEM ESQUERDA,,VILA FRANCA DE XIRA,2025-07-17 14:15:53.832522+00
2072,2018-04-11 00:00:00+00,390/116,1.000,133220.00,222600.00,2,T3 - BACIA DO TEJO-SADO / MARGEM ESQUERDA,,VILA FRANCA DE XIRA,2025-07-17 14:15:53.832522+00
2073,2018-10-17 00:00:00+00,390/116,1.000,133220.00,222600.00,2,T3 - BACIA DO TEJO-SADO / MARGEM ESQUERDA,,VILA FRANCA DE XIRA,2025-07-17 14:15:53.832522+00
2074,2019-02-13 00:00:00+00,390/116,1.000,133220.00,222600.00,2,T3 - BACIA DO TEJO-SADO / MARGEM ESQUERDA,,VILA FRANCA DE XIRA,2025-07-17 14:15:53.832522+00
2075,2019-10-09 00:00:00+00,390/116,1.000,133220.00,222600.00,2,T3 - BACIA DO TEJO-SADO / MARGEM ESQUERDA,,VILA FRANCA DE XIRA,2025-07-17 14:15:53.832522+00
2076,2020-06-17 00:00:00+00,390/116,1.000,133220.00,222600.00,2,T3 - BACIA DO TEJO-SADO / MARGEM ESQUERDA,,VILA FRANCA DE XIRA,2025-07-17 14:15:53.832522+00
2077,2020-09-28 00:00:00+00,390/116,1.000,133220.00,222600.00,2,T3 - BACIA DO TEJO-SADO / MARGEM ESQUERDA,,VILA FRANCA DE XIRA,2025-07-17 14:15:53.832522+00
2078,2022-04-21 00:00:00+00,390/116,1.000,133220.00,222600.00,2,T3 - BACIA DO TEJO-SADO / MARGEM ESQUERDA,,VILA FRANCA DE XIRA,2025-07-17 14:15:53.832522+00
2079,2022-10-12 00:00:00+00,390/116,1.000,133220.00,222600.00,2,T3 - BACIA DO TEJO-SADO / MARGEM ESQUERDA,,VILA FRANCA DE XIRA,2025-07-17 14:15:53.832522+00
2080,2023-04-12 00:00:00+00,390/116,1.000,133220.00,222600.00,2,T3 - BACIA DO TEJO-SADO / MARGEM ESQUERDA,,VILA FRANCA DE XIRA,2025-07-17 14:15:53.832522+00
2081,2016-03-16 00:00:00+00,390/125,1.000,132573.00,222106.00,2,T3 - BACIA DO TEJO-SADO / MARGEM ESQUERDA,,VILA FRANCA DE XIRA,2025-07-17 14:15:53.832522+00
2082,2016-10-12 00:00:00+00,390/125,1.000,132573.00,222106.00,2,T3 - BACIA DO TEJO-SADO / MARGEM ESQUERDA,,VILA FRANCA DE XIRA,2025-07-17 14:15:53.832522+00
2083,2017-04-19 00:00:00+00,390/125,1.000,132573.00,222106.00,2,T3 - BACIA DO TEJO-SADO / MARGEM ESQUERDA,,VILA FRANCA DE XIRA,2025-07-17 14:15:53.832522+00
2084,2017-10-18 00:00:00+00,390/125,1.000,132573.00,222106.00,2,T3 - BACIA DO TEJO-SADO / MARGEM ESQUERDA,,VILA FRANCA DE XIRA,2025-07-17 14:15:53.832522+00
2085,2018-01-17 00:00:00+00,390/125,1.000,132573.00,222106.00,2,T3 - BACIA DO TEJO-SADO / MARGEM ESQUERDA,,VILA FRANCA DE XIRA,2025-07-17 14:15:53.832522+00
2086,2018-04-18 00:00:00+00,390/125,1.000,132573.00,222106.00,2,T3 - BACIA DO TEJO-SADO / MARGEM ESQUERDA,,VILA FRANCA DE XIRA,2025-07-17 14:15:53.832522+00
2087,2018-10-10 00:00:00+00,390/125,1.000,132573.00,222106.00,2,T3 - BACIA DO TEJO-SADO / MARGEM ESQUERDA,,VILA FRANCA DE XIRA,2025-07-17 14:15:53.832522+00
2088,2019-04-17 00:00:00+00,390/125,1.000,132573.00,222106.00,2,T3 - BACIA DO TEJO-SADO / MARGEM ESQUERDA,,VILA FRANCA DE XIRA,2025-07-17 14:15:53.832522+00
2089,2019-10-09 00:00:00+00,390/125,1.000,132573.00,222106.00,2,T3 - BACIA DO TEJO-SADO / MARGEM ESQUERDA,,VILA FRANCA DE XIRA,2025-07-17 14:15:53.832522+00
2090,2020-06-02 00:00:00+00,390/125,1.000,132573.00,222106.00,2,T3 - BACIA DO TEJO-SADO / MARGEM ESQUERDA,,VILA FRANCA DE XIRA,2025-07-17 14:15:53.832522+00
2091,2020-09-24 00:00:00+00,390/125,1.000,132573.00,222106.00,2,T3 - BACIA DO TEJO-SADO / MARGEM ESQUERDA,,VILA FRANCA DE XIRA,2025-07-17 14:15:53.832522+00
2092,2022-04-20 00:00:00+00,390/125,1.000,132573.00,222106.00,2,T3 - BACIA DO TEJO-SADO / MARGEM ESQUERDA,,VILA FRANCA DE XIRA,2025-07-17 14:15:53.832522+00
2093,2022-10-19 00:00:00+00,390/125,1.000,132573.00,222106.00,2,T3 - BACIA DO TEJO-SADO / MARGEM ESQUERDA,,VILA FRANCA DE XIRA,2025-07-17 14:15:53.832522+00
2094,2023-04-17 00:00:00+00,390/125,1.000,132573.00,222106.00,2,T3 - BACIA DO TEJO-SADO / MARGEM ESQUERDA,,VILA FRANCA DE XIRA,2025-07-17 14:15:53.832522+00
2095,2016-03-09 00:00:00+00,390/95,1.000,133310.00,222676.00,2,T3 - BACIA DO TEJO-SADO / MARGEM ESQUERDA,,VILA FRANCA DE XIRA,2025-07-17 14:15:53.832522+00
2096,2016-09-14 00:00:00+00,390/95,1.000,133310.00,222676.00,2,T3 - BACIA DO TEJO-SADO / MARGEM ESQUERDA,,VILA FRANCA DE XIRA,2025-07-17 14:15:53.832522+00
2097,2017-04-12 00:00:00+00,390/95,1.000,133310.00,222676.00,2,T3 - BACIA DO TEJO-SADO / MARGEM ESQUERDA,,VILA FRANCA DE XIRA,2025-07-17 14:15:53.832522+00
2098,2017-10-11 00:00:00+00,390/95,1.000,133310.00,222676.00,2,T3 - BACIA DO TEJO-SADO / MARGEM ESQUERDA,,VILA FRANCA DE XIRA,2025-07-17 14:15:53.832522+00
2099,2018-04-11 00:00:00+00,390/95,1.000,133310.00,222676.00,2,T3 - BACIA DO TEJO-SADO / MARGEM ESQUERDA,,VILA FRANCA DE XIRA,2025-07-17 14:15:53.832522+00
2100,2018-10-17 00:00:00+00,390/95,1.000,133310.00,222676.00,2,T3 - BACIA DO TEJO-SADO / MARGEM ESQUERDA,,VILA FRANCA DE XIRA,2025-07-17 14:15:53.832522+00
2101,2019-02-13 00:00:00+00,390/95,1.000,133310.00,222676.00,2,T3 - BACIA DO TEJO-SADO / MARGEM ESQUERDA,,VILA FRANCA DE XIRA,2025-07-17 14:15:53.832522+00
2102,2022-04-21 00:00:00+00,390/95,1.000,133310.00,222676.00,2,T3 - BACIA DO TEJO-SADO / MARGEM ESQUERDA,,VILA FRANCA DE XIRA,2025-07-17 14:15:53.832522+00
2103,2022-10-12 00:00:00+00,390/95,1.000,133310.00,222676.00,2,T3 - BACIA DO TEJO-SADO / MARGEM ESQUERDA,,VILA FRANCA DE XIRA,2025-07-17 14:15:53.832522+00
2104,2000-03-27 00:00:00+00,391/266,0.18,147560.00,225430.00,34,T3 - BACIA DO TEJO-SADO / MARGEM ESQUERDA,,FOROS DE SALVATERRA,2025-07-17 14:15:53.832522+00
2105,2000-10-16 00:00:00+00,391/266,0.18,147560.00,225430.00,34,T3 - BACIA DO TEJO-SADO / MARGEM ESQUERDA,,FOROS DE SALVATERRA,2025-07-17 14:15:53.832522+00
2106,2001-04-16 00:00:00+00,391/266,0.18,147560.00,225430.00,34,T3 - BACIA DO TEJO-SADO / MARGEM ESQUERDA,,FOROS DE SALVATERRA,2025-07-17 14:15:53.832522+00
2107,2002-04-08 00:00:00+00,391/266,0.22,147560.00,225430.00,34,T3 - BACIA DO TEJO-SADO / MARGEM ESQUERDA,,FOROS DE SALVATERRA,2025-07-17 14:15:53.832522+00
2108,2002-10-22 00:00:00+00,391/266,3.96,147560.00,225430.00,34,T3 - BACIA DO TEJO-SADO / MARGEM ESQUERDA,,FOROS DE SALVATERRA,2025-07-17 14:15:53.832522+00
2109,2003-04-09 00:00:00+00,391/266,0.84,147560.00,225430.00,34,T3 - BACIA DO TEJO-SADO / MARGEM ESQUERDA,,FOROS DE SALVATERRA,2025-07-17 14:15:53.832522+00
2110,2003-11-10 00:00:00+00,391/266,0.66,147560.00,225430.00,34,T3 - BACIA DO TEJO-SADO / MARGEM ESQUERDA,,FOROS DE SALVATERRA,2025-07-17 14:15:53.832522+00
2111,2004-10-11 00:00:00+00,391/266,1.55,147560.00,225430.00,34,T3 - BACIA DO TEJO-SADO / MARGEM ESQUERDA,,FOROS DE SALVATERRA,2025-07-17 14:15:53.832522+00
2112,2005-05-03 00:00:00+00,391/266,0.66,147560.00,225430.00,34,T3 - BACIA DO TEJO-SADO / MARGEM ESQUERDA,,FOROS DE SALVATERRA,2025-07-17 14:15:53.832522+00
2113,2006-10-24 00:00:00+00,391/266,0.84,147560.00,225430.00,34,T3 - BACIA DO TEJO-SADO / MARGEM ESQUERDA,,FOROS DE SALVATERRA,2025-07-17 14:15:53.832522+00
2114,2007-11-15 00:00:00+00,391/266,0.84,147560.00,225430.00,34,T3 - BACIA DO TEJO-SADO / MARGEM ESQUERDA,,FOROS DE SALVATERRA,2025-07-17 14:15:53.832522+00
2115,2008-04-14 00:00:00+00,391/266,0.83,147560.00,225430.00,34,T3 - BACIA DO TEJO-SADO / MARGEM ESQUERDA,,FOROS DE SALVATERRA,2025-07-17 14:15:53.832522+00
2116,2008-10-29 00:00:00+00,391/266,0.84,147560.00,225430.00,34,T3 - BACIA DO TEJO-SADO / MARGEM ESQUERDA,,FOROS DE SALVATERRA,2025-07-17 14:15:53.832522+00
2117,2009-04-27 00:00:00+00,391/266,0.886,147560.00,225430.00,34,T3 - BACIA DO TEJO-SADO / MARGEM ESQUERDA,,FOROS DE SALVATERRA,2025-07-17 14:15:53.832522+00
2118,2009-09-23 00:00:00+00,391/266,0.886,147560.00,225430.00,34,T3 - BACIA DO TEJO-SADO / MARGEM ESQUERDA,,FOROS DE SALVATERRA,2025-07-17 14:15:53.832522+00
2119,2010-07-12 10:50:00+00,391/266,4.0,147560.00,225430.00,34,T3 - BACIA DO TEJO-SADO / MARGEM ESQUERDA,,FOROS DE SALVATERRA,2025-07-17 14:15:53.832522+00
2120,2011-03-29 10:45:00+00,391/266,2.000,147560.00,225430.00,34,T3 - BACIA DO TEJO-SADO / MARGEM ESQUERDA,,FOROS DE SALVATERRA,2025-07-17 14:15:53.832522+00
2121,2012-12-05 09:45:00+00,391/266,0.890,147560.00,225430.00,34,T3 - BACIA DO TEJO-SADO / MARGEM ESQUERDA,,FOROS DE SALVATERRA,2025-07-17 14:15:53.832522+00
2122,2000-03-13 00:00:00+00,391/280,0.22,141270.00,223620.00,,T3 - BACIA DO TEJO-SADO / MARGEM ESQUERDA,,BENAVENTE,2025-07-17 14:15:53.832522+00
2123,2000-10-02 00:00:00+00,391/280,0.18,141270.00,223620.00,,T3 - BACIA DO TEJO-SADO / MARGEM ESQUERDA,,BENAVENTE,2025-07-17 14:15:53.832522+00
2124,2001-03-05 00:00:00+00,391/280,0.18,141270.00,223620.00,,T3 - BACIA DO TEJO-SADO / MARGEM ESQUERDA,,BENAVENTE,2025-07-17 14:15:53.832522+00
2125,2001-10-22 00:00:00+00,391/280,0.18,141270.00,223620.00,,T3 - BACIA DO TEJO-SADO / MARGEM ESQUERDA,,BENAVENTE,2025-07-17 14:15:53.832522+00
2126,2002-03-04 00:00:00+00,391/280,0.18,141270.00,223620.00,,T3 - BACIA DO TEJO-SADO / MARGEM ESQUERDA,,BENAVENTE,2025-07-17 14:15:53.832522+00
2127,2002-10-28 00:00:00+00,391/280,0.84,141270.00,223620.00,,T3 - BACIA DO TEJO-SADO / MARGEM ESQUERDA,,BENAVENTE,2025-07-17 14:15:53.832522+00
2128,2003-03-10 00:00:00+00,391/280,0.84,141270.00,223620.00,,T3 - BACIA DO TEJO-SADO / MARGEM ESQUERDA,,BENAVENTE,2025-07-17 14:15:53.832522+00
2129,2004-03-01 00:00:00+00,391/280,0.58,141270.00,223620.00,,T3 - BACIA DO TEJO-SADO / MARGEM ESQUERDA,,BENAVENTE,2025-07-17 14:15:53.832522+00
2130,2004-10-06 00:00:00+00,391/280,1.506,141270.00,223620.00,,T3 - BACIA DO TEJO-SADO / MARGEM ESQUERDA,,BENAVENTE,2025-07-17 14:15:53.832522+00
2131,2005-04-06 00:00:00+00,391/280,0.66,141270.00,223620.00,,T3 - BACIA DO TEJO-SADO / MARGEM ESQUERDA,,BENAVENTE,2025-07-17 14:15:53.832522+00
2132,2005-10-11 00:00:00+00,391/280,0.66,141270.00,223620.00,,T3 - BACIA DO TEJO-SADO / MARGEM ESQUERDA,,BENAVENTE,2025-07-17 14:15:53.832522+00
2133,2006-10-11 00:00:00+00,391/280,0.84,141270.00,223620.00,,T3 - BACIA DO TEJO-SADO / MARGEM ESQUERDA,,BENAVENTE,2025-07-17 14:15:53.832522+00
2134,2007-03-28 00:00:00+00,391/280,0.84,141270.00,223620.00,,T3 - BACIA DO TEJO-SADO / MARGEM ESQUERDA,,BENAVENTE,2025-07-17 14:15:53.832522+00
2135,2007-11-05 00:00:00+00,391/280,0.84,141270.00,223620.00,,T3 - BACIA DO TEJO-SADO / MARGEM ESQUERDA,,BENAVENTE,2025-07-17 14:15:53.832522+00
2136,2011-03-29 14:30:00+00,391/280,2.000,141270.00,223620.00,,T3 - BACIA DO TEJO-SADO / MARGEM ESQUERDA,,BENAVENTE,2025-07-17 14:15:53.832522+00
2137,2006-09-12 00:00:00+00,342/114,130.0,168360.00,268980.00,,T7 - ALUVIÕES DO TEJO,,,2025-07-17 14:15:53.832522+00
2138,2012-05-31 00:00:00+00,391/312,14.0,151239.00,224433.00,41,T3 - BACIA DO TEJO-SADO / MARGEM ESQUERDA,,FOROS DE SALVATERRA,2025-07-17 14:15:53.832522+00
2139,2013-02-20 00:00:00+00,391/312,8.0,151239.00,224433.00,41,T3 - BACIA DO TEJO-SADO / MARGEM ESQUERDA,,FOROS DE SALVATERRA,2025-07-17 14:15:53.832522+00
2140,2013-04-01 09:20:00+00,391/477,0.890,141296.94,223636.03,,T3 - BACIA DO TEJO-SADO / MARGEM ESQUERDA,EM SERVIÇO,BENAVENTE,2025-07-17 14:15:53.832522+00
2141,2013-11-19 14:10:00+00,391/477,2.000,141296.94,223636.03,,T3 - BACIA DO TEJO-SADO / MARGEM ESQUERDA,EM SERVIÇO,BENAVENTE,2025-07-17 14:15:53.832522+00
2142,2014-03-24 09:15:00+00,391/477,0.890,141296.94,223636.03,,T3 - BACIA DO TEJO-SADO / MARGEM ESQUERDA,EM SERVIÇO,BENAVENTE,2025-07-17 14:15:53.832522+00
2143,2014-06-05 00:00:00+00,391/477,1.000,141296.94,223636.03,,T3 - BACIA DO TEJO-SADO / MARGEM ESQUERDA,EM SERVIÇO,BENAVENTE,2025-07-17 14:15:53.832522+00
2144,2014-10-13 08:50:00+00,391/477,0.890,141296.94,223636.03,,T3 - BACIA DO TEJO-SADO / MARGEM ESQUERDA,EM SERVIÇO,BENAVENTE,2025-07-17 14:15:53.832522+00
2145,2015-03-16 11:30:00+00,391/477,0.890,141296.94,223636.03,,T3 - BACIA DO TEJO-SADO / MARGEM ESQUERDA,EM SERVIÇO,BENAVENTE,2025-07-17 14:15:53.832522+00
2146,2015-10-13 11:30:00+00,391/477,0.890,141296.94,223636.03,,T3 - BACIA DO TEJO-SADO / MARGEM ESQUERDA,EM SERVIÇO,BENAVENTE,2025-07-17 14:15:53.832522+00
2147,2016-03-15 11:20:00+00,391/477,0.890,141296.94,223636.03,,T3 - BACIA DO TEJO-SADO / MARGEM ESQUERDA,EM SERVIÇO,BENAVENTE,2025-07-17 14:15:53.832522+00
2148,2016-10-11 00:00:00+00,391/477,0.890,141296.94,223636.03,,T3 - BACIA DO TEJO-SADO / MARGEM ESQUERDA,EM SERVIÇO,BENAVENTE,2025-07-17 14:15:53.832522+00
2149,2017-03-22 11:10:00+00,391/477,0.890,141296.94,223636.03,,T3 - BACIA DO TEJO-SADO / MARGEM ESQUERDA,EM SERVIÇO,BENAVENTE,2025-07-17 14:15:53.832522+00
2150,2017-06-01 00:00:00+00,391/477,1.000,141296.94,223636.03,,T3 - BACIA DO TEJO-SADO / MARGEM ESQUERDA,EM SERVIÇO,BENAVENTE,2025-07-17 14:15:53.832522+00
2151,2017-09-25 00:00:00+00,391/477,0.890,141296.94,223636.03,,T3 - BACIA DO TEJO-SADO / MARGEM ESQUERDA,EM SERVIÇO,BENAVENTE,2025-07-17 14:15:53.832522+00
2152,2017-10-26 00:00:00+00,391/477,1.000,141296.94,223636.03,,T3 - BACIA DO TEJO-SADO / MARGEM ESQUERDA,EM SERVIÇO,BENAVENTE,2025-07-17 14:15:53.832522+00
2153,2018-06-21 00:00:00+00,391/477,1.000,141296.94,223636.03,,T3 - BACIA DO TEJO-SADO / MARGEM ESQUERDA,EM SERVIÇO,BENAVENTE,2025-07-17 14:15:53.832522+00
2154,2018-09-24 10:40:00+00,391/477,0.890,141296.94,223636.03,,T3 - BACIA DO TEJO-SADO / MARGEM ESQUERDA,EM SERVIÇO,BENAVENTE,2025-07-17 14:15:53.832522+00
2155,2018-11-08 00:00:00+00,391/477,1.000,141296.94,223636.03,,T3 - BACIA DO TEJO-SADO / MARGEM ESQUERDA,EM SERVIÇO,BENAVENTE,2025-07-17 14:15:53.832522+00
2156,2019-03-18 10:50:00+00,391/477,0.890,141296.94,223636.03,,T3 - BACIA DO TEJO-SADO / MARGEM ESQUERDA,EM SERVIÇO,BENAVENTE,2025-07-17 14:15:53.832522+00
2157,2019-05-23 00:00:00+00,391/477,1.000,141296.94,223636.03,,T3 - BACIA DO TEJO-SADO / MARGEM ESQUERDA,EM SERVIÇO,BENAVENTE,2025-07-17 14:15:53.832522+00
2158,2019-09-17 00:00:00+00,391/477,1.000,141296.94,223636.03,,T3 - BACIA DO TEJO-SADO / MARGEM ESQUERDA,EM SERVIÇO,BENAVENTE,2025-07-17 14:15:53.832522+00
2159,2019-10-08 10:45:00+00,391/477,0.890,141296.94,223636.03,,T3 - BACIA DO TEJO-SADO / MARGEM ESQUERDA,EM SERVIÇO,BENAVENTE,2025-07-17 14:15:53.832522+00
2160,2020-06-04 00:00:00+00,391/477,1.000,141296.94,223636.03,,T3 - BACIA DO TEJO-SADO / MARGEM ESQUERDA,EM SERVIÇO,BENAVENTE,2025-07-17 14:15:53.832522+00
2161,2020-10-08 00:00:00+00,391/477,1.000,141296.94,223636.03,,T3 - BACIA DO TEJO-SADO / MARGEM ESQUERDA,EM SERVIÇO,BENAVENTE,2025-07-17 14:15:53.832522+00
2162,2021-02-23 10:40:00+00,391/477,0.890,141296.94,223636.03,,T3 - BACIA DO TEJO-SADO / MARGEM ESQUERDA,EM SERVIÇO,BENAVENTE,2025-07-17 14:15:53.832522+00
2163,2021-05-04 00:00:00+00,391/477,1.000,141296.94,223636.03,,T3 - BACIA DO TEJO-SADO / MARGEM ESQUERDA,EM SERVIÇO,BENAVENTE,2025-07-17 14:15:53.832522+00
2164,2021-09-28 10:45:00+00,391/477,0.890,141296.94,223636.03,,T3 - BACIA DO TEJO-SADO / MARGEM ESQUERDA,EM SERVIÇO,BENAVENTE,2025-07-17 14:15:53.832522+00
2165,2021-10-06 00:00:00+00,391/477,1.000,141296.94,223636.03,,T3 - BACIA DO TEJO-SADO / MARGEM ESQUERDA,EM SERVIÇO,BENAVENTE,2025-07-17 14:15:53.832522+00
2166,2022-03-15 10:30:00+00,391/477,0.890,141296.94,223636.03,,T3 - BACIA DO TEJO-SADO / MARGEM ESQUERDA,EM SERVIÇO,BENAVENTE,2025-07-17 14:15:53.832522+00
2167,2022-10-18 00:00:00+00,391/477,1.000,141296.94,223636.03,,T3 - BACIA DO TEJO-SADO / MARGEM ESQUERDA,EM SERVIÇO,BENAVENTE,2025-07-17 14:15:53.832522+00
2168,2023-04-11 00:00:00+00,391/477,0.890,141296.94,223636.03,,T3 - BACIA DO TEJO-SADO / MARGEM ESQUERDA,EM SERVIÇO,BENAVENTE,2025-07-17 14:15:53.832522+00
2169,2023-05-09 00:00:00+00,391/477,1.000,141296.94,223636.03,,T3 - BACIA DO TEJO-SADO / MARGEM ESQUERDA,EM SERVIÇO,BENAVENTE,2025-07-17 14:15:53.832522+00
2170,2023-09-18 10:30:00+00,391/477,0.890,141296.94,223636.03,,T3 - BACIA DO TEJO-SADO / MARGEM ESQUERDA,EM SERVIÇO,BENAVENTE,2025-07-17 14:15:53.832522+00
2171,2013-02-26 00:00:00+00,392/106,5.0,159869.50,222574.20,37,T3 - BACIA DO TEJO-SADO / MARGEM ESQUERDA,,,2025-07-17 14:15:53.832522+00
2172,2014-06-24 00:00:00+00,392/106,4.7,159869.50,222574.20,37,T3 - BACIA DO TEJO-SADO / MARGEM ESQUERDA,,,2025-07-17 14:15:53.832522+00
2173,2014-10-21 00:00:00+00,392/106,5.0,159869.50,222574.20,37,T3 - BACIA DO TEJO-SADO / MARGEM ESQUERDA,,,2025-07-17 14:15:53.832522+00
2174,2015-07-01 00:00:00+00,392/106,3.5,159869.50,222574.20,37,T3 - BACIA DO TEJO-SADO / MARGEM ESQUERDA,,,2025-07-17 14:15:53.832522+00
2175,2016-06-02 00:00:00+00,392/106,5.2,159869.50,222574.20,37,T3 - BACIA DO TEJO-SADO / MARGEM ESQUERDA,,,2025-07-17 14:15:53.832522+00
2176,2016-09-20 00:00:00+00,392/106,4.3,159869.50,222574.20,37,T3 - BACIA DO TEJO-SADO / MARGEM ESQUERDA,,,2025-07-17 14:15:53.832522+00
2218,2008-03-31 00:00:00+00,330/187,0.98,176820.00,275630.00,,T7 - ALUVIÕES DO TEJO,,CARREGUEIRA,2025-07-17 14:15:53.832522+00
2308,2000-04-10 00:00:00+00,404/73,0.18,133900.00,217770.00,,T3 - BACIA DO TEJO-SADO / MARGEM ESQUERDA,,VILA FRANCA DE XIRA,2025-07-17 14:15:53.832522+00
2309,2000-10-23 00:00:00+00,404/73,0.18,133900.00,217770.00,,T3 - BACIA DO TEJO-SADO / MARGEM ESQUERDA,,VILA FRANCA DE XIRA,2025-07-17 14:15:53.832522+00
2310,2001-03-26 00:00:00+00,404/73,0.18,133900.00,217770.00,,T3 - BACIA DO TEJO-SADO / MARGEM ESQUERDA,,VILA FRANCA DE XIRA,2025-07-17 14:15:53.832522+00
2311,2001-09-18 00:00:00+00,404/73,0.18,133900.00,217770.00,,T3 - BACIA DO TEJO-SADO / MARGEM ESQUERDA,,VILA FRANCA DE XIRA,2025-07-17 14:15:53.832522+00
2312,2002-03-04 00:00:00+00,404/73,0.18,133900.00,217770.00,,T3 - BACIA DO TEJO-SADO / MARGEM ESQUERDA,,VILA FRANCA DE XIRA,2025-07-17 14:15:53.832522+00
2313,2016-02-24 00:00:00+00,404/73,1.000,133900.00,217770.00,,T3 - BACIA DO TEJO-SADO / MARGEM ESQUERDA,,VILA FRANCA DE XIRA,2025-07-17 14:15:53.832522+00
2314,2016-08-24 00:00:00+00,404/73,1.000,133900.00,217770.00,,T3 - BACIA DO TEJO-SADO / MARGEM ESQUERDA,,VILA FRANCA DE XIRA,2025-07-17 14:15:53.832522+00
2315,2017-04-26 00:00:00+00,404/73,1.000,133900.00,217770.00,,T3 - BACIA DO TEJO-SADO / MARGEM ESQUERDA,,VILA FRANCA DE XIRA,2025-07-17 14:15:53.832522+00
2316,2017-10-25 00:00:00+00,404/73,1.000,133900.00,217770.00,,T3 - BACIA DO TEJO-SADO / MARGEM ESQUERDA,,VILA FRANCA DE XIRA,2025-07-17 14:15:53.832522+00
2317,2018-04-12 00:00:00+00,404/73,1.000,133900.00,217770.00,,T3 - BACIA DO TEJO-SADO / MARGEM ESQUERDA,,VILA FRANCA DE XIRA,2025-07-17 14:15:53.832522+00
2318,2018-10-24 00:00:00+00,404/73,1.000,133900.00,217770.00,,T3 - BACIA DO TEJO-SADO / MARGEM ESQUERDA,,VILA FRANCA DE XIRA,2025-07-17 14:15:53.832522+00
2319,2019-02-27 00:00:00+00,404/73,1.000,133900.00,217770.00,,T3 - BACIA DO TEJO-SADO / MARGEM ESQUERDA,,VILA FRANCA DE XIRA,2025-07-17 14:15:53.832522+00
2320,2019-04-24 00:00:00+00,404/73,1.000,133900.00,217770.00,,T3 - BACIA DO TEJO-SADO / MARGEM ESQUERDA,,VILA FRANCA DE XIRA,2025-07-17 14:15:53.832522+00
2321,2019-10-16 00:00:00+00,404/73,1.000,133900.00,217770.00,,T3 - BACIA DO TEJO-SADO / MARGEM ESQUERDA,,VILA FRANCA DE XIRA,2025-07-17 14:15:53.832522+00
2322,2020-06-17 00:00:00+00,404/73,1.000,133900.00,217770.00,,T3 - BACIA DO TEJO-SADO / MARGEM ESQUERDA,,VILA FRANCA DE XIRA,2025-07-17 14:15:53.832522+00
2323,2020-09-16 00:00:00+00,404/73,1.000,133900.00,217770.00,,T3 - BACIA DO TEJO-SADO / MARGEM ESQUERDA,,VILA FRANCA DE XIRA,2025-07-17 14:15:53.832522+00
2324,2022-10-26 00:00:00+00,404/73,1.000,133900.00,217770.00,,T3 - BACIA DO TEJO-SADO / MARGEM ESQUERDA,,VILA FRANCA DE XIRA,2025-07-17 14:15:53.832522+00
2325,2023-04-26 00:00:00+00,404/73,1.000,133900.00,217770.00,,T3 - BACIA DO TEJO-SADO / MARGEM ESQUERDA,,VILA FRANCA DE XIRA,2025-07-17 14:15:53.832522+00
2326,2013-02-21 00:00:00+00,405/166,4.000,147609.00,210931.00,21,T3 - BACIA DO TEJO-SADO / MARGEM ESQUERDA,,SANTO ESTÊVÃO,2025-07-17 14:15:53.832522+00
2327,2014-05-22 00:00:00+00,405/166,1.000,147609.00,210931.00,21,T3 - BACIA DO TEJO-SADO / MARGEM ESQUERDA,,SANTO ESTÊVÃO,2025-07-17 14:15:53.832522+00
2328,2016-12-22 00:00:00+00,405/166,1.000,147609.00,210931.00,21,T3 - BACIA DO TEJO-SADO / MARGEM ESQUERDA,,SANTO ESTÊVÃO,2025-07-17 14:15:53.832522+00
2329,2017-06-01 00:00:00+00,405/166,1.000,147609.00,210931.00,21,T3 - BACIA DO TEJO-SADO / MARGEM ESQUERDA,,SANTO ESTÊVÃO,2025-07-17 14:15:53.832522+00
2330,2017-10-26 00:00:00+00,405/166,1.1,147609.00,210931.00,21,T3 - BACIA DO TEJO-SADO / MARGEM ESQUERDA,,SANTO ESTÊVÃO,2025-07-17 14:15:53.832522+00
2331,2018-06-27 00:00:00+00,405/166,1.000,147609.00,210931.00,21,T3 - BACIA DO TEJO-SADO / MARGEM ESQUERDA,,SANTO ESTÊVÃO,2025-07-17 14:15:53.832522+00
2332,2018-10-18 00:00:00+00,405/166,1.000,147609.00,210931.00,21,T3 - BACIA DO TEJO-SADO / MARGEM ESQUERDA,,SANTO ESTÊVÃO,2025-07-17 14:15:53.832522+00
2333,2019-05-21 00:00:00+00,405/166,1.000,147609.00,210931.00,21,T3 - BACIA DO TEJO-SADO / MARGEM ESQUERDA,,SANTO ESTÊVÃO,2025-07-17 14:15:53.832522+00
2334,2019-10-15 00:00:00+00,405/166,1.000,147609.00,210931.00,21,T3 - BACIA DO TEJO-SADO / MARGEM ESQUERDA,,SANTO ESTÊVÃO,2025-07-17 14:15:53.832522+00
2335,2020-07-16 00:00:00+00,405/166,1.000,147609.00,210931.00,21,T3 - BACIA DO TEJO-SADO / MARGEM ESQUERDA,,SANTO ESTÊVÃO,2025-07-17 14:15:53.832522+00
2336,2020-11-12 00:00:00+00,405/166,1.000,147609.00,210931.00,21,T3 - BACIA DO TEJO-SADO / MARGEM ESQUERDA,,SANTO ESTÊVÃO,2025-07-17 14:15:53.832522+00
2337,2021-04-06 00:00:00+00,405/166,1.000,147609.00,210931.00,21,T3 - BACIA DO TEJO-SADO / MARGEM ESQUERDA,,SANTO ESTÊVÃO,2025-07-17 14:15:53.832522+00
2338,2021-09-07 00:00:00+00,405/166,1.000,147609.00,210931.00,21,T3 - BACIA DO TEJO-SADO / MARGEM ESQUERDA,,SANTO ESTÊVÃO,2025-07-17 14:15:53.832522+00
2339,2022-04-19 00:00:00+00,405/166,1.000,147609.00,210931.00,21,T3 - BACIA DO TEJO-SADO / MARGEM ESQUERDA,,SANTO ESTÊVÃO,2025-07-17 14:15:53.832522+00
2340,2022-09-20 00:00:00+00,405/166,1.000,147609.00,210931.00,21,T3 - BACIA DO TEJO-SADO / MARGEM ESQUERDA,,SANTO ESTÊVÃO,2025-07-17 14:15:53.832522+00
2341,2023-05-23 00:00:00+00,405/166,1.000,147609.00,210931.00,21,T3 - BACIA DO TEJO-SADO / MARGEM ESQUERDA,,SANTO ESTÊVÃO,2025-07-17 14:15:53.832522+00
2342,2000-03-13 00:00:00+00,405/86,0.18,147250.00,210230.00,,T3 - BACIA DO TEJO-SADO / MARGEM ESQUERDA,,SANTO ESTÊVÃO,2025-07-17 14:15:53.832522+00
2343,2000-10-02 00:00:00+00,405/86,2.13,147250.00,210230.00,,T3 - BACIA DO TEJO-SADO / MARGEM ESQUERDA,,SANTO ESTÊVÃO,2025-07-17 14:15:53.832522+00
2344,2001-03-05 00:00:00+00,405/86,0.52,147250.00,210230.00,,T3 - BACIA DO TEJO-SADO / MARGEM ESQUERDA,,SANTO ESTÊVÃO,2025-07-17 14:15:53.832522+00
2345,2001-10-22 12:14:00+00,405/86,0.92,147250.00,210230.00,,T3 - BACIA DO TEJO-SADO / MARGEM ESQUERDA,,SANTO ESTÊVÃO,2025-07-17 14:15:53.832522+00
2346,2002-03-04 00:00:00+00,405/86,0.18,147250.00,210230.00,,T3 - BACIA DO TEJO-SADO / MARGEM ESQUERDA,,SANTO ESTÊVÃO,2025-07-17 14:15:53.832522+00
2347,2002-10-28 00:00:00+00,405/86,0.84,147250.00,210230.00,,T3 - BACIA DO TEJO-SADO / MARGEM ESQUERDA,,SANTO ESTÊVÃO,2025-07-17 14:15:53.832522+00
2348,2003-03-10 00:00:00+00,405/86,0.84,147250.00,210230.00,,T3 - BACIA DO TEJO-SADO / MARGEM ESQUERDA,,SANTO ESTÊVÃO,2025-07-17 14:15:53.832522+00
2349,2004-03-01 00:00:00+00,405/86,0.66,147250.00,210230.00,,T3 - BACIA DO TEJO-SADO / MARGEM ESQUERDA,,SANTO ESTÊVÃO,2025-07-17 14:15:53.832522+00
2350,2004-10-06 00:00:00+00,405/86,0.664,147250.00,210230.00,,T3 - BACIA DO TEJO-SADO / MARGEM ESQUERDA,,SANTO ESTÊVÃO,2025-07-17 14:15:53.832522+00
2351,2005-04-06 00:00:00+00,405/86,0.66,147250.00,210230.00,,T3 - BACIA DO TEJO-SADO / MARGEM ESQUERDA,,SANTO ESTÊVÃO,2025-07-17 14:15:53.832522+00
2352,2005-10-11 00:00:00+00,405/86,0.66,147250.00,210230.00,,T3 - BACIA DO TEJO-SADO / MARGEM ESQUERDA,,SANTO ESTÊVÃO,2025-07-17 14:15:53.832522+00
2353,2006-03-20 00:00:00+00,405/86,0.66,147250.00,210230.00,,T3 - BACIA DO TEJO-SADO / MARGEM ESQUERDA,,SANTO ESTÊVÃO,2025-07-17 14:15:53.832522+00
2354,2006-10-11 00:00:00+00,405/86,0.82,147250.00,210230.00,,T3 - BACIA DO TEJO-SADO / MARGEM ESQUERDA,,SANTO ESTÊVÃO,2025-07-17 14:15:53.832522+00
2355,2007-03-28 00:00:00+00,405/86,0.84,147250.00,210230.00,,T3 - BACIA DO TEJO-SADO / MARGEM ESQUERDA,,SANTO ESTÊVÃO,2025-07-17 14:15:53.832522+00
2356,2007-11-05 00:00:00+00,405/86,0.84,147250.00,210230.00,,T3 - BACIA DO TEJO-SADO / MARGEM ESQUERDA,,SANTO ESTÊVÃO,2025-07-17 14:15:53.832522+00
2357,2008-04-03 00:00:00+00,405/86,0.84,147250.00,210230.00,,T3 - BACIA DO TEJO-SADO / MARGEM ESQUERDA,,SANTO ESTÊVÃO,2025-07-17 14:15:53.832522+00
2358,2008-10-20 00:00:00+00,405/86,0.84,147250.00,210230.00,,T3 - BACIA DO TEJO-SADO / MARGEM ESQUERDA,,SANTO ESTÊVÃO,2025-07-17 14:15:53.832522+00
2359,2009-04-20 00:00:00+00,405/86,0.886,147250.00,210230.00,,T3 - BACIA DO TEJO-SADO / MARGEM ESQUERDA,,SANTO ESTÊVÃO,2025-07-17 14:15:53.832522+00
2360,2010-06-22 12:45:00+00,405/86,2.000,147250.00,210230.00,,T3 - BACIA DO TEJO-SADO / MARGEM ESQUERDA,,SANTO ESTÊVÃO,2025-07-17 14:15:53.832522+00
2361,2012-11-26 10:20:00+00,405/86,1.2,147250.00,210230.00,,T3 - BACIA DO TEJO-SADO / MARGEM ESQUERDA,,SANTO ESTÊVÃO,2025-07-17 14:15:53.832522+00
2362,2013-04-01 10:10:00+00,405/86,0.890,147250.00,210230.00,,T3 - BACIA DO TEJO-SADO / MARGEM ESQUERDA,,SANTO ESTÊVÃO,2025-07-17 14:15:53.832522+00
2363,2013-11-19 15:00:00+00,405/86,2.000,147250.00,210230.00,,T3 - BACIA DO TEJO-SADO / MARGEM ESQUERDA,,SANTO ESTÊVÃO,2025-07-17 14:15:53.832522+00
2364,2014-03-24 10:50:00+00,405/86,0.890,147250.00,210230.00,,T3 - BACIA DO TEJO-SADO / MARGEM ESQUERDA,,SANTO ESTÊVÃO,2025-07-17 14:15:53.832522+00
2365,2014-05-22 00:00:00+00,405/86,1.000,147250.00,210230.00,,T3 - BACIA DO TEJO-SADO / MARGEM ESQUERDA,,SANTO ESTÊVÃO,2025-07-17 14:15:53.832522+00
2366,2014-10-13 09:50:00+00,405/86,1.2,147250.00,210230.00,,T3 - BACIA DO TEJO-SADO / MARGEM ESQUERDA,,SANTO ESTÊVÃO,2025-07-17 14:15:53.832522+00
2367,2015-03-16 10:45:00+00,405/86,0.890,147250.00,210230.00,,T3 - BACIA DO TEJO-SADO / MARGEM ESQUERDA,,SANTO ESTÊVÃO,2025-07-17 14:15:53.832522+00
2368,2015-06-04 00:00:00+00,405/86,1.000,147250.00,210230.00,,T3 - BACIA DO TEJO-SADO / MARGEM ESQUERDA,,SANTO ESTÊVÃO,2025-07-17 14:15:53.832522+00
2369,2015-10-13 10:45:00+00,405/86,0.890,147250.00,210230.00,,T3 - BACIA DO TEJO-SADO / MARGEM ESQUERDA,,SANTO ESTÊVÃO,2025-07-17 14:15:53.832522+00
2370,2016-03-15 10:35:00+00,405/86,0.890,147250.00,210230.00,,T3 - BACIA DO TEJO-SADO / MARGEM ESQUERDA,,SANTO ESTÊVÃO,2025-07-17 14:15:53.832522+00
2371,2016-06-21 00:00:00+00,405/86,1.000,147250.00,210230.00,,T3 - BACIA DO TEJO-SADO / MARGEM ESQUERDA,,SANTO ESTÊVÃO,2025-07-17 14:15:53.832522+00
2372,2016-09-29 00:00:00+00,405/86,1.000,147250.00,210230.00,,T3 - BACIA DO TEJO-SADO / MARGEM ESQUERDA,,SANTO ESTÊVÃO,2025-07-17 14:15:53.832522+00
2373,2016-10-11 10:00:00+00,405/86,4.0,147250.00,210230.00,,T3 - BACIA DO TEJO-SADO / MARGEM ESQUERDA,,SANTO ESTÊVÃO,2025-07-17 14:15:53.832522+00
2374,2017-03-22 10:30:00+00,405/86,0.890,147250.00,210230.00,,T3 - BACIA DO TEJO-SADO / MARGEM ESQUERDA,,SANTO ESTÊVÃO,2025-07-17 14:15:53.832522+00
2375,2017-06-01 00:00:00+00,405/86,1.000,147250.00,210230.00,,T3 - BACIA DO TEJO-SADO / MARGEM ESQUERDA,,SANTO ESTÊVÃO,2025-07-17 14:15:53.832522+00
2376,2017-10-26 00:00:00+00,405/86,1.000,147250.00,210230.00,,T3 - BACIA DO TEJO-SADO / MARGEM ESQUERDA,,SANTO ESTÊVÃO,2025-07-17 14:15:53.832522+00
2377,2018-06-27 00:00:00+00,405/86,1.000,147250.00,210230.00,,T3 - BACIA DO TEJO-SADO / MARGEM ESQUERDA,,SANTO ESTÊVÃO,2025-07-17 14:15:53.832522+00
2378,2018-10-18 00:00:00+00,405/86,1.000,147250.00,210230.00,,T3 - BACIA DO TEJO-SADO / MARGEM ESQUERDA,,SANTO ESTÊVÃO,2025-07-17 14:15:53.832522+00
2457,2019-03-19 10:50:00+00,419/37,1.6,148789.90,208638.90,,T3 - BACIA DO TEJO-SADO / MARGEM ESQUERDA,EM SERVIÇO,SAMORA CORREIA,2025-07-17 14:15:53.832522+00
2458,2020-03-05 00:00:00+00,419/37,1.6,148789.90,208638.90,,T3 - BACIA DO TEJO-SADO / MARGEM ESQUERDA,EM SERVIÇO,SAMORA CORREIA,2025-07-17 14:15:53.832522+00
2459,2020-10-12 12:05:00+00,419/37,2.3,148789.90,208638.90,,T3 - BACIA DO TEJO-SADO / MARGEM ESQUERDA,EM SERVIÇO,SAMORA CORREIA,2025-07-17 14:15:53.832522+00
2460,2021-02-22 10:40:00+00,419/37,2.1,148789.90,208638.90,,T3 - BACIA DO TEJO-SADO / MARGEM ESQUERDA,EM SERVIÇO,SAMORA CORREIA,2025-07-17 14:15:53.832522+00
2461,2021-09-27 10:35:00+00,419/37,8.1,148789.90,208638.90,,T3 - BACIA DO TEJO-SADO / MARGEM ESQUERDA,EM SERVIÇO,SAMORA CORREIA,2025-07-17 14:15:53.832522+00
2462,2022-03-16 10:30:00+00,419/37,1.3,148789.90,208638.90,,T3 - BACIA DO TEJO-SADO / MARGEM ESQUERDA,EM SERVIÇO,SAMORA CORREIA,2025-07-17 14:15:53.832522+00
2463,2022-09-28 10:30:00+00,419/37,2.6,148789.90,208638.90,,T3 - BACIA DO TEJO-SADO / MARGEM ESQUERDA,EM SERVIÇO,SAMORA CORREIA,2025-07-17 14:15:53.832522+00
2464,2023-04-05 10:35:00+00,419/37,5.4,148789.90,208638.90,,T3 - BACIA DO TEJO-SADO / MARGEM ESQUERDA,EM SERVIÇO,SAMORA CORREIA,2025-07-17 14:15:53.832522+00
2465,2023-10-11 10:35:00+00,419/37,2.1,148789.90,208638.90,,T3 - BACIA DO TEJO-SADO / MARGEM ESQUERDA,EM SERVIÇO,SAMORA CORREIA,2025-07-17 14:15:53.832522+00
2466,2006-03-29 00:00:00+00,420/105,13.0,154278.70,204500.40,30,T3 - BACIA DO TEJO-SADO / MARGEM ESQUERDA,,CANHA,2025-07-17 14:15:53.832522+00
2467,2006-11-13 00:00:00+00,420/105,12.0,154278.70,204500.40,30,T3 - BACIA DO TEJO-SADO / MARGEM ESQUERDA,,CANHA,2025-07-17 14:15:53.832522+00
2468,2007-03-13 00:00:00+00,420/105,13.0,154278.70,204500.40,30,T3 - BACIA DO TEJO-SADO / MARGEM ESQUERDA,,CANHA,2025-07-17 14:15:53.832522+00
2469,2008-03-31 00:00:00+00,420/105,12.0,154278.70,204500.40,30,T3 - BACIA DO TEJO-SADO / MARGEM ESQUERDA,,CANHA,2025-07-17 14:15:53.832522+00
2470,2009-04-13 00:00:00+00,420/105,1.2,154278.70,204500.40,30,T3 - BACIA DO TEJO-SADO / MARGEM ESQUERDA,,CANHA,2025-07-17 14:15:53.832522+00
2471,2009-10-22 00:00:00+00,420/105,4.7,154278.70,204500.40,30,T3 - BACIA DO TEJO-SADO / MARGEM ESQUERDA,,CANHA,2025-07-17 14:15:53.832522+00
2472,2010-07-26 17:10:00+00,420/105,10.0,154278.70,204500.40,30,T3 - BACIA DO TEJO-SADO / MARGEM ESQUERDA,,CANHA,2025-07-17 14:15:53.832522+00
2512,2008-09-30 00:00:00+00,342/114,110.0,168360.00,268980.00,,T7 - ALUVIÕES DO TEJO,,,2025-07-17 14:15:53.832522+00
2552,2021-03-15 10:30:00+00,432/1014,0.890,129395.00,191395.00,17,T3 - BACIA DO TEJO-SADO / MARGEM ESQUERDA,,,2025-07-17 14:15:53.832522+00
2553,2022-10-06 10:30:00+00,432/1014,0.890,129395.00,191395.00,17,T3 - BACIA DO TEJO-SADO / MARGEM ESQUERDA,,,2025-07-17 14:15:53.832522+00
2554,2023-09-19 10:20:00+00,432/1014,0.890,129395.00,191395.00,17,T3 - BACIA DO TEJO-SADO / MARGEM ESQUERDA,,,2025-07-17 14:15:53.832522+00
2555,2000-03-08 00:00:00+00,432/549,17.11,130280.00,197120.00,,T3 - BACIA DO TEJO-SADO / MARGEM ESQUERDA,,ALCOCHETE,2025-07-17 14:15:53.832522+00
2556,2000-09-25 00:00:00+00,432/549,14.26,130280.00,197120.00,,T3 - BACIA DO TEJO-SADO / MARGEM ESQUERDA,,ALCOCHETE,2025-07-17 14:15:53.832522+00
2557,2001-02-19 00:00:00+00,432/549,12.58,130280.00,197120.00,,T3 - BACIA DO TEJO-SADO / MARGEM ESQUERDA,,ALCOCHETE,2025-07-17 14:15:53.832522+00
2558,2001-09-19 15:00:00+00,432/549,12.84,130280.00,197120.00,,T3 - BACIA DO TEJO-SADO / MARGEM ESQUERDA,,ALCOCHETE,2025-07-17 14:15:53.832522+00
2559,2002-02-25 14:30:00+00,432/549,7.65,130280.00,197120.00,,T3 - BACIA DO TEJO-SADO / MARGEM ESQUERDA,,ALCOCHETE,2025-07-17 14:15:53.832522+00
2560,2002-09-18 00:00:00+00,432/549,13.15,130280.00,197120.00,,T3 - BACIA DO TEJO-SADO / MARGEM ESQUERDA,,ALCOCHETE,2025-07-17 14:15:53.832522+00
2561,2003-03-24 00:00:00+00,432/549,13.38,130280.00,197120.00,,T3 - BACIA DO TEJO-SADO / MARGEM ESQUERDA,,ALCOCHETE,2025-07-17 14:15:53.832522+00
2562,2003-09-23 00:00:00+00,432/549,13.25,130280.00,197120.00,,T3 - BACIA DO TEJO-SADO / MARGEM ESQUERDA,,ALCOCHETE,2025-07-17 14:15:53.832522+00
2563,2004-02-17 00:00:00+00,432/549,9.8,130280.00,197120.00,,T3 - BACIA DO TEJO-SADO / MARGEM ESQUERDA,,ALCOCHETE,2025-07-17 14:15:53.832522+00
2564,2004-09-22 00:00:00+00,432/549,15.018,130280.00,197120.00,,T3 - BACIA DO TEJO-SADO / MARGEM ESQUERDA,,ALCOCHETE,2025-07-17 14:15:53.832522+00
2565,2005-03-21 00:00:00+00,432/549,10.59,130280.00,197120.00,,T3 - BACIA DO TEJO-SADO / MARGEM ESQUERDA,,ALCOCHETE,2025-07-17 14:15:53.832522+00
2566,2005-11-07 00:00:00+00,432/549,16.0,130280.00,197120.00,,T3 - BACIA DO TEJO-SADO / MARGEM ESQUERDA,,ALCOCHETE,2025-07-17 14:15:53.832522+00
2567,2006-03-20 00:00:00+00,432/549,16.35,130280.00,197120.00,,T3 - BACIA DO TEJO-SADO / MARGEM ESQUERDA,,ALCOCHETE,2025-07-17 14:15:53.832522+00
2568,2006-11-08 00:00:00+00,432/549,15.9,130280.00,197120.00,,T3 - BACIA DO TEJO-SADO / MARGEM ESQUERDA,,ALCOCHETE,2025-07-17 14:15:53.832522+00
2569,2007-03-01 00:00:00+00,432/549,15.9,130280.00,197120.00,,T3 - BACIA DO TEJO-SADO / MARGEM ESQUERDA,,ALCOCHETE,2025-07-17 14:15:53.832522+00
2570,2007-09-27 00:00:00+00,432/549,15.9,130280.00,197120.00,,T3 - BACIA DO TEJO-SADO / MARGEM ESQUERDA,,ALCOCHETE,2025-07-17 14:15:53.832522+00
2571,2008-03-03 00:00:00+00,432/549,15.46,130280.00,197120.00,,T3 - BACIA DO TEJO-SADO / MARGEM ESQUERDA,,ALCOCHETE,2025-07-17 14:15:53.832522+00
2572,2008-09-22 00:00:00+00,432/549,15.02,130280.00,197120.00,,T3 - BACIA DO TEJO-SADO / MARGEM ESQUERDA,,ALCOCHETE,2025-07-17 14:15:53.832522+00
2573,2009-05-11 00:00:00+00,432/549,12.847,130280.00,197120.00,,T3 - BACIA DO TEJO-SADO / MARGEM ESQUERDA,,ALCOCHETE,2025-07-17 14:15:53.832522+00
2574,2009-10-07 00:00:00+00,432/549,17.0,130280.00,197120.00,,T3 - BACIA DO TEJO-SADO / MARGEM ESQUERDA,,ALCOCHETE,2025-07-17 14:15:53.832522+00
2575,2010-06-21 09:30:00+00,432/549,22.0,130280.00,197120.00,,T3 - BACIA DO TEJO-SADO / MARGEM ESQUERDA,,ALCOCHETE,2025-07-17 14:15:53.832522+00
2576,2011-04-06 16:00:00+00,432/549,19.0,130280.00,197120.00,,T3 - BACIA DO TEJO-SADO / MARGEM ESQUERDA,,ALCOCHETE,2025-07-17 14:15:53.832522+00
2577,2012-11-05 09:30:00+00,432/549,18.0,130280.00,197120.00,,T3 - BACIA DO TEJO-SADO / MARGEM ESQUERDA,,ALCOCHETE,2025-07-17 14:15:53.832522+00
2578,2013-03-05 09:30:00+00,432/549,15.0,130280.00,197120.00,,T3 - BACIA DO TEJO-SADO / MARGEM ESQUERDA,,ALCOCHETE,2025-07-17 14:15:53.832522+00
2579,2013-11-08 09:30:00+00,432/549,17.0,130280.00,197120.00,,T3 - BACIA DO TEJO-SADO / MARGEM ESQUERDA,,ALCOCHETE,2025-07-17 14:15:53.832522+00
2580,2014-02-26 10:10:00+00,432/549,12.0,130280.00,197120.00,,T3 - BACIA DO TEJO-SADO / MARGEM ESQUERDA,,ALCOCHETE,2025-07-17 14:15:53.832522+00
2581,2014-09-17 09:50:00+00,432/549,19.0,130280.00,197120.00,,T3 - BACIA DO TEJO-SADO / MARGEM ESQUERDA,,ALCOCHETE,2025-07-17 14:15:53.832522+00
2582,2015-02-23 10:05:00+00,432/549,19.0,130280.00,197120.00,,T3 - BACIA DO TEJO-SADO / MARGEM ESQUERDA,,ALCOCHETE,2025-07-17 14:15:53.832522+00
2583,2015-09-21 10:00:00+00,432/549,20.0,130280.00,197120.00,,T3 - BACIA DO TEJO-SADO / MARGEM ESQUERDA,,ALCOCHETE,2025-07-17 14:15:53.832522+00
2584,2016-02-17 10:15:00+00,432/549,20.0,130280.00,197120.00,,T3 - BACIA DO TEJO-SADO / MARGEM ESQUERDA,,ALCOCHETE,2025-07-17 14:15:53.832522+00
2585,2016-09-07 09:30:00+00,432/549,21.0,130280.00,197120.00,,T3 - BACIA DO TEJO-SADO / MARGEM ESQUERDA,,ALCOCHETE,2025-07-17 14:15:53.832522+00
2586,2017-02-22 10:00:00+00,432/549,22.0,130280.00,197120.00,,T3 - BACIA DO TEJO-SADO / MARGEM ESQUERDA,,ALCOCHETE,2025-07-17 14:15:53.832522+00
2587,2017-09-27 00:00:00+00,432/549,22.0,130280.00,197120.00,,T3 - BACIA DO TEJO-SADO / MARGEM ESQUERDA,,ALCOCHETE,2025-07-17 14:15:53.832522+00
2588,2018-05-03 10:30:00+00,432/549,20.0,130280.00,197120.00,,T3 - BACIA DO TEJO-SADO / MARGEM ESQUERDA,,ALCOCHETE,2025-07-17 14:15:53.832522+00
2589,2018-10-01 09:55:00+00,432/549,21.0,130280.00,197120.00,,T3 - BACIA DO TEJO-SADO / MARGEM ESQUERDA,,ALCOCHETE,2025-07-17 14:15:53.832522+00
2590,2019-05-22 00:00:00+00,432/549,23.0,130280.00,197120.00,,T3 - BACIA DO TEJO-SADO / MARGEM ESQUERDA,,ALCOCHETE,2025-07-17 14:15:53.832522+00
2591,2019-09-25 00:00:00+00,432/549,24.0,130280.00,197120.00,,T3 - BACIA DO TEJO-SADO / MARGEM ESQUERDA,,ALCOCHETE,2025-07-17 14:15:53.832522+00
2592,2020-06-23 00:00:00+00,432/549,14.0,130280.00,197120.00,,T3 - BACIA DO TEJO-SADO / MARGEM ESQUERDA,,ALCOCHETE,2025-07-17 14:15:53.832522+00
2593,2020-09-30 00:00:00+00,432/549,14.0,130280.00,197120.00,,T3 - BACIA DO TEJO-SADO / MARGEM ESQUERDA,,ALCOCHETE,2025-07-17 14:15:53.832522+00
2594,2021-06-23 00:00:00+00,432/549,17.9,130280.00,197120.00,,T3 - BACIA DO TEJO-SADO / MARGEM ESQUERDA,,ALCOCHETE,2025-07-17 14:15:53.832522+00
2595,2021-09-29 00:00:00+00,432/549,23.5,130280.00,197120.00,,T3 - BACIA DO TEJO-SADO / MARGEM ESQUERDA,,ALCOCHETE,2025-07-17 14:15:53.832522+00
2596,2022-05-25 00:00:00+00,432/549,22.5,130280.00,197120.00,,T3 - BACIA DO TEJO-SADO / MARGEM ESQUERDA,,ALCOCHETE,2025-07-17 14:15:53.832522+00
2597,2022-08-31 00:00:00+00,432/549,27.1,130280.00,197120.00,,T3 - BACIA DO TEJO-SADO / MARGEM ESQUERDA,,ALCOCHETE,2025-07-17 14:15:53.832522+00
2598,2023-05-24 00:00:00+00,432/549,25.2,130280.00,197120.00,,T3 - BACIA DO TEJO-SADO / MARGEM ESQUERDA,,ALCOCHETE,2025-07-17 14:15:53.832522+00
2599,2023-08-30 00:00:00+00,432/549,22.9,130280.00,197120.00,,T3 - BACIA DO TEJO-SADO / MARGEM ESQUERDA,,ALCOCHETE,2025-07-17 14:15:53.832522+00
2600,2000-03-08 00:00:00+00,432/724,0.97,124200.00,194930.00,,T3 - BACIA DO TEJO-SADO / MARGEM ESQUERDA,,SAMOUCO,2025-07-17 14:15:53.832522+00
2601,2000-09-25 00:00:00+00,432/724,0.18,124200.00,194930.00,,T3 - BACIA DO TEJO-SADO / MARGEM ESQUERDA,,SAMOUCO,2025-07-17 14:15:53.832522+00
2602,2001-02-19 00:00:00+00,432/724,0.18,124200.00,194930.00,,T3 - BACIA DO TEJO-SADO / MARGEM ESQUERDA,,SAMOUCO,2025-07-17 14:15:53.832522+00
2603,2001-09-19 00:00:00+00,432/724,0.18,124200.00,194930.00,,T3 - BACIA DO TEJO-SADO / MARGEM ESQUERDA,,SAMOUCO,2025-07-17 14:15:53.832522+00
2604,2002-02-25 00:00:00+00,432/724,0.18,124200.00,194930.00,,T3 - BACIA DO TEJO-SADO / MARGEM ESQUERDA,,SAMOUCO,2025-07-17 14:15:53.832522+00
2605,2003-03-24 00:00:00+00,432/724,0.84,124200.00,194930.00,,T3 - BACIA DO TEJO-SADO / MARGEM ESQUERDA,,SAMOUCO,2025-07-17 14:15:53.832522+00
2606,2003-09-23 00:00:00+00,432/724,0.66,124200.00,194930.00,,T3 - BACIA DO TEJO-SADO / MARGEM ESQUERDA,,SAMOUCO,2025-07-17 14:15:53.832522+00
2607,2004-02-17 00:00:00+00,432/724,0.66,124200.00,194930.00,,T3 - BACIA DO TEJO-SADO / MARGEM ESQUERDA,,SAMOUCO,2025-07-17 14:15:53.832522+00
2608,2004-09-22 00:00:00+00,432/724,0.664,124200.00,194930.00,,T3 - BACIA DO TEJO-SADO / MARGEM ESQUERDA,,SAMOUCO,2025-07-17 14:15:53.832522+00
2609,2005-03-21 00:00:00+00,432/724,0.66,124200.00,194930.00,,T3 - BACIA DO TEJO-SADO / MARGEM ESQUERDA,,SAMOUCO,2025-07-17 14:15:53.832522+00
2610,2005-11-07 00:00:00+00,432/724,0.66,124200.00,194930.00,,T3 - BACIA DO TEJO-SADO / MARGEM ESQUERDA,,SAMOUCO,2025-07-17 14:15:53.832522+00
2611,2006-03-20 00:00:00+00,432/724,0.66,124200.00,194930.00,,T3 - BACIA DO TEJO-SADO / MARGEM ESQUERDA,,SAMOUCO,2025-07-17 14:15:53.832522+00
2612,2006-11-08 00:00:00+00,432/724,0.83,124200.00,194930.00,,T3 - BACIA DO TEJO-SADO / MARGEM ESQUERDA,,SAMOUCO,2025-07-17 14:15:53.832522+00
2613,2007-03-01 00:00:00+00,432/724,0.82,124200.00,194930.00,,T3 - BACIA DO TEJO-SADO / MARGEM ESQUERDA,,SAMOUCO,2025-07-17 14:15:53.832522+00
2614,2007-09-27 00:00:00+00,432/724,0.84,124200.00,194930.00,,T3 - BACIA DO TEJO-SADO / MARGEM ESQUERDA,,SAMOUCO,2025-07-17 14:15:53.832522+00
2615,2008-09-22 00:00:00+00,432/724,0.84,124200.00,194930.00,,T3 - BACIA DO TEJO-SADO / MARGEM ESQUERDA,,SAMOUCO,2025-07-17 14:15:53.832522+00
2616,2009-05-11 00:00:00+00,432/724,0.886,124200.00,194930.00,,T3 - BACIA DO TEJO-SADO / MARGEM ESQUERDA,,SAMOUCO,2025-07-17 14:15:53.832522+00
2617,2009-10-07 00:00:00+00,432/724,0.886,124200.00,194930.00,,T3 - BACIA DO TEJO-SADO / MARGEM ESQUERDA,,SAMOUCO,2025-07-17 14:15:53.832522+00
2618,2010-06-21 09:00:00+00,432/724,2.000,124200.00,194930.00,,T3 - BACIA DO TEJO-SADO / MARGEM ESQUERDA,,SAMOUCO,2025-07-17 14:15:53.832522+00
2619,2011-02-17 08:25:00+00,432/724,2.000,124200.00,194930.00,,T3 - BACIA DO TEJO-SADO / MARGEM ESQUERDA,,SAMOUCO,2025-07-17 14:15:53.832522+00
2620,2000-04-03 00:00:00+00,432/740,5.92,129370.00,191470.00,,T3 - BACIA DO TEJO-SADO / MARGEM ESQUERDA,,ALTO-ESTANQUEIRO-JARDIA,2025-07-17 14:15:53.832522+00
2621,2000-10-23 00:00:00+00,432/740,2.17,129370.00,191470.00,,T3 - BACIA DO TEJO-SADO / MARGEM ESQUERDA,,ALTO-ESTANQUEIRO-JARDIA,2025-07-17 14:15:53.832522+00
2622,2001-03-26 00:00:00+00,432/740,2.16,129370.00,191470.00,,T3 - BACIA DO TEJO-SADO / MARGEM ESQUERDA,,ALTO-ESTANQUEIRO-JARDIA,2025-07-17 14:15:53.832522+00
2623,2001-10-22 11:10:00+00,432/740,6.63,129370.00,191470.00,,T3 - BACIA DO TEJO-SADO / MARGEM ESQUERDA,,ALTO-ESTANQUEIRO-JARDIA,2025-07-17 14:15:53.832522+00
2624,2002-10-28 00:00:00+00,432/740,1.64,129370.00,191470.00,,T3 - BACIA DO TEJO-SADO / MARGEM ESQUERDA,,ALTO-ESTANQUEIRO-JARDIA,2025-07-17 14:15:53.832522+00
2625,2003-03-24 00:00:00+00,432/740,1.33,129370.00,191470.00,,T3 - BACIA DO TEJO-SADO / MARGEM ESQUERDA,,ALTO-ESTANQUEIRO-JARDIA,2025-07-17 14:15:53.832522+00
2626,2004-09-22 00:00:00+00,432/740,0.664,129370.00,191470.00,,T3 - BACIA DO TEJO-SADO / MARGEM ESQUERDA,,ALTO-ESTANQUEIRO-JARDIA,2025-07-17 14:15:53.832522+00
2627,2005-03-21 00:00:00+00,432/740,1.06,129370.00,191470.00,,T3 - BACIA DO TEJO-SADO / MARGEM ESQUERDA,,ALTO-ESTANQUEIRO-JARDIA,2025-07-17 14:15:53.832522+00
2628,2005-11-07 00:00:00+00,432/740,0.66,129370.00,191470.00,,T3 - BACIA DO TEJO-SADO / MARGEM ESQUERDA,,ALTO-ESTANQUEIRO-JARDIA,2025-07-17 14:15:53.832522+00
2629,2006-03-29 00:00:00+00,432/740,0.66,129370.00,191470.00,,T3 - BACIA DO TEJO-SADO / MARGEM ESQUERDA,,ALTO-ESTANQUEIRO-JARDIA,2025-07-17 14:15:53.832522+00
2630,2006-11-13 00:00:00+00,432/740,0.84,129370.00,191470.00,,T3 - BACIA DO TEJO-SADO / MARGEM ESQUERDA,,ALTO-ESTANQUEIRO-JARDIA,2025-07-17 14:15:53.832522+00
2631,2007-03-13 00:00:00+00,432/740,0.83,129370.00,191470.00,,T3 - BACIA DO TEJO-SADO / MARGEM ESQUERDA,,ALTO-ESTANQUEIRO-JARDIA,2025-07-17 14:15:53.832522+00
2632,2008-03-27 00:00:00+00,432/740,0.84,129370.00,191470.00,,T3 - BACIA DO TEJO-SADO / MARGEM ESQUERDA,,ALTO-ESTANQUEIRO-JARDIA,2025-07-17 14:15:53.832522+00
2633,2009-04-13 00:00:00+00,432/740,0.886,129370.00,191470.00,,T3 - BACIA DO TEJO-SADO / MARGEM ESQUERDA,,ALTO-ESTANQUEIRO-JARDIA,2025-07-17 14:15:53.832522+00
2634,2009-09-22 00:00:00+00,432/740,0.886,129370.00,191470.00,,T3 - BACIA DO TEJO-SADO / MARGEM ESQUERDA,,ALTO-ESTANQUEIRO-JARDIA,2025-07-17 14:15:53.832522+00
2635,2010-07-26 18:10:00+00,432/740,3.0,129370.00,191470.00,,T3 - BACIA DO TEJO-SADO / MARGEM ESQUERDA,,ALTO-ESTANQUEIRO-JARDIA,2025-07-17 14:15:53.832522+00
2636,2011-02-17 11:40:00+00,432/740,2.000,129370.00,191470.00,,T3 - BACIA DO TEJO-SADO / MARGEM ESQUERDA,,ALTO-ESTANQUEIRO-JARDIA,2025-07-17 14:15:53.832522+00
2637,2012-11-05 14:50:00+00,432/740,0.890,129370.00,191470.00,,T3 - BACIA DO TEJO-SADO / MARGEM ESQUERDA,,ALTO-ESTANQUEIRO-JARDIA,2025-07-17 14:15:53.832522+00
2638,2009-05-20 00:00:00+00,342/114,130.0,168360.00,268980.00,,T7 - ALUVIÕES DO TEJO,,,2025-07-17 14:15:53.832522+00
2639,2013-03-05 14:45:00+00,432/740,0.890,129370.00,191470.00,,T3 - BACIA DO TEJO-SADO / MARGEM ESQUERDA,,ALTO-ESTANQUEIRO-JARDIA,2025-07-17 14:15:53.832522+00
2640,2013-11-29 15:30:00+00,432/740,2.000,129370.00,191470.00,,T3 - BACIA DO TEJO-SADO / MARGEM ESQUERDA,,ALTO-ESTANQUEIRO-JARDIA,2025-07-17 14:15:53.832522+00
2641,2014-02-26 15:25:00+00,432/740,0.890,129370.00,191470.00,,T3 - BACIA DO TEJO-SADO / MARGEM ESQUERDA,,ALTO-ESTANQUEIRO-JARDIA,2025-07-17 14:15:53.832522+00
2642,2014-09-17 11:25:00+00,432/740,0.890,129370.00,191470.00,,T3 - BACIA DO TEJO-SADO / MARGEM ESQUERDA,,ALTO-ESTANQUEIRO-JARDIA,2025-07-17 14:15:53.832522+00
2643,2015-02-23 11:00:00+00,432/740,0.890,129370.00,191470.00,,T3 - BACIA DO TEJO-SADO / MARGEM ESQUERDA,,ALTO-ESTANQUEIRO-JARDIA,2025-07-17 14:15:53.832522+00
2644,2015-09-21 11:00:00+00,432/740,0.890,129370.00,191470.00,,T3 - BACIA DO TEJO-SADO / MARGEM ESQUERDA,,ALTO-ESTANQUEIRO-JARDIA,2025-07-17 14:15:53.832522+00
2645,2016-02-17 00:00:00+00,432/740,0.890,129370.00,191470.00,,T3 - BACIA DO TEJO-SADO / MARGEM ESQUERDA,,ALTO-ESTANQUEIRO-JARDIA,2025-07-17 14:15:53.832522+00
2646,2016-09-07 00:00:00+00,432/740,0.890,129370.00,191470.00,,T3 - BACIA DO TEJO-SADO / MARGEM ESQUERDA,,ALTO-ESTANQUEIRO-JARDIA,2025-07-17 14:15:53.832522+00
2647,2017-11-08 00:00:00+00,432/740,0.890,129370.00,191470.00,,T3 - BACIA DO TEJO-SADO / MARGEM ESQUERDA,,ALTO-ESTANQUEIRO-JARDIA,2025-07-17 14:15:53.832522+00
2648,2018-10-01 11:30:00+00,432/740,0.890,129370.00,191470.00,,T3 - BACIA DO TEJO-SADO / MARGEM ESQUERDA,,ALTO-ESTANQUEIRO-JARDIA,2025-07-17 14:15:53.832522+00
2649,2019-03-06 10:35:00+00,432/740,0.890,129370.00,191470.00,,T3 - BACIA DO TEJO-SADO / MARGEM ESQUERDA,,ALTO-ESTANQUEIRO-JARDIA,2025-07-17 14:15:53.832522+00
2650,2019-10-17 10:45:00+00,432/740,0.93,129370.00,191470.00,,T3 - BACIA DO TEJO-SADO / MARGEM ESQUERDA,,ALTO-ESTANQUEIRO-JARDIA,2025-07-17 14:15:53.832522+00
2651,2020-03-02 11:00:00+00,432/740,0.890,129370.00,191470.00,,T3 - BACIA DO TEJO-SADO / MARGEM ESQUERDA,,ALTO-ESTANQUEIRO-JARDIA,2025-07-17 14:15:53.832522+00
2652,2020-09-28 10:30:00+00,432/740,0.890,129370.00,191470.00,,T3 - BACIA DO TEJO-SADO / MARGEM ESQUERDA,,ALTO-ESTANQUEIRO-JARDIA,2025-07-17 14:15:53.832522+00
2653,2021-09-29 10:15:00+00,432/740,0.890,129370.00,191470.00,,T3 - BACIA DO TEJO-SADO / MARGEM ESQUERDA,,ALTO-ESTANQUEIRO-JARDIA,2025-07-17 14:15:53.832522+00
2654,2022-03-29 09:50:00+00,432/740,0.890,129370.00,191470.00,,T3 - BACIA DO TEJO-SADO / MARGEM ESQUERDA,,ALTO-ESTANQUEIRO-JARDIA,2025-07-17 14:15:53.832522+00
2655,2023-03-27 10:15:00+00,432/740,0.890,129370.00,191470.00,,T3 - BACIA DO TEJO-SADO / MARGEM ESQUERDA,,ALTO-ESTANQUEIRO-JARDIA,2025-07-17 14:15:53.832522+00
2656,2004-09-22 00:00:00+00,432/787,0.664,131320.00,193850.00,,T3 - BACIA DO TEJO-SADO / MARGEM ESQUERDA,,ATALAIA,2025-07-17 14:15:53.832522+00
2657,2013-03-05 09:55:00+00,432/963,1.2,123946.40,194839.57,,T3 - BACIA DO TEJO-SADO / MARGEM ESQUERDA,EM SERVIÇO,SAMOUCO,2025-07-17 14:15:53.832522+00
2658,2013-11-08 11:00:00+00,432/963,2.000,123946.40,194839.57,,T3 - BACIA DO TEJO-SADO / MARGEM ESQUERDA,EM SERVIÇO,SAMOUCO,2025-07-17 14:15:53.832522+00
2659,2014-02-26 10:35:00+00,432/963,2.2,123946.40,194839.57,,T3 - BACIA DO TEJO-SADO / MARGEM ESQUERDA,EM SERVIÇO,SAMOUCO,2025-07-17 14:15:53.832522+00
2660,2014-09-17 10:15:00+00,432/963,0.890,123946.40,194839.57,,T3 - BACIA DO TEJO-SADO / MARGEM ESQUERDA,EM SERVIÇO,SAMOUCO,2025-07-17 14:15:53.832522+00
2661,2015-02-23 10:25:00+00,432/963,0.890,123946.40,194839.57,,T3 - BACIA DO TEJO-SADO / MARGEM ESQUERDA,EM SERVIÇO,SAMOUCO,2025-07-17 14:15:53.832522+00
2662,2015-09-21 10:25:00+00,432/963,0.890,123946.40,194839.57,,T3 - BACIA DO TEJO-SADO / MARGEM ESQUERDA,EM SERVIÇO,SAMOUCO,2025-07-17 14:15:53.832522+00
2663,2016-02-17 10:30:00+00,432/963,1.4,123946.40,194839.57,,T3 - BACIA DO TEJO-SADO / MARGEM ESQUERDA,EM SERVIÇO,SAMOUCO,2025-07-17 14:15:53.832522+00
2664,2016-09-07 09:50:00+00,432/963,0.890,123946.40,194839.57,,T3 - BACIA DO TEJO-SADO / MARGEM ESQUERDA,EM SERVIÇO,SAMOUCO,2025-07-17 14:15:53.832522+00
2665,2017-02-22 10:20:00+00,432/963,0.890,123946.40,194839.57,,T3 - BACIA DO TEJO-SADO / MARGEM ESQUERDA,EM SERVIÇO,SAMOUCO,2025-07-17 14:15:53.832522+00
2666,2018-01-03 00:00:00+00,432/963,10.000,123946.40,194839.57,,T3 - BACIA DO TEJO-SADO / MARGEM ESQUERDA,EM SERVIÇO,SAMOUCO,2025-07-17 14:15:53.832522+00
2667,2018-10-01 10:20:00+00,432/963,0.890,123946.40,194839.57,,T3 - BACIA DO TEJO-SADO / MARGEM ESQUERDA,EM SERVIÇO,SAMOUCO,2025-07-17 14:15:53.832522+00
2668,2019-04-23 00:00:00+00,432/963,10.000,123946.40,194839.57,,T3 - BACIA DO TEJO-SADO / MARGEM ESQUERDA,EM SERVIÇO,SAMOUCO,2025-07-17 14:15:53.832522+00
2669,2019-10-10 00:00:00+00,432/963,10.000,123946.40,194839.57,,T3 - BACIA DO TEJO-SADO / MARGEM ESQUERDA,EM SERVIÇO,SAMOUCO,2025-07-17 14:15:53.832522+00
2670,2020-05-27 00:00:00+00,432/963,10.000,123946.40,194839.57,,T3 - BACIA DO TEJO-SADO / MARGEM ESQUERDA,EM SERVIÇO,SAMOUCO,2025-07-17 14:15:53.832522+00
2671,2020-09-16 00:00:00+00,432/963,10.000,123946.40,194839.57,,T3 - BACIA DO TEJO-SADO / MARGEM ESQUERDA,EM SERVIÇO,SAMOUCO,2025-07-17 14:15:53.832522+00
2672,2021-05-26 00:00:00+00,432/963,2.000,123946.40,194839.57,,T3 - BACIA DO TEJO-SADO / MARGEM ESQUERDA,EM SERVIÇO,SAMOUCO,2025-07-17 14:15:53.832522+00
2673,2021-09-15 00:00:00+00,432/963,2.000,123946.40,194839.57,,T3 - BACIA DO TEJO-SADO / MARGEM ESQUERDA,EM SERVIÇO,SAMOUCO,2025-07-17 14:15:53.832522+00
2674,2022-06-08 00:00:00+00,432/963,2.000,123946.40,194839.57,,T3 - BACIA DO TEJO-SADO / MARGEM ESQUERDA,EM SERVIÇO,SAMOUCO,2025-07-17 14:15:53.832522+00
2675,2022-09-14 00:00:00+00,432/963,2.000,123946.40,194839.57,,T3 - BACIA DO TEJO-SADO / MARGEM ESQUERDA,EM SERVIÇO,SAMOUCO,2025-07-17 14:15:53.832522+00
2676,2023-06-21 00:00:00+00,432/963,3.86,123946.40,194839.57,,T3 - BACIA DO TEJO-SADO / MARGEM ESQUERDA,EM SERVIÇO,SAMOUCO,2025-07-17 14:15:53.832522+00
2677,2023-09-13 00:00:00+00,432/963,2.000,123946.40,194839.57,,T3 - BACIA DO TEJO-SADO / MARGEM ESQUERDA,EM SERVIÇO,SAMOUCO,2025-07-17 14:15:53.832522+00
2678,2006-04-19 00:00:00+00,433/AG50,130.0,145744.00,194794.00,44,T3 - BACIA DO TEJO-SADO / MARGEM ESQUERDA,DESTRUÍDO,POCEIRÃO,2025-07-17 14:15:53.832522+00
2679,2006-11-14 00:00:00+00,433/AG50,170.0,145744.00,194794.00,44,T3 - BACIA DO TEJO-SADO / MARGEM ESQUERDA,DESTRUÍDO,POCEIRÃO,2025-07-17 14:15:53.832522+00
2680,2007-03-22 00:00:00+00,433/AG50,140.0,145744.00,194794.00,44,T3 - BACIA DO TEJO-SADO / MARGEM ESQUERDA,DESTRUÍDO,POCEIRÃO,2025-07-17 14:15:53.832522+00
2681,2007-11-15 00:00:00+00,433/AG50,45.0,145744.00,194794.00,44,T3 - BACIA DO TEJO-SADO / MARGEM ESQUERDA,DESTRUÍDO,POCEIRÃO,2025-07-17 14:15:53.832522+00
2682,2008-04-21 00:00:00+00,433/AG50,29.0,145744.00,194794.00,44,T3 - BACIA DO TEJO-SADO / MARGEM ESQUERDA,DESTRUÍDO,POCEIRÃO,2025-07-17 14:15:53.832522+00
2683,2010-07-26 15:15:00+00,433/AG50,47.0,145744.00,194794.00,44,T3 - BACIA DO TEJO-SADO / MARGEM ESQUERDA,DESTRUÍDO,POCEIRÃO,2025-07-17 14:15:53.832522+00
2684,2012-11-08 12:45:00+00,433/AG50,1.0,145744.00,194794.00,44,T3 - BACIA DO TEJO-SADO / MARGEM ESQUERDA,DESTRUÍDO,POCEIRÃO,2025-07-17 14:15:53.832522+00
2685,2013-03-07 11:15:00+00,433/AG50,34.0,145744.00,194794.00,44,T3 - BACIA DO TEJO-SADO / MARGEM ESQUERDA,DESTRUÍDO,POCEIRÃO,2025-07-17 14:15:53.832522+00
2686,2013-11-14 13:00:00+00,433/AG50,2.000,145744.00,194794.00,44,T3 - BACIA DO TEJO-SADO / MARGEM ESQUERDA,DESTRUÍDO,POCEIRÃO,2025-07-17 14:15:53.832522+00
2687,2014-02-27 11:55:00+00,433/AG50,13.0,145744.00,194794.00,44,T3 - BACIA DO TEJO-SADO / MARGEM ESQUERDA,DESTRUÍDO,POCEIRÃO,2025-07-17 14:15:53.832522+00
2688,2014-09-23 12:55:00+00,433/AG50,0.890,145744.00,194794.00,44,T3 - BACIA DO TEJO-SADO / MARGEM ESQUERDA,DESTRUÍDO,POCEIRÃO,2025-07-17 14:15:53.832522+00
2689,2015-02-24 12:15:00+00,433/AG50,30.0,145744.00,194794.00,44,T3 - BACIA DO TEJO-SADO / MARGEM ESQUERDA,DESTRUÍDO,POCEIRÃO,2025-07-17 14:15:53.832522+00
2690,2015-09-28 12:10:00+00,433/AG50,0.890,145744.00,194794.00,44,T3 - BACIA DO TEJO-SADO / MARGEM ESQUERDA,DESTRUÍDO,POCEIRÃO,2025-07-17 14:15:53.832522+00
2691,2016-02-23 12:10:00+00,433/AG50,20.0,145744.00,194794.00,44,T3 - BACIA DO TEJO-SADO / MARGEM ESQUERDA,DESTRUÍDO,POCEIRÃO,2025-07-17 14:15:53.832522+00
2692,2016-09-19 12:15:00+00,433/AG50,0.890,145744.00,194794.00,44,T3 - BACIA DO TEJO-SADO / MARGEM ESQUERDA,DESTRUÍDO,POCEIRÃO,2025-07-17 14:15:53.832522+00
2693,2017-03-13 11:45:00+00,433/AG50,5.4,145744.00,194794.00,44,T3 - BACIA DO TEJO-SADO / MARGEM ESQUERDA,DESTRUÍDO,POCEIRÃO,2025-07-17 14:15:53.832522+00
2694,2017-11-13 11:05:00+00,433/AG50,1.5,145744.00,194794.00,44,T3 - BACIA DO TEJO-SADO / MARGEM ESQUERDA,DESTRUÍDO,POCEIRÃO,2025-07-17 14:15:53.832522+00
2695,2018-04-19 11:45:00+00,433/AG50,4.4,145744.00,194794.00,44,T3 - BACIA DO TEJO-SADO / MARGEM ESQUERDA,DESTRUÍDO,POCEIRÃO,2025-07-17 14:15:53.832522+00
2696,2018-10-15 10:45:00+00,433/AG50,1.3,145744.00,194794.00,44,T3 - BACIA DO TEJO-SADO / MARGEM ESQUERDA,DESTRUÍDO,POCEIRÃO,2025-07-17 14:15:53.832522+00
2697,2019-04-16 12:25:00+00,433/AG50,0.8,145744.00,194794.00,44,T3 - BACIA DO TEJO-SADO / MARGEM ESQUERDA,DESTRUÍDO,POCEIRÃO,2025-07-17 14:15:53.832522+00
2698,2021-03-02 11:50:00+00,433/AG50,0.890,145744.00,194794.00,44,T3 - BACIA DO TEJO-SADO / MARGEM ESQUERDA,DESTRUÍDO,POCEIRÃO,2025-07-17 14:15:53.832522+00
2699,2006-03-20 00:00:00+00,433/AG74,12.36,140237.00,197293.00,35,T3 - BACIA DO TEJO-SADO / MARGEM ESQUERDA,,ALCOCHETE,2025-07-17 14:15:53.832522+00
2700,2006-11-08 00:00:00+00,433/AG74,11.95,140237.00,197293.00,35,T3 - BACIA DO TEJO-SADO / MARGEM ESQUERDA,,ALCOCHETE,2025-07-17 14:15:53.832522+00
2701,2008-03-03 00:00:00+00,433/AG74,9.7,140237.00,197293.00,35,T3 - BACIA DO TEJO-SADO / MARGEM ESQUERDA,,ALCOCHETE,2025-07-17 14:15:53.832522+00
2702,2008-09-22 00:00:00+00,433/AG74,12.36,140237.00,197293.00,35,T3 - BACIA DO TEJO-SADO / MARGEM ESQUERDA,,ALCOCHETE,2025-07-17 14:15:53.832522+00
2703,2009-05-11 00:00:00+00,433/AG74,9.303,140237.00,197293.00,35,T3 - BACIA DO TEJO-SADO / MARGEM ESQUERDA,,ALCOCHETE,2025-07-17 14:15:53.832522+00
2704,2009-10-07 00:00:00+00,433/AG74,12.847,140237.00,197293.00,35,T3 - BACIA DO TEJO-SADO / MARGEM ESQUERDA,,ALCOCHETE,2025-07-17 14:15:53.832522+00
2705,2010-06-21 10:45:00+00,433/AG74,2.000,140237.00,197293.00,35,T3 - BACIA DO TEJO-SADO / MARGEM ESQUERDA,,ALCOCHETE,2025-07-17 14:15:53.832522+00
2706,2011-04-14 16:00:00+00,433/AG74,2.000,140237.00,197293.00,35,T3 - BACIA DO TEJO-SADO / MARGEM ESQUERDA,,ALCOCHETE,2025-07-17 14:15:53.832522+00
2707,2012-11-05 11:50:00+00,433/AG74,9.5,140237.00,197293.00,35,T3 - BACIA DO TEJO-SADO / MARGEM ESQUERDA,,ALCOCHETE,2025-07-17 14:15:53.832522+00
2708,2013-03-05 11:25:00+00,433/AG74,13.0,140237.00,197293.00,35,T3 - BACIA DO TEJO-SADO / MARGEM ESQUERDA,,ALCOCHETE,2025-07-17 14:15:53.832522+00
2709,2013-11-08 09:45:00+00,433/AG74,2.000,140237.00,197293.00,35,T3 - BACIA DO TEJO-SADO / MARGEM ESQUERDA,,ALCOCHETE,2025-07-17 14:15:53.832522+00
2710,2014-02-26 11:55:00+00,433/AG74,23.0,140237.00,197293.00,35,T3 - BACIA DO TEJO-SADO / MARGEM ESQUERDA,,ALCOCHETE,2025-07-17 14:15:53.832522+00
2711,2014-09-17 11:50:00+00,433/AG74,26.0,140237.00,197293.00,35,T3 - BACIA DO TEJO-SADO / MARGEM ESQUERDA,,ALCOCHETE,2025-07-17 14:15:53.832522+00
2712,2015-02-23 11:25:00+00,433/AG74,18.0,140237.00,197293.00,35,T3 - BACIA DO TEJO-SADO / MARGEM ESQUERDA,,ALCOCHETE,2025-07-17 14:15:53.832522+00
2713,2015-09-21 11:35:00+00,433/AG74,25.0,140237.00,197293.00,35,T3 - BACIA DO TEJO-SADO / MARGEM ESQUERDA,,ALCOCHETE,2025-07-17 14:15:53.832522+00
2714,2016-09-07 11:35:00+00,433/AG74,18.0,140237.00,197293.00,35,T3 - BACIA DO TEJO-SADO / MARGEM ESQUERDA,,ALCOCHETE,2025-07-17 14:15:53.832522+00
2715,2017-02-22 11:35:00+00,433/AG74,32.0,140237.00,197293.00,35,T3 - BACIA DO TEJO-SADO / MARGEM ESQUERDA,,ALCOCHETE,2025-07-17 14:15:53.832522+00
2716,2017-11-08 11:30:00+00,433/AG74,38.0,140237.00,197293.00,35,T3 - BACIA DO TEJO-SADO / MARGEM ESQUERDA,,ALCOCHETE,2025-07-17 14:15:53.832522+00
2717,2018-05-03 12:45:00+00,433/AG74,29.0,140237.00,197293.00,35,T3 - BACIA DO TEJO-SADO / MARGEM ESQUERDA,,ALCOCHETE,2025-07-17 14:15:53.832522+00
2718,2018-10-01 11:55:00+00,433/AG74,33.0,140237.00,197293.00,35,T3 - BACIA DO TEJO-SADO / MARGEM ESQUERDA,,ALCOCHETE,2025-07-17 14:15:53.832522+00
2719,2019-03-06 11:15:00+00,433/AG74,25.0,140237.00,197293.00,35,T3 - BACIA DO TEJO-SADO / MARGEM ESQUERDA,,ALCOCHETE,2025-07-17 14:15:53.832522+00
2720,2019-10-17 11:30:00+00,433/AG74,34.0,140237.00,197293.00,35,T3 - BACIA DO TEJO-SADO / MARGEM ESQUERDA,,ALCOCHETE,2025-07-17 14:15:53.832522+00
2721,2020-03-02 10:30:00+00,433/AG74,34.0,140237.00,197293.00,35,T3 - BACIA DO TEJO-SADO / MARGEM ESQUERDA,,ALCOCHETE,2025-07-17 14:15:53.832522+00
2722,2020-09-28 11:00:00+00,433/AG74,28.0,140237.00,197293.00,35,T3 - BACIA DO TEJO-SADO / MARGEM ESQUERDA,,ALCOCHETE,2025-07-17 14:15:53.832522+00
2723,2021-03-15 11:10:00+00,433/AG74,29.0,140237.00,197293.00,35,T3 - BACIA DO TEJO-SADO / MARGEM ESQUERDA,,ALCOCHETE,2025-07-17 14:15:53.832522+00
2724,2021-09-29 11:50:00+00,433/AG74,47.0,140237.00,197293.00,35,T3 - BACIA DO TEJO-SADO / MARGEM ESQUERDA,,ALCOCHETE,2025-07-17 14:15:53.832522+00
2725,2022-03-29 10:35:00+00,433/AG74,52.0,140237.00,197293.00,35,T3 - BACIA DO TEJO-SADO / MARGEM ESQUERDA,,ALCOCHETE,2025-07-17 14:15:53.832522+00
2726,2022-10-06 11:10:00+00,433/AG74,53.0,140237.00,197293.00,35,T3 - BACIA DO TEJO-SADO / MARGEM ESQUERDA,,ALCOCHETE,2025-07-17 14:15:53.832522+00
2727,2023-03-27 10:40:00+00,433/AG74,34.0,140237.00,197293.00,35,T3 - BACIA DO TEJO-SADO / MARGEM ESQUERDA,,ALCOCHETE,2025-07-17 14:15:53.832522+00
2728,2023-09-19 11:25:00+00,433/AG74,59.0,140237.00,197293.00,35,T3 - BACIA DO TEJO-SADO / MARGEM ESQUERDA,,ALCOCHETE,2025-07-17 14:15:53.832522+00
2729,2006-04-19 00:00:00+00,433/AG76,54.0,149725.00,195039.00,66,T3 - BACIA DO TEJO-SADO / MARGEM ESQUERDA,DESTRUÍDO,POCEIRÃO,2025-07-17 14:15:53.832522+00
2730,2006-11-14 00:00:00+00,433/AG76,52.0,149725.00,195039.00,66,T3 - BACIA DO TEJO-SADO / MARGEM ESQUERDA,DESTRUÍDO,POCEIRÃO,2025-07-17 14:15:53.832522+00
2731,2007-03-22 00:00:00+00,433/AG76,52.0,149725.00,195039.00,66,T3 - BACIA DO TEJO-SADO / MARGEM ESQUERDA,DESTRUÍDO,POCEIRÃO,2025-07-17 14:15:53.832522+00
2732,2007-11-15 00:00:00+00,433/AG76,27.0,149725.00,195039.00,66,T3 - BACIA DO TEJO-SADO / MARGEM ESQUERDA,DESTRUÍDO,POCEIRÃO,2025-07-17 14:15:53.832522+00
2733,2008-04-21 00:00:00+00,433/AG76,83.0,149725.00,195039.00,66,T3 - BACIA DO TEJO-SADO / MARGEM ESQUERDA,DESTRUÍDO,POCEIRÃO,2025-07-17 14:15:53.832522+00
2734,2009-04-28 00:00:00+00,433/AG76,35.0,149725.00,195039.00,66,T3 - BACIA DO TEJO-SADO / MARGEM ESQUERDA,DESTRUÍDO,POCEIRÃO,2025-07-17 14:15:53.832522+00
2735,2009-10-22 00:00:00+00,433/AG76,48.0,149725.00,195039.00,66,T3 - BACIA DO TEJO-SADO / MARGEM ESQUERDA,DESTRUÍDO,POCEIRÃO,2025-07-17 14:15:53.832522+00
2736,2010-06-25 15:45:00+00,433/AG76,250.0,149725.00,195039.00,66,T3 - BACIA DO TEJO-SADO / MARGEM ESQUERDA,DESTRUÍDO,POCEIRÃO,2025-07-17 14:15:53.832522+00
2737,2011-02-17 10:00:00+00,433/AG76,100.0,149725.00,195039.00,66,T3 - BACIA DO TEJO-SADO / MARGEM ESQUERDA,DESTRUÍDO,POCEIRÃO,2025-07-17 14:15:53.832522+00
2738,2012-11-08 12:20:00+00,433/AG76,92.0,149725.00,195039.00,66,T3 - BACIA DO TEJO-SADO / MARGEM ESQUERDA,DESTRUÍDO,POCEIRÃO,2025-07-17 14:15:53.832522+00
2739,2013-11-14 12:00:00+00,433/AG76,35.0,149725.00,195039.00,66,T3 - BACIA DO TEJO-SADO / MARGEM ESQUERDA,DESTRUÍDO,POCEIRÃO,2025-07-17 14:15:53.832522+00
2740,2008-10-13 00:00:00+00,330/187,5.27,176820.00,275630.00,,T7 - ALUVIÕES DO TEJO,,CARREGUEIRA,2025-07-17 14:15:53.832522+00
2741,2014-02-27 11:40:00+00,433/AG76,28.0,149725.00,195039.00,66,T3 - BACIA DO TEJO-SADO / MARGEM ESQUERDA,DESTRUÍDO,POCEIRÃO,2025-07-17 14:15:53.832522+00
2742,2015-02-24 11:55:00+00,433/AG76,44.0,149725.00,195039.00,66,T3 - BACIA DO TEJO-SADO / MARGEM ESQUERDA,DESTRUÍDO,POCEIRÃO,2025-07-17 14:15:53.832522+00
2743,2015-09-28 12:00:00+00,433/AG76,11.0,149725.00,195039.00,66,T3 - BACIA DO TEJO-SADO / MARGEM ESQUERDA,DESTRUÍDO,POCEIRÃO,2025-07-17 14:15:53.832522+00
2744,2016-02-23 11:50:00+00,433/AG76,52.0,149725.00,195039.00,66,T3 - BACIA DO TEJO-SADO / MARGEM ESQUERDA,DESTRUÍDO,POCEIRÃO,2025-07-17 14:15:54.170254+00
2745,2016-09-19 11:35:00+00,433/AG76,8.8,149725.00,195039.00,66,T3 - BACIA DO TEJO-SADO / MARGEM ESQUERDA,DESTRUÍDO,POCEIRÃO,2025-07-17 14:15:54.170254+00
2746,2017-03-13 11:25:00+00,433/AG76,57.0,149725.00,195039.00,66,T3 - BACIA DO TEJO-SADO / MARGEM ESQUERDA,DESTRUÍDO,POCEIRÃO,2025-07-17 14:15:54.170254+00
2747,2017-11-13 11:30:00+00,433/AG76,2.5,149725.00,195039.00,66,T3 - BACIA DO TEJO-SADO / MARGEM ESQUERDA,DESTRUÍDO,POCEIRÃO,2025-07-17 14:15:54.170254+00
2748,2018-04-19 11:10:00+00,433/AG76,2.9,149725.00,195039.00,66,T3 - BACIA DO TEJO-SADO / MARGEM ESQUERDA,DESTRUÍDO,POCEIRÃO,2025-07-17 14:15:54.170254+00
2749,2018-10-15 11:05:00+00,433/AG76,0.890,149725.00,195039.00,66,T3 - BACIA DO TEJO-SADO / MARGEM ESQUERDA,DESTRUÍDO,POCEIRÃO,2025-07-17 14:15:54.170254+00
2750,2019-04-16 12:05:00+00,433/AG76,0.890,149725.00,195039.00,66,T3 - BACIA DO TEJO-SADO / MARGEM ESQUERDA,DESTRUÍDO,POCEIRÃO,2025-07-17 14:15:54.170254+00
2751,2019-10-15 11:40:00+00,433/AG76,0.890,149725.00,195039.00,66,T3 - BACIA DO TEJO-SADO / MARGEM ESQUERDA,DESTRUÍDO,POCEIRÃO,2025-07-17 14:15:54.170254+00
2752,2020-10-27 11:45:00+00,433/AG76,5.1,149725.00,195039.00,66,T3 - BACIA DO TEJO-SADO / MARGEM ESQUERDA,DESTRUÍDO,POCEIRÃO,2025-07-17 14:15:54.170254+00
2753,2021-04-19 00:00:00+00,434/2,2.0,167936.00,194380.00,70,T3 - BACIA DO TEJO-SADO / MARGEM ESQUERDA,,VENDAS NOVAS,2025-07-17 14:15:54.170254+00
2754,2021-10-04 00:00:00+00,434/2,2.1,167936.00,194380.00,70,T3 - BACIA DO TEJO-SADO / MARGEM ESQUERDA,,VENDAS NOVAS,2025-07-17 14:15:54.170254+00
2755,2022-04-19 00:00:00+00,434/2,2.1,167936.00,194380.00,70,T3 - BACIA DO TEJO-SADO / MARGEM ESQUERDA,,VENDAS NOVAS,2025-07-17 14:15:54.170254+00
2756,2022-10-24 00:00:00+00,434/2,1.0,167936.00,194380.00,70,T3 - BACIA DO TEJO-SADO / MARGEM ESQUERDA,,VENDAS NOVAS,2025-07-17 14:15:54.170254+00
2757,2023-04-10 00:00:00+00,434/2,2.1,167936.00,194380.00,70,T3 - BACIA DO TEJO-SADO / MARGEM ESQUERDA,,VENDAS NOVAS,2025-07-17 14:15:54.170254+00
2758,2021-04-19 00:00:00+00,434/3,10.0,167631.00,194815.00,70,T3 - BACIA DO TEJO-SADO / MARGEM ESQUERDA,,VENDAS NOVAS,2025-07-17 14:15:54.170254+00
2759,2021-10-04 00:00:00+00,434/3,4.8,167631.00,194815.00,70,T3 - BACIA DO TEJO-SADO / MARGEM ESQUERDA,,VENDAS NOVAS,2025-07-17 14:15:54.170254+00
2760,2022-04-19 00:00:00+00,434/3,6.1,167631.00,194815.00,70,T3 - BACIA DO TEJO-SADO / MARGEM ESQUERDA,,VENDAS NOVAS,2025-07-17 14:15:54.170254+00
2761,2022-10-24 00:00:00+00,434/3,19.0,167631.00,194815.00,70,T3 - BACIA DO TEJO-SADO / MARGEM ESQUERDA,,VENDAS NOVAS,2025-07-17 14:15:54.170254+00
2762,2023-04-10 00:00:00+00,434/3,5.5,167631.00,194815.00,70,T3 - BACIA DO TEJO-SADO / MARGEM ESQUERDA,,VENDAS NOVAS,2025-07-17 14:15:54.170254+00
2763,2021-04-19 00:00:00+00,434/307,1.6,167360.00,195200.00,56,T3 - BACIA DO TEJO-SADO / MARGEM ESQUERDA,,VENDAS NOVAS,2025-07-17 14:15:54.170254+00
2764,2021-10-04 00:00:00+00,434/307,1.5,167360.00,195200.00,56,T3 - BACIA DO TEJO-SADO / MARGEM ESQUERDA,,VENDAS NOVAS,2025-07-17 14:15:54.170254+00
2765,2022-04-19 00:00:00+00,434/307,1.4,167360.00,195200.00,56,T3 - BACIA DO TEJO-SADO / MARGEM ESQUERDA,,VENDAS NOVAS,2025-07-17 14:15:54.170254+00
2766,2022-10-24 00:00:00+00,434/307,1.1,167360.00,195200.00,56,T3 - BACIA DO TEJO-SADO / MARGEM ESQUERDA,,VENDAS NOVAS,2025-07-17 14:15:54.170254+00
2767,2023-04-10 00:00:00+00,434/307,1.4,167360.00,195200.00,56,T3 - BACIA DO TEJO-SADO / MARGEM ESQUERDA,,VENDAS NOVAS,2025-07-17 14:15:54.170254+00
2773,2006-03-29 00:00:00+00,434/AG54,26.0,165002.00,193207.00,88,T3 - BACIA DO TEJO-SADO / MARGEM ESQUERDA,,CANHA,2025-07-17 14:15:54.170254+00
2774,2006-11-13 00:00:00+00,434/AG54,25.68,165002.00,193207.00,88,T3 - BACIA DO TEJO-SADO / MARGEM ESQUERDA,,CANHA,2025-07-17 14:15:54.170254+00
2775,2007-03-13 00:00:00+00,434/AG54,31.0,165002.00,193207.00,88,T3 - BACIA DO TEJO-SADO / MARGEM ESQUERDA,,CANHA,2025-07-17 14:15:54.170254+00
2776,2008-03-31 00:00:00+00,434/AG54,30.0,165002.00,193207.00,88,T3 - BACIA DO TEJO-SADO / MARGEM ESQUERDA,,CANHA,2025-07-17 14:15:54.170254+00
2777,2009-04-13 00:00:00+00,434/AG54,27.023,165002.00,193207.00,88,T3 - BACIA DO TEJO-SADO / MARGEM ESQUERDA,,CANHA,2025-07-17 14:15:54.170254+00
2778,2009-09-22 00:00:00+00,434/AG54,16.391,165002.00,193207.00,88,T3 - BACIA DO TEJO-SADO / MARGEM ESQUERDA,,CANHA,2025-07-17 14:15:54.170254+00
2779,2010-07-26 16:45:00+00,434/AG54,39.0,165002.00,193207.00,88,T3 - BACIA DO TEJO-SADO / MARGEM ESQUERDA,,CANHA,2025-07-17 14:15:54.170254+00
2780,2012-11-05 11:00:00+00,434/AG54,8.6,165002.00,193207.00,88,T3 - BACIA DO TEJO-SADO / MARGEM ESQUERDA,,CANHA,2025-07-17 14:15:54.170254+00
2781,2013-03-05 10:50:00+00,434/AG54,8.3,165002.00,193207.00,88,T3 - BACIA DO TEJO-SADO / MARGEM ESQUERDA,,CANHA,2025-07-17 14:15:54.170254+00
2782,2013-11-08 12:40:00+00,434/AG54,2.000,165002.00,193207.00,88,T3 - BACIA DO TEJO-SADO / MARGEM ESQUERDA,,CANHA,2025-07-17 14:15:54.170254+00
2783,2014-02-26 11:20:00+00,434/AG54,7.8,165002.00,193207.00,88,T3 - BACIA DO TEJO-SADO / MARGEM ESQUERDA,,CANHA,2025-07-17 14:15:54.170254+00
2784,2014-09-17 12:35:00+00,434/AG54,9.6,165002.00,193207.00,88,T3 - BACIA DO TEJO-SADO / MARGEM ESQUERDA,,CANHA,2025-07-17 14:15:54.170254+00
2785,2015-02-23 12:05:00+00,434/AG54,13.0,165002.00,193207.00,88,T3 - BACIA DO TEJO-SADO / MARGEM ESQUERDA,,CANHA,2025-07-17 14:15:54.170254+00
2786,2015-09-21 13:00:00+00,434/AG54,10.0,165002.00,193207.00,88,T3 - BACIA DO TEJO-SADO / MARGEM ESQUERDA,,CANHA,2025-07-17 14:15:54.170254+00
2787,2016-09-07 13:40:00+00,434/AG54,10.0,165002.00,193207.00,88,T3 - BACIA DO TEJO-SADO / MARGEM ESQUERDA,,CANHA,2025-07-17 14:15:54.170254+00
2788,2017-02-22 12:25:00+00,434/AG54,10.0,165002.00,193207.00,88,T3 - BACIA DO TEJO-SADO / MARGEM ESQUERDA,,CANHA,2025-07-17 14:15:54.170254+00
2789,2017-11-08 12:20:00+00,434/AG54,10.0,165002.00,193207.00,88,T3 - BACIA DO TEJO-SADO / MARGEM ESQUERDA,,CANHA,2025-07-17 14:15:54.170254+00
2790,2018-05-03 11:40:00+00,434/AG54,10.0,165002.00,193207.00,88,T3 - BACIA DO TEJO-SADO / MARGEM ESQUERDA,,CANHA,2025-07-17 14:15:54.170254+00
2791,2018-10-01 12:30:00+00,434/AG54,10.0,165002.00,193207.00,88,T3 - BACIA DO TEJO-SADO / MARGEM ESQUERDA,,CANHA,2025-07-17 14:15:54.170254+00
2792,2019-03-06 12:20:00+00,434/AG54,10.0,165002.00,193207.00,88,T3 - BACIA DO TEJO-SADO / MARGEM ESQUERDA,,CANHA,2025-07-17 14:15:54.170254+00
2793,2020-03-02 12:05:00+00,434/AG54,11.0,165002.00,193207.00,88,T3 - BACIA DO TEJO-SADO / MARGEM ESQUERDA,,CANHA,2025-07-17 14:15:54.170254+00
2794,2020-09-28 12:00:00+00,434/AG54,11.0,165002.00,193207.00,88,T3 - BACIA DO TEJO-SADO / MARGEM ESQUERDA,,CANHA,2025-07-17 14:15:54.170254+00
2795,2021-03-15 12:00:00+00,434/AG54,10.0,165002.00,193207.00,88,T3 - BACIA DO TEJO-SADO / MARGEM ESQUERDA,,CANHA,2025-07-17 14:15:54.170254+00
2796,2021-09-29 11:00:00+00,434/AG54,10.0,165002.00,193207.00,88,T3 - BACIA DO TEJO-SADO / MARGEM ESQUERDA,,CANHA,2025-07-17 14:15:54.170254+00
2797,2022-03-29 11:20:00+00,434/AG54,12.0,165002.00,193207.00,88,T3 - BACIA DO TEJO-SADO / MARGEM ESQUERDA,,CANHA,2025-07-17 14:15:54.170254+00
2798,2022-10-06 11:50:00+00,434/AG54,11.0,165002.00,193207.00,88,T3 - BACIA DO TEJO-SADO / MARGEM ESQUERDA,,CANHA,2025-07-17 14:15:54.170254+00
2799,2023-03-27 11:20:00+00,434/AG54,11.0,165002.00,193207.00,88,T3 - BACIA DO TEJO-SADO / MARGEM ESQUERDA,,CANHA,2025-07-17 14:15:54.170254+00
2800,2023-09-19 12:00:00+00,434/AG54,11.0,165002.00,193207.00,88,T3 - BACIA DO TEJO-SADO / MARGEM ESQUERDA,,CANHA,2025-07-17 14:15:54.170254+00
2818,2017-10-09 09:00:00+00,330/233,84.0,170250.00,273470.00,,T7 - ALUVIÕES DO TEJO,,,2025-07-17 14:15:54.170254+00
3004,2009-05-27 00:00:00+00,330/187,2.259,176820.00,275630.00,,T7 - ALUVIÕES DO TEJO,,CARREGUEIRA,2025-07-17 14:15:54.170254+00
3042,2006-02-22 00:00:00+00,443/1118,2.48,124269.00,184417.00,,T3 - BACIA DO TEJO-SADO / MARGEM ESQUERDA,,ALHOS VEDROS,2025-07-17 14:15:54.170254+00
3043,2006-10-02 00:00:00+00,443/1118,2.42,124269.00,184417.00,,T3 - BACIA DO TEJO-SADO / MARGEM ESQUERDA,,ALHOS VEDROS,2025-07-17 14:15:54.170254+00
3044,2008-02-25 00:00:00+00,443/1118,2.4,124269.00,184417.00,,T3 - BACIA DO TEJO-SADO / MARGEM ESQUERDA,,ALHOS VEDROS,2025-07-17 14:15:54.170254+00
3045,2008-09-30 00:00:00+00,443/1118,1.77,124269.00,184417.00,,T3 - BACIA DO TEJO-SADO / MARGEM ESQUERDA,,ALHOS VEDROS,2025-07-17 14:15:54.170254+00
3046,2009-05-12 00:00:00+00,443/1118,1.816,124269.00,184417.00,,T3 - BACIA DO TEJO-SADO / MARGEM ESQUERDA,,ALHOS VEDROS,2025-07-17 14:15:54.170254+00
3047,2009-09-28 00:00:00+00,443/1118,2.082,124269.00,184417.00,,T3 - BACIA DO TEJO-SADO / MARGEM ESQUERDA,,ALHOS VEDROS,2025-07-17 14:15:54.170254+00
3048,2010-06-21 12:50:00+00,443/1118,3.0,124269.00,184417.00,,T3 - BACIA DO TEJO-SADO / MARGEM ESQUERDA,,ALHOS VEDROS,2025-07-17 14:15:54.170254+00
3049,2013-11-29 17:00:00+00,443/1118,4.0,124269.00,184417.00,,T3 - BACIA DO TEJO-SADO / MARGEM ESQUERDA,,ALHOS VEDROS,2025-07-17 14:15:54.170254+00
3050,2013-03-11 11:45:00+00,443/1294,4.1,128391.00,186136.03,,T3 - BACIA DO TEJO-SADO / MARGEM ESQUERDA,EM SERVIÇO,MOITA,2025-07-17 14:15:54.170254+00
3051,2014-04-07 10:45:00+00,443/1294,1.8,128391.00,186136.03,,T3 - BACIA DO TEJO-SADO / MARGEM ESQUERDA,EM SERVIÇO,MOITA,2025-07-17 14:15:54.170254+00
3052,2014-10-08 11:05:00+00,443/1294,2.8,128391.00,186136.03,,T3 - BACIA DO TEJO-SADO / MARGEM ESQUERDA,EM SERVIÇO,MOITA,2025-07-17 14:15:54.170254+00
3053,2015-03-02 11:10:00+00,443/1294,5.7,128391.00,186136.03,,T3 - BACIA DO TEJO-SADO / MARGEM ESQUERDA,EM SERVIÇO,MOITA,2025-07-17 14:15:54.170254+00
3054,2015-10-07 11:15:00+00,443/1294,2.1,128391.00,186136.03,,T3 - BACIA DO TEJO-SADO / MARGEM ESQUERDA,EM SERVIÇO,MOITA,2025-07-17 14:15:54.170254+00
3055,2016-03-01 11:05:00+00,443/1294,2.3,128391.00,186136.03,,T3 - BACIA DO TEJO-SADO / MARGEM ESQUERDA,EM SERVIÇO,MOITA,2025-07-17 14:15:54.170254+00
3056,2016-10-10 11:30:00+00,443/1294,2.5,128391.00,186136.03,,T3 - BACIA DO TEJO-SADO / MARGEM ESQUERDA,EM SERVIÇO,MOITA,2025-07-17 14:15:54.170254+00
3057,2017-03-27 11:20:00+00,443/1294,4.4,128391.00,186136.03,,T3 - BACIA DO TEJO-SADO / MARGEM ESQUERDA,EM SERVIÇO,MOITA,2025-07-17 14:15:54.170254+00
3058,2017-10-23 12:10:00+00,443/1294,2.2,128391.00,186136.03,,T3 - BACIA DO TEJO-SADO / MARGEM ESQUERDA,EM SERVIÇO,MOITA,2025-07-17 14:15:54.170254+00
3059,2018-05-29 10:40:00+00,443/1294,2.1,128391.00,186136.03,,T3 - BACIA DO TEJO-SADO / MARGEM ESQUERDA,EM SERVIÇO,MOITA,2025-07-17 14:15:54.170254+00
3060,2018-10-09 11:30:00+00,443/1294,1.8,128391.00,186136.03,,T3 - BACIA DO TEJO-SADO / MARGEM ESQUERDA,EM SERVIÇO,MOITA,2025-07-17 14:15:54.170254+00
3061,2019-04-01 12:10:00+00,443/1294,1.9,128391.00,186136.03,,T3 - BACIA DO TEJO-SADO / MARGEM ESQUERDA,EM SERVIÇO,MOITA,2025-07-17 14:15:54.170254+00
3062,2019-10-14 10:55:00+00,443/1294,2.0,128391.00,186136.03,,T3 - BACIA DO TEJO-SADO / MARGEM ESQUERDA,EM SERVIÇO,MOITA,2025-07-17 14:15:54.170254+00
3063,2020-10-20 11:05:00+00,443/1294,2.3,128391.00,186136.03,,T3 - BACIA DO TEJO-SADO / MARGEM ESQUERDA,EM SERVIÇO,MOITA,2025-07-17 14:15:54.170254+00
3064,2021-03-30 11:15:00+00,443/1294,2.0,128391.00,186136.03,,T3 - BACIA DO TEJO-SADO / MARGEM ESQUERDA,EM SERVIÇO,MOITA,2025-07-17 14:15:54.170254+00
3065,2021-10-18 10:40:00+00,443/1294,3.1,128391.00,186136.03,,T3 - BACIA DO TEJO-SADO / MARGEM ESQUERDA,EM SERVIÇO,MOITA,2025-07-17 14:15:54.170254+00
3066,2022-03-14 10:25:00+00,443/1294,3.1,128391.00,186136.03,,T3 - BACIA DO TEJO-SADO / MARGEM ESQUERDA,EM SERVIÇO,MOITA,2025-07-17 14:15:54.170254+00
3067,2022-09-21 10:45:00+00,443/1294,2.4,128391.00,186136.03,,T3 - BACIA DO TEJO-SADO / MARGEM ESQUERDA,EM SERVIÇO,MOITA,2025-07-17 14:15:54.170254+00
3068,2023-04-17 11:05:00+00,443/1294,2.1,128391.00,186136.03,,T3 - BACIA DO TEJO-SADO / MARGEM ESQUERDA,EM SERVIÇO,MOITA,2025-07-17 14:15:54.170254+00
3069,2023-09-26 10:45:00+00,443/1294,3.2,128391.00,186136.03,,T3 - BACIA DO TEJO-SADO / MARGEM ESQUERDA,EM SERVIÇO,MOITA,2025-07-17 14:15:54.170254+00
3070,2000-03-20 00:00:00+00,443/263,20.64,132250.00,183270.00,,T3 - BACIA DO TEJO-SADO / MARGEM ESQUERDA,,PINHAL NOVO,2025-07-17 14:15:54.170254+00
3071,2000-10-09 00:00:00+00,443/263,22.11,132250.00,183270.00,,T3 - BACIA DO TEJO-SADO / MARGEM ESQUERDA,,PINHAL NOVO,2025-07-17 14:15:54.170254+00
3072,2001-03-21 00:00:00+00,443/263,31.67,132250.00,183270.00,,T3 - BACIA DO TEJO-SADO / MARGEM ESQUERDA,,PINHAL NOVO,2025-07-17 14:15:54.170254+00
3073,2001-10-08 00:00:00+00,443/263,25.12,132250.00,183270.00,,T3 - BACIA DO TEJO-SADO / MARGEM ESQUERDA,,PINHAL NOVO,2025-07-17 14:15:54.170254+00
3074,2002-03-25 00:00:00+00,443/263,26.71,132250.00,183270.00,,T3 - BACIA DO TEJO-SADO / MARGEM ESQUERDA,,PINHAL NOVO,2025-07-17 14:15:54.170254+00
3075,2002-10-07 00:00:00+00,443/263,23.92,132250.00,183270.00,,T3 - BACIA DO TEJO-SADO / MARGEM ESQUERDA,,PINHAL NOVO,2025-07-17 14:15:54.170254+00
3076,2003-03-31 00:00:00+00,443/263,25.83,132250.00,183270.00,,T3 - BACIA DO TEJO-SADO / MARGEM ESQUERDA,,PINHAL NOVO,2025-07-17 14:15:54.170254+00
3077,2003-10-13 00:00:00+00,443/263,28.0,132250.00,183270.00,,T3 - BACIA DO TEJO-SADO / MARGEM ESQUERDA,,PINHAL NOVO,2025-07-17 14:15:54.170254+00
3078,2004-04-26 00:00:00+00,443/263,30.97,132250.00,183270.00,,T3 - BACIA DO TEJO-SADO / MARGEM ESQUERDA,,PINHAL NOVO,2025-07-17 14:15:54.170254+00
3079,2004-10-18 00:00:00+00,443/263,28.751,132250.00,183270.00,,T3 - BACIA DO TEJO-SADO / MARGEM ESQUERDA,,PINHAL NOVO,2025-07-17 14:15:54.170254+00
3080,2005-04-19 00:00:00+00,443/263,29.19,132250.00,183270.00,,T3 - BACIA DO TEJO-SADO / MARGEM ESQUERDA,,PINHAL NOVO,2025-07-17 14:15:54.170254+00
3081,2006-04-10 00:00:00+00,443/263,38.5,132250.00,183270.00,,T3 - BACIA DO TEJO-SADO / MARGEM ESQUERDA,,PINHAL NOVO,2025-07-17 14:15:54.170254+00
3082,2006-10-23 00:00:00+00,443/263,42.93,132250.00,183270.00,,T3 - BACIA DO TEJO-SADO / MARGEM ESQUERDA,,PINHAL NOVO,2025-07-17 14:15:54.170254+00
3083,2007-11-14 00:00:00+00,443/263,43.37,132250.00,183270.00,,T3 - BACIA DO TEJO-SADO / MARGEM ESQUERDA,,PINHAL NOVO,2025-07-17 14:15:54.170254+00
3084,2008-04-08 00:00:00+00,443/263,31.85,132250.00,183270.00,,T3 - BACIA DO TEJO-SADO / MARGEM ESQUERDA,,PINHAL NOVO,2025-07-17 14:15:54.170254+00
3085,2009-04-21 00:00:00+00,443/263,36.326,132250.00,183270.00,,T3 - BACIA DO TEJO-SADO / MARGEM ESQUERDA,,PINHAL NOVO,2025-07-17 14:15:54.170254+00
3086,2009-09-29 00:00:00+00,443/263,53.16,132250.00,183270.00,,T3 - BACIA DO TEJO-SADO / MARGEM ESQUERDA,,PINHAL NOVO,2025-07-17 14:15:54.170254+00
3087,2010-06-25 14:55:00+00,443/263,35.0,132250.00,183270.00,,T3 - BACIA DO TEJO-SADO / MARGEM ESQUERDA,,PINHAL NOVO,2025-07-17 14:15:54.170254+00
3088,2011-02-17 15:30:00+00,443/263,34.0,132250.00,183270.00,,T3 - BACIA DO TEJO-SADO / MARGEM ESQUERDA,,PINHAL NOVO,2025-07-17 14:15:54.170254+00
3089,2012-11-08 11:40:00+00,443/263,34.0,132250.00,183270.00,,T3 - BACIA DO TEJO-SADO / MARGEM ESQUERDA,,PINHAL NOVO,2025-07-17 14:15:54.170254+00
3090,2013-03-07 12:10:00+00,443/263,51.0,132250.00,183270.00,,T3 - BACIA DO TEJO-SADO / MARGEM ESQUERDA,,PINHAL NOVO,2025-07-17 14:15:54.170254+00
3091,2013-11-14 10:30:00+00,443/263,26.0,132250.00,183270.00,,T3 - BACIA DO TEJO-SADO / MARGEM ESQUERDA,,PINHAL NOVO,2025-07-17 14:15:54.170254+00
3092,2014-02-27 10:10:00+00,443/263,26.0,132250.00,183270.00,,T3 - BACIA DO TEJO-SADO / MARGEM ESQUERDA,,PINHAL NOVO,2025-07-17 14:15:54.170254+00
3093,2014-09-23 11:20:00+00,443/263,32.0,132250.00,183270.00,,T3 - BACIA DO TEJO-SADO / MARGEM ESQUERDA,,PINHAL NOVO,2025-07-17 14:15:54.170254+00
3094,2015-02-24 10:35:00+00,443/263,31.0,132250.00,183270.00,,T3 - BACIA DO TEJO-SADO / MARGEM ESQUERDA,,PINHAL NOVO,2025-07-17 14:15:54.170254+00
3095,2015-09-28 10:45:00+00,443/263,37.0,132250.00,183270.00,,T3 - BACIA DO TEJO-SADO / MARGEM ESQUERDA,,PINHAL NOVO,2025-07-17 14:15:54.170254+00
3096,2016-02-23 10:30:00+00,443/263,38.0,132250.00,183270.00,,T3 - BACIA DO TEJO-SADO / MARGEM ESQUERDA,,PINHAL NOVO,2025-07-17 14:15:54.170254+00
3097,2016-09-19 10:00:00+00,443/263,49.0,132250.00,183270.00,,T3 - BACIA DO TEJO-SADO / MARGEM ESQUERDA,,PINHAL NOVO,2025-07-17 14:15:54.170254+00
3098,2017-03-13 10:30:00+00,443/263,40.0,132250.00,183270.00,,T3 - BACIA DO TEJO-SADO / MARGEM ESQUERDA,,PINHAL NOVO,2025-07-17 14:15:54.170254+00
3099,2017-11-13 10:10:00+00,443/263,40.0,132250.00,183270.00,,T3 - BACIA DO TEJO-SADO / MARGEM ESQUERDA,,PINHAL NOVO,2025-07-17 14:15:54.170254+00
3100,2018-04-26 11:20:00+00,443/263,37.0,132250.00,183270.00,,T3 - BACIA DO TEJO-SADO / MARGEM ESQUERDA,,PINHAL NOVO,2025-07-17 14:15:54.170254+00
3101,2019-04-16 10:45:00+00,443/263,44.0,132250.00,183270.00,,T3 - BACIA DO TEJO-SADO / MARGEM ESQUERDA,,PINHAL NOVO,2025-07-17 14:15:54.170254+00
3102,2020-05-05 10:30:00+00,443/263,37.0,132250.00,183270.00,,T3 - BACIA DO TEJO-SADO / MARGEM ESQUERDA,,PINHAL NOVO,2025-07-17 14:15:54.170254+00
3103,2020-10-27 10:20:00+00,443/263,39.0,132250.00,183270.00,,T3 - BACIA DO TEJO-SADO / MARGEM ESQUERDA,,PINHAL NOVO,2025-07-17 14:15:54.170254+00
3104,2021-03-02 10:30:00+00,443/263,36.0,132250.00,183270.00,,T3 - BACIA DO TEJO-SADO / MARGEM ESQUERDA,,PINHAL NOVO,2025-07-17 14:15:54.170254+00
3105,2021-11-23 10:35:00+00,443/263,39.0,132250.00,183270.00,,T3 - BACIA DO TEJO-SADO / MARGEM ESQUERDA,,PINHAL NOVO,2025-07-17 14:15:54.170254+00
3106,2022-09-20 10:18:00+00,443/263,45.0,132250.00,183270.00,,T3 - BACIA DO TEJO-SADO / MARGEM ESQUERDA,,PINHAL NOVO,2025-07-17 14:15:54.170254+00
3107,2023-04-04 10:05:00+00,443/263,40.0,132250.00,183270.00,,T3 - BACIA DO TEJO-SADO / MARGEM ESQUERDA,,PINHAL NOVO,2025-07-17 14:15:54.170254+00
3108,2023-10-18 10:00:00+00,443/263,42.0,132250.00,183270.00,,T3 - BACIA DO TEJO-SADO / MARGEM ESQUERDA,,PINHAL NOVO,2025-07-17 14:15:54.170254+00
3121,2000-03-20 00:00:00+00,443/46,33.05,131860.00,180060.00,,T3 - BACIA DO TEJO-SADO / MARGEM ESQUERDA,,PALMELA,2025-07-17 14:15:54.170254+00
3122,2000-10-09 00:00:00+00,443/46,21.26,131860.00,180060.00,,T3 - BACIA DO TEJO-SADO / MARGEM ESQUERDA,,PALMELA,2025-07-17 14:15:54.170254+00
3123,2001-03-21 00:00:00+00,443/46,21.97,131860.00,180060.00,,T3 - BACIA DO TEJO-SADO / MARGEM ESQUERDA,,PALMELA,2025-07-17 14:15:54.170254+00
3124,2001-10-08 10:35:00+00,443/46,24.22,131860.00,180060.00,,T3 - BACIA DO TEJO-SADO / MARGEM ESQUERDA,,PALMELA,2025-07-17 14:15:54.170254+00
3125,2002-10-07 00:00:00+00,443/46,33.49,131860.00,180060.00,,T3 - BACIA DO TEJO-SADO / MARGEM ESQUERDA,,PALMELA,2025-07-17 14:15:54.170254+00
3126,2003-03-31 00:00:00+00,443/46,32.87,131860.00,180060.00,,T3 - BACIA DO TEJO-SADO / MARGEM ESQUERDA,,PALMELA,2025-07-17 14:15:54.170254+00
3127,2003-10-13 00:00:00+00,443/46,35.43,131860.00,180060.00,,T3 - BACIA DO TEJO-SADO / MARGEM ESQUERDA,,PALMELA,2025-07-17 14:15:54.170254+00
3128,2004-04-26 00:00:00+00,443/46,38.5,131860.00,180060.00,,T3 - BACIA DO TEJO-SADO / MARGEM ESQUERDA,,PALMELA,2025-07-17 14:15:54.170254+00
3129,2004-10-18 00:00:00+00,443/46,39.0,131860.00,180060.00,,T3 - BACIA DO TEJO-SADO / MARGEM ESQUERDA,,PALMELA,2025-07-17 14:15:54.170254+00
3130,2005-04-19 00:00:00+00,443/46,39.83,131860.00,180060.00,,T3 - BACIA DO TEJO-SADO / MARGEM ESQUERDA,,PALMELA,2025-07-17 14:15:54.170254+00
3131,2005-10-27 00:00:00+00,443/46,40.71,131860.00,180060.00,,T3 - BACIA DO TEJO-SADO / MARGEM ESQUERDA,,PALMELA,2025-07-17 14:15:54.170254+00
3132,2006-04-10 00:00:00+00,443/46,38.5,131860.00,180060.00,,T3 - BACIA DO TEJO-SADO / MARGEM ESQUERDA,,PALMELA,2025-07-17 14:15:54.170254+00
3133,2006-10-23 00:00:00+00,443/46,26.54,131860.00,180060.00,,T3 - BACIA DO TEJO-SADO / MARGEM ESQUERDA,,PALMELA,2025-07-17 14:15:54.170254+00
3134,2007-03-19 00:00:00+00,443/46,30.08,131860.00,180060.00,,T3 - BACIA DO TEJO-SADO / MARGEM ESQUERDA,,PALMELA,2025-07-17 14:15:54.170254+00
3135,2008-04-08 00:00:00+00,443/46,33.0,131860.00,180060.00,,T3 - BACIA DO TEJO-SADO / MARGEM ESQUERDA,,PALMELA,2025-07-17 14:15:54.170254+00
3136,2009-04-21 00:00:00+00,443/46,22.593,131860.00,180060.00,,T3 - BACIA DO TEJO-SADO / MARGEM ESQUERDA,,PALMELA,2025-07-17 14:15:54.170254+00
3137,2009-09-29 00:00:00+00,443/46,16.834,131860.00,180060.00,,T3 - BACIA DO TEJO-SADO / MARGEM ESQUERDA,,PALMELA,2025-07-17 14:15:54.170254+00
3138,2010-06-25 13:50:00+00,443/46,29.0,131860.00,180060.00,,T3 - BACIA DO TEJO-SADO / MARGEM ESQUERDA,,PALMELA,2025-07-17 14:15:54.170254+00
3139,2011-02-17 16:10:00+00,443/46,24.0,131860.00,180060.00,,T3 - BACIA DO TEJO-SADO / MARGEM ESQUERDA,,PALMELA,2025-07-17 14:15:54.170254+00
3140,2013-03-07 12:30:00+00,443/46,15.0,131860.00,180060.00,,T3 - BACIA DO TEJO-SADO / MARGEM ESQUERDA,,PALMELA,2025-07-17 14:15:54.170254+00
3141,2013-11-14 10:50:00+00,443/46,21.0,131860.00,180060.00,,T3 - BACIA DO TEJO-SADO / MARGEM ESQUERDA,,PALMELA,2025-07-17 14:15:54.170254+00
3142,2014-02-27 10:25:00+00,443/46,26.0,131860.00,180060.00,,T3 - BACIA DO TEJO-SADO / MARGEM ESQUERDA,,PALMELA,2025-07-17 14:15:54.170254+00
3143,2014-09-23 11:30:00+00,443/46,23.0,131860.00,180060.00,,T3 - BACIA DO TEJO-SADO / MARGEM ESQUERDA,,PALMELA,2025-07-17 14:15:54.170254+00
3144,2015-02-24 10:55:00+00,443/46,26.0,131860.00,180060.00,,T3 - BACIA DO TEJO-SADO / MARGEM ESQUERDA,,PALMELA,2025-07-17 14:15:54.170254+00
3145,2015-09-28 11:00:00+00,443/46,23.0,131860.00,180060.00,,T3 - BACIA DO TEJO-SADO / MARGEM ESQUERDA,,PALMELA,2025-07-17 14:15:54.170254+00
3146,2016-02-23 10:45:00+00,443/46,30.0,131860.00,180060.00,,T3 - BACIA DO TEJO-SADO / MARGEM ESQUERDA,,PALMELA,2025-07-17 14:15:54.170254+00
3147,2016-09-19 10:30:00+00,443/46,26.0,131860.00,180060.00,,T3 - BACIA DO TEJO-SADO / MARGEM ESQUERDA,,PALMELA,2025-07-17 14:15:54.170254+00
3148,2017-03-13 10:30:00+00,443/46,25.0,131860.00,180060.00,,T3 - BACIA DO TEJO-SADO / MARGEM ESQUERDA,,PALMELA,2025-07-17 14:15:54.170254+00
3149,2017-11-13 10:30:00+00,443/46,26.0,131860.00,180060.00,,T3 - BACIA DO TEJO-SADO / MARGEM ESQUERDA,,PALMELA,2025-07-17 14:15:54.170254+00
3150,2018-04-26 11:35:00+00,443/46,27.0,131860.00,180060.00,,T3 - BACIA DO TEJO-SADO / MARGEM ESQUERDA,,PALMELA,2025-07-17 14:15:54.170254+00
3151,2019-04-16 11:05:00+00,443/46,25.0,131860.00,180060.00,,T3 - BACIA DO TEJO-SADO / MARGEM ESQUERDA,,PALMELA,2025-07-17 14:15:54.170254+00
3152,2020-05-05 10:50:00+00,443/46,33.0,131860.00,180060.00,,T3 - BACIA DO TEJO-SADO / MARGEM ESQUERDA,,PALMELA,2025-07-17 14:15:54.170254+00
3153,2020-10-27 10:35:00+00,443/46,29.0,131860.00,180060.00,,T3 - BACIA DO TEJO-SADO / MARGEM ESQUERDA,,PALMELA,2025-07-17 14:15:54.170254+00
3154,2021-11-23 11:10:00+00,443/46,29.0,131860.00,180060.00,,T3 - BACIA DO TEJO-SADO / MARGEM ESQUERDA,,PALMELA,2025-07-17 14:15:54.170254+00
3155,2022-09-20 10:30:00+00,443/46,27.0,131860.00,180060.00,,T3 - BACIA DO TEJO-SADO / MARGEM ESQUERDA,,PALMELA,2025-07-17 14:15:54.170254+00
3156,2023-04-04 10:20:00+00,443/46,23.0,131860.00,180060.00,,T3 - BACIA DO TEJO-SADO / MARGEM ESQUERDA,,PALMELA,2025-07-17 14:15:54.170254+00
3157,2023-10-18 10:30:00+00,443/46,34.0,131860.00,180060.00,,T3 - BACIA DO TEJO-SADO / MARGEM ESQUERDA,,PALMELA,2025-07-17 14:15:54.170254+00
3158,2000-03-01 00:00:00+00,443/48,2.39,121600.00,187300.00,,T3 - BACIA DO TEJO-SADO / MARGEM ESQUERDA,,VALE DA AMOREIRA,2025-07-17 14:15:54.170254+00
3159,2001-02-12 00:00:00+00,443/48,4.39,121600.00,187300.00,,T3 - BACIA DO TEJO-SADO / MARGEM ESQUERDA,,VALE DA AMOREIRA,2025-07-17 14:15:54.170254+00
3160,2001-09-03 00:00:00+00,443/48,3.54,121600.00,187300.00,,T3 - BACIA DO TEJO-SADO / MARGEM ESQUERDA,,VALE DA AMOREIRA,2025-07-17 14:15:54.170254+00
3161,2002-02-18 00:00:00+00,443/48,3.1,121600.00,187300.00,,T3 - BACIA DO TEJO-SADO / MARGEM ESQUERDA,,VALE DA AMOREIRA,2025-07-17 14:15:54.170254+00
3162,2002-09-02 00:00:00+00,443/48,3.1,121600.00,187300.00,,T3 - BACIA DO TEJO-SADO / MARGEM ESQUERDA,,VALE DA AMOREIRA,2025-07-17 14:15:54.170254+00
3163,2003-02-17 00:00:00+00,443/48,3.9,121600.00,187300.00,,T3 - BACIA DO TEJO-SADO / MARGEM ESQUERDA,,VALE DA AMOREIRA,2025-07-17 14:15:54.170254+00
3164,2003-09-09 00:00:00+00,443/48,3.15,121600.00,187300.00,,T3 - BACIA DO TEJO-SADO / MARGEM ESQUERDA,,VALE DA AMOREIRA,2025-07-17 14:15:54.170254+00
3165,2004-02-16 00:00:00+00,443/48,3.4,121600.00,187300.00,,T3 - BACIA DO TEJO-SADO / MARGEM ESQUERDA,,VALE DA AMOREIRA,2025-07-17 14:15:54.170254+00
3166,2004-09-20 00:00:00+00,443/48,2.481,121600.00,187300.00,,T3 - BACIA DO TEJO-SADO / MARGEM ESQUERDA,,VALE DA AMOREIRA,2025-07-17 14:15:54.170254+00
3167,2005-03-14 00:00:00+00,443/48,1.64,121600.00,187300.00,,T3 - BACIA DO TEJO-SADO / MARGEM ESQUERDA,,VALE DA AMOREIRA,2025-07-17 14:15:54.170254+00
3168,2005-10-03 00:00:00+00,443/48,3.15,121600.00,187300.00,,T3 - BACIA DO TEJO-SADO / MARGEM ESQUERDA,,VALE DA AMOREIRA,2025-07-17 14:15:54.170254+00
3169,2006-02-22 00:00:00+00,443/48,3.5,121600.00,187300.00,,T3 - BACIA DO TEJO-SADO / MARGEM ESQUERDA,,VALE DA AMOREIRA,2025-07-17 14:15:54.170254+00
3170,2006-10-02 00:00:00+00,443/48,3.9,121600.00,187300.00,,T3 - BACIA DO TEJO-SADO / MARGEM ESQUERDA,,VALE DA AMOREIRA,2025-07-17 14:15:54.170254+00
3171,2007-02-26 00:00:00+00,443/48,3.5,121600.00,187300.00,,T3 - BACIA DO TEJO-SADO / MARGEM ESQUERDA,,VALE DA AMOREIRA,2025-07-17 14:15:54.170254+00
3172,2008-02-25 00:00:00+00,443/48,3.6,121600.00,187300.00,,T3 - BACIA DO TEJO-SADO / MARGEM ESQUERDA,,VALE DA AMOREIRA,2025-07-17 14:15:54.170254+00
3173,2008-09-30 00:00:00+00,443/48,3.54,121600.00,187300.00,,T3 - BACIA DO TEJO-SADO / MARGEM ESQUERDA,,VALE DA AMOREIRA,2025-07-17 14:15:54.170254+00
3174,2009-05-12 00:00:00+00,443/48,3.2,121600.00,187300.00,,T3 - BACIA DO TEJO-SADO / MARGEM ESQUERDA,,VALE DA AMOREIRA,2025-07-17 14:15:54.170254+00
3175,2009-09-28 00:00:00+00,443/48,4.297,121600.00,187300.00,,T3 - BACIA DO TEJO-SADO / MARGEM ESQUERDA,,VALE DA AMOREIRA,2025-07-17 14:15:54.170254+00
3176,2010-06-21 12:20:00+00,443/48,6.0,121600.00,187300.00,,T3 - BACIA DO TEJO-SADO / MARGEM ESQUERDA,,VALE DA AMOREIRA,2025-07-17 14:15:54.170254+00
3177,2011-02-17 12:30:00+00,443/48,7.0,121600.00,187300.00,,T3 - BACIA DO TEJO-SADO / MARGEM ESQUERDA,,VALE DA AMOREIRA,2025-07-17 14:15:54.170254+00
3178,2014-10-08 11:45:00+00,443/48,6.7,121600.00,187300.00,,T3 - BACIA DO TEJO-SADO / MARGEM ESQUERDA,,VALE DA AMOREIRA,2025-07-17 14:15:54.170254+00
3179,2015-03-02 11:30:00+00,443/48,4.5,121600.00,187300.00,,T3 - BACIA DO TEJO-SADO / MARGEM ESQUERDA,,VALE DA AMOREIRA,2025-07-17 14:15:54.170254+00
3180,2015-10-07 11:45:00+00,443/48,4.7,121600.00,187300.00,,T3 - BACIA DO TEJO-SADO / MARGEM ESQUERDA,,VALE DA AMOREIRA,2025-07-17 14:15:54.170254+00
3181,2016-03-01 11:25:00+00,443/48,4.9,121600.00,187300.00,,T3 - BACIA DO TEJO-SADO / MARGEM ESQUERDA,,VALE DA AMOREIRA,2025-07-17 14:15:54.170254+00
3182,2016-10-10 11:05:00+00,443/48,5.1,121600.00,187300.00,,T3 - BACIA DO TEJO-SADO / MARGEM ESQUERDA,,VALE DA AMOREIRA,2025-07-17 14:15:54.170254+00
3183,2017-03-27 11:45:00+00,443/48,4.8,121600.00,187300.00,,T3 - BACIA DO TEJO-SADO / MARGEM ESQUERDA,,VALE DA AMOREIRA,2025-07-17 14:15:54.170254+00
3184,2017-10-23 12:25:00+00,443/48,5.1,121600.00,187300.00,,T3 - BACIA DO TEJO-SADO / MARGEM ESQUERDA,,VALE DA AMOREIRA,2025-07-17 14:15:54.170254+00
3185,2018-05-29 10:00:00+00,443/48,5.1,121600.00,187300.00,,T3 - BACIA DO TEJO-SADO / MARGEM ESQUERDA,,VALE DA AMOREIRA,2025-07-17 14:15:54.170254+00
3186,2018-10-09 11:45:00+00,443/48,4.4,121600.00,187300.00,,T3 - BACIA DO TEJO-SADO / MARGEM ESQUERDA,,VALE DA AMOREIRA,2025-07-17 14:15:54.170254+00
3187,2019-04-01 11:45:00+00,443/48,4.5,121600.00,187300.00,,T3 - BACIA DO TEJO-SADO / MARGEM ESQUERDA,,VALE DA AMOREIRA,2025-07-17 14:15:54.170254+00
3188,2019-10-14 11:20:00+00,443/48,4.7,121600.00,187300.00,,T3 - BACIA DO TEJO-SADO / MARGEM ESQUERDA,,VALE DA AMOREIRA,2025-07-17 14:15:54.170254+00
3189,2020-03-12 12:20:00+00,443/48,0.890,121600.00,187300.00,,T3 - BACIA DO TEJO-SADO / MARGEM ESQUERDA,,VALE DA AMOREIRA,2025-07-17 14:15:54.170254+00
3190,2020-10-20 11:40:00+00,443/48,5.1,121600.00,187300.00,,T3 - BACIA DO TEJO-SADO / MARGEM ESQUERDA,,VALE DA AMOREIRA,2025-07-17 14:15:54.170254+00
3191,2021-03-30 11:40:00+00,443/48,5.1,121600.00,187300.00,,T3 - BACIA DO TEJO-SADO / MARGEM ESQUERDA,,VALE DA AMOREIRA,2025-07-17 14:15:54.170254+00
3192,2021-10-18 11:20:00+00,443/48,5.1,121600.00,187300.00,,T3 - BACIA DO TEJO-SADO / MARGEM ESQUERDA,,VALE DA AMOREIRA,2025-07-17 14:15:54.170254+00
3193,2022-03-14 11:15:00+00,443/48,5.4,121600.00,187300.00,,T3 - BACIA DO TEJO-SADO / MARGEM ESQUERDA,,VALE DA AMOREIRA,2025-07-17 14:15:54.170254+00
3194,2023-04-17 11:20:00+00,443/48,5.9,121600.00,187300.00,,T3 - BACIA DO TEJO-SADO / MARGEM ESQUERDA,,VALE DA AMOREIRA,2025-07-17 14:15:54.170254+00
3195,2023-09-26 11:20:00+00,443/48,6.0,121600.00,187300.00,,T3 - BACIA DO TEJO-SADO / MARGEM ESQUERDA,,VALE DA AMOREIRA,2025-07-17 14:15:54.170254+00
3196,2000-03-01 00:00:00+00,443/733,2.53,124410.00,182730.00,,T3 - BACIA DO TEJO-SADO / MARGEM ESQUERDA,,ALHOS VEDROS,2025-07-17 14:15:54.170254+00
3197,2000-09-18 00:00:00+00,443/733,2.48,124410.00,182730.00,,T3 - BACIA DO TEJO-SADO / MARGEM ESQUERDA,,ALHOS VEDROS,2025-07-17 14:15:54.170254+00
3198,2001-09-03 00:00:00+00,443/733,3.99,124410.00,182730.00,,T3 - BACIA DO TEJO-SADO / MARGEM ESQUERDA,,ALHOS VEDROS,2025-07-17 14:15:54.170254+00
3199,2002-02-18 00:00:00+00,443/733,2.53,124410.00,182730.00,,T3 - BACIA DO TEJO-SADO / MARGEM ESQUERDA,,ALHOS VEDROS,2025-07-17 14:15:54.170254+00
3200,2002-09-02 00:00:00+00,443/733,2.41,124410.00,182730.00,,T3 - BACIA DO TEJO-SADO / MARGEM ESQUERDA,,ALHOS VEDROS,2025-07-17 14:15:54.170254+00
3201,2003-02-17 00:00:00+00,443/733,2.61,124410.00,182730.00,,T3 - BACIA DO TEJO-SADO / MARGEM ESQUERDA,,ALHOS VEDROS,2025-07-17 14:15:54.170254+00
3202,2003-09-09 00:00:00+00,443/733,2.35,124410.00,182730.00,,T3 - BACIA DO TEJO-SADO / MARGEM ESQUERDA,,ALHOS VEDROS,2025-07-17 14:15:54.170254+00
3203,2004-02-16 00:00:00+00,443/733,2.6,124410.00,182730.00,,T3 - BACIA DO TEJO-SADO / MARGEM ESQUERDA,,ALHOS VEDROS,2025-07-17 14:15:54.170254+00
3204,2004-09-20 00:00:00+00,443/733,2.215,124410.00,182730.00,,T3 - BACIA DO TEJO-SADO / MARGEM ESQUERDA,,ALHOS VEDROS,2025-07-17 14:15:54.170254+00
3205,2005-03-14 00:00:00+00,443/733,2.9,124410.00,182730.00,,T3 - BACIA DO TEJO-SADO / MARGEM ESQUERDA,,ALHOS VEDROS,2025-07-17 14:15:54.170254+00
3206,2000-03-20 00:00:00+00,443/734,9.66,128950.00,180150.00,,T3 - BACIA DO TEJO-SADO / MARGEM ESQUERDA,,QUINTA DO ANJO,2025-07-17 14:15:54.170254+00
3207,2000-09-18 00:00:00+00,443/734,33.55,128950.00,180150.00,,T3 - BACIA DO TEJO-SADO / MARGEM ESQUERDA,,QUINTA DO ANJO,2025-07-17 14:15:54.170254+00
3208,2000-10-09 00:00:00+00,443/734,8.99,128950.00,180150.00,,T3 - BACIA DO TEJO-SADO / MARGEM ESQUERDA,,QUINTA DO ANJO,2025-07-17 14:15:54.170254+00
3209,2001-02-12 00:00:00+00,443/734,29.72,128950.00,180150.00,,T3 - BACIA DO TEJO-SADO / MARGEM ESQUERDA,,QUINTA DO ANJO,2025-07-17 14:15:54.170254+00
3210,2001-03-21 00:00:00+00,443/734,9.82,128950.00,180150.00,,T3 - BACIA DO TEJO-SADO / MARGEM ESQUERDA,,QUINTA DO ANJO,2025-07-17 14:15:54.170254+00
3211,2001-10-08 00:00:00+00,443/734,9.13,128950.00,180150.00,,T3 - BACIA DO TEJO-SADO / MARGEM ESQUERDA,,QUINTA DO ANJO,2025-07-17 14:15:54.170254+00
3212,2002-03-25 00:00:00+00,443/734,7.44,128950.00,180150.00,,T3 - BACIA DO TEJO-SADO / MARGEM ESQUERDA,,QUINTA DO ANJO,2025-07-17 14:15:54.170254+00
3213,2002-10-07 00:00:00+00,443/734,8.99,128950.00,180150.00,,T3 - BACIA DO TEJO-SADO / MARGEM ESQUERDA,,QUINTA DO ANJO,2025-07-17 14:15:54.170254+00
3214,2003-03-31 00:00:00+00,443/734,8.77,128950.00,180150.00,,T3 - BACIA DO TEJO-SADO / MARGEM ESQUERDA,,QUINTA DO ANJO,2025-07-17 14:15:54.170254+00
3215,2003-10-13 00:00:00+00,443/734,9.2,128950.00,180150.00,,T3 - BACIA DO TEJO-SADO / MARGEM ESQUERDA,,QUINTA DO ANJO,2025-07-17 14:15:54.170254+00
3216,2004-04-26 00:00:00+00,443/734,7.49,128950.00,180150.00,,T3 - BACIA DO TEJO-SADO / MARGEM ESQUERDA,,QUINTA DO ANJO,2025-07-17 14:15:54.170254+00
3217,2004-10-18 00:00:00+00,443/734,8.373,128950.00,180150.00,,T3 - BACIA DO TEJO-SADO / MARGEM ESQUERDA,,QUINTA DO ANJO,2025-07-17 14:15:54.170254+00
3218,2005-04-19 00:00:00+00,443/734,13.25,128950.00,180150.00,,T3 - BACIA DO TEJO-SADO / MARGEM ESQUERDA,,QUINTA DO ANJO,2025-07-17 14:15:54.170254+00
3219,2006-04-10 00:00:00+00,443/734,9.7,128950.00,180150.00,,T3 - BACIA DO TEJO-SADO / MARGEM ESQUERDA,,QUINTA DO ANJO,2025-07-17 14:15:54.170254+00
3220,2006-10-23 00:00:00+00,443/734,8.82,128950.00,180150.00,,T3 - BACIA DO TEJO-SADO / MARGEM ESQUERDA,,QUINTA DO ANJO,2025-07-17 14:15:54.170254+00
3221,2000-03-01 00:00:00+00,443/920,2.84,126050.00,188020.00,,T3 - BACIA DO TEJO-SADO / MARGEM ESQUERDA,,MOITA,2025-07-17 14:15:54.170254+00
3222,2000-09-18 00:00:00+00,443/920,2.92,126050.00,188020.00,,T3 - BACIA DO TEJO-SADO / MARGEM ESQUERDA,,MOITA,2025-07-17 14:15:54.170254+00
3223,2001-02-12 00:00:00+00,443/920,2.04,126050.00,188020.00,,T3 - BACIA DO TEJO-SADO / MARGEM ESQUERDA,,MOITA,2025-07-17 14:15:54.170254+00
3224,2001-09-03 09:30:00+00,443/920,3.36,126050.00,188020.00,,T3 - BACIA DO TEJO-SADO / MARGEM ESQUERDA,,MOITA,2025-07-17 14:15:54.170254+00
3225,2002-02-18 00:00:00+00,443/920,3.1,126050.00,188020.00,,T3 - BACIA DO TEJO-SADO / MARGEM ESQUERDA,,MOITA,2025-07-17 14:15:54.170254+00
3226,2002-09-02 00:00:00+00,443/920,3.19,126050.00,188020.00,,T3 - BACIA DO TEJO-SADO / MARGEM ESQUERDA,,MOITA,2025-07-17 14:15:54.170254+00
3227,2003-02-17 00:00:00+00,443/920,2.66,126050.00,188020.00,,T3 - BACIA DO TEJO-SADO / MARGEM ESQUERDA,,MOITA,2025-07-17 14:15:54.170254+00
3228,2003-09-09 00:00:00+00,443/920,2.75,126050.00,188020.00,,T3 - BACIA DO TEJO-SADO / MARGEM ESQUERDA,,MOITA,2025-07-17 14:15:54.170254+00
3229,2005-03-14 00:00:00+00,443/920,12.0,126050.00,188020.00,,T3 - BACIA DO TEJO-SADO / MARGEM ESQUERDA,,MOITA,2025-07-17 14:15:54.170254+00
3230,2005-10-03 00:00:00+00,443/920,3.94,126050.00,188020.00,,T3 - BACIA DO TEJO-SADO / MARGEM ESQUERDA,,MOITA,2025-07-17 14:15:54.170254+00
3231,2006-02-22 00:00:00+00,443/920,8.0,126050.00,188020.00,,T3 - BACIA DO TEJO-SADO / MARGEM ESQUERDA,,MOITA,2025-07-17 14:15:54.170254+00
3232,2006-10-02 00:00:00+00,443/920,7.04,126050.00,188020.00,,T3 - BACIA DO TEJO-SADO / MARGEM ESQUERDA,,MOITA,2025-07-17 14:15:54.170254+00
3233,2007-02-26 00:00:00+00,443/920,8.82,126050.00,188020.00,,T3 - BACIA DO TEJO-SADO / MARGEM ESQUERDA,,MOITA,2025-07-17 14:15:54.170254+00
3234,2008-02-25 00:00:00+00,443/920,5.72,126050.00,188020.00,,T3 - BACIA DO TEJO-SADO / MARGEM ESQUERDA,,MOITA,2025-07-17 14:15:54.170254+00
3235,2008-09-30 00:00:00+00,443/920,4.83,126050.00,188020.00,,T3 - BACIA DO TEJO-SADO / MARGEM ESQUERDA,,MOITA,2025-07-17 14:15:54.170254+00
3236,2009-05-12 00:00:00+00,443/920,7.531,126050.00,188020.00,,T3 - BACIA DO TEJO-SADO / MARGEM ESQUERDA,,MOITA,2025-07-17 14:15:54.170254+00
3237,2009-09-28 00:00:00+00,443/920,6.202,126050.00,188020.00,,T3 - BACIA DO TEJO-SADO / MARGEM ESQUERDA,,MOITA,2025-07-17 14:15:54.170254+00
3238,2010-06-21 12:00:00+00,443/920,13.0,126050.00,188020.00,,T3 - BACIA DO TEJO-SADO / MARGEM ESQUERDA,,MOITA,2025-07-17 14:15:54.170254+00
3239,2000-03-01 00:00:00+00,443/922,19.8,128410.00,186140.00,,T3 - BACIA DO TEJO-SADO / MARGEM ESQUERDA,,MOITA,2025-07-17 14:15:54.170254+00
3240,2000-09-18 00:00:00+00,443/922,17.9,128410.00,186140.00,,T3 - BACIA DO TEJO-SADO / MARGEM ESQUERDA,,MOITA,2025-07-17 14:15:54.170254+00
3241,2001-02-12 00:00:00+00,443/922,21.18,128410.00,186140.00,,T3 - BACIA DO TEJO-SADO / MARGEM ESQUERDA,,MOITA,2025-07-17 14:15:54.170254+00
3242,2001-09-03 00:00:00+00,443/922,27.82,128410.00,186140.00,,T3 - BACIA DO TEJO-SADO / MARGEM ESQUERDA,,MOITA,2025-07-17 14:15:54.170254+00
3243,2002-02-18 00:00:00+00,443/922,19.54,128410.00,186140.00,,T3 - BACIA DO TEJO-SADO / MARGEM ESQUERDA,,MOITA,2025-07-17 14:15:54.170254+00
3244,2002-09-02 00:00:00+00,443/922,19.23,128410.00,186140.00,,T3 - BACIA DO TEJO-SADO / MARGEM ESQUERDA,,MOITA,2025-07-17 14:15:54.170254+00
3245,2003-02-17 00:00:00+00,443/922,19.58,128410.00,186140.00,,T3 - BACIA DO TEJO-SADO / MARGEM ESQUERDA,,MOITA,2025-07-17 14:15:54.170254+00
3246,2003-09-09 00:00:00+00,443/922,19.45,128410.00,186140.00,,T3 - BACIA DO TEJO-SADO / MARGEM ESQUERDA,,MOITA,2025-07-17 14:15:54.170254+00
3247,2004-09-20 00:00:00+00,443/922,2.348,128410.00,186140.00,,T3 - BACIA DO TEJO-SADO / MARGEM ESQUERDA,,MOITA,2025-07-17 14:15:54.170254+00
3248,2005-03-14 00:00:00+00,443/922,5.7,128410.00,186140.00,,T3 - BACIA DO TEJO-SADO / MARGEM ESQUERDA,,MOITA,2025-07-17 14:15:54.170254+00
3249,2005-10-03 00:00:00+00,443/922,8.82,128410.00,186140.00,,T3 - BACIA DO TEJO-SADO / MARGEM ESQUERDA,,MOITA,2025-07-17 14:15:54.170254+00
3250,2006-02-22 00:00:00+00,443/922,3.1,128410.00,186140.00,,T3 - BACIA DO TEJO-SADO / MARGEM ESQUERDA,,MOITA,2025-07-17 14:15:54.170254+00
3251,2006-10-02 00:00:00+00,443/922,3.1,128410.00,186140.00,,T3 - BACIA DO TEJO-SADO / MARGEM ESQUERDA,,MOITA,2025-07-17 14:15:54.170254+00
3252,2007-02-26 00:00:00+00,443/922,3.28,128410.00,186140.00,,T3 - BACIA DO TEJO-SADO / MARGEM ESQUERDA,,MOITA,2025-07-17 14:15:54.170254+00
3253,2008-02-25 00:00:00+00,443/922,2.39,128410.00,186140.00,,T3 - BACIA DO TEJO-SADO / MARGEM ESQUERDA,,MOITA,2025-07-17 14:15:54.170254+00
3254,2008-09-30 00:00:00+00,443/922,2.88,128410.00,186140.00,,T3 - BACIA DO TEJO-SADO / MARGEM ESQUERDA,,MOITA,2025-07-17 14:15:54.170254+00
3255,2009-05-12 00:00:00+00,443/922,2.924,128410.00,186140.00,,T3 - BACIA DO TEJO-SADO / MARGEM ESQUERDA,,MOITA,2025-07-17 14:15:54.170254+00
3256,2009-09-28 00:00:00+00,443/922,2.702,128410.00,186140.00,,T3 - BACIA DO TEJO-SADO / MARGEM ESQUERDA,,MOITA,2025-07-17 14:15:54.170254+00
3257,2010-06-21 11:40:00+00,443/922,3.0,128410.00,186140.00,,T3 - BACIA DO TEJO-SADO / MARGEM ESQUERDA,,MOITA,2025-07-17 14:15:54.170254+00
3258,2011-02-17 12:14:00+00,443/922,5.0,128410.00,186140.00,,T3 - BACIA DO TEJO-SADO / MARGEM ESQUERDA,,MOITA,2025-07-17 14:15:54.170254+00
3259,2000-03-01 00:00:00+00,443/940,32.95,125750.00,183870.00,,T3 - BACIA DO TEJO-SADO / MARGEM ESQUERDA,,MOITA,2025-07-17 14:15:54.170254+00
3260,2000-09-18 00:00:00+00,443/940,33.55,125750.00,183870.00,,T3 - BACIA DO TEJO-SADO / MARGEM ESQUERDA,,MOITA,2025-07-17 14:15:54.170254+00
3261,2001-02-12 00:00:00+00,443/940,29.72,125750.00,183870.00,,T3 - BACIA DO TEJO-SADO / MARGEM ESQUERDA,,MOITA,2025-07-17 14:15:54.170254+00
3262,2001-09-03 00:00:00+00,443/940,35.34,125750.00,183870.00,,T3 - BACIA DO TEJO-SADO / MARGEM ESQUERDA,,MOITA,2025-07-17 14:15:54.170254+00
3263,2002-02-18 00:00:00+00,443/940,42.31,125750.00,183870.00,,T3 - BACIA DO TEJO-SADO / MARGEM ESQUERDA,,MOITA,2025-07-17 14:15:54.170254+00
3264,2002-09-02 00:00:00+00,443/940,39.91,125750.00,183870.00,,T3 - BACIA DO TEJO-SADO / MARGEM ESQUERDA,,MOITA,2025-07-17 14:15:54.170254+00
3265,2003-02-17 00:00:00+00,443/940,39.41,125750.00,183870.00,,T3 - BACIA DO TEJO-SADO / MARGEM ESQUERDA,,MOITA,2025-07-17 14:15:54.170254+00
3266,2003-09-09 00:00:00+00,443/940,53.12,125750.00,183870.00,,T3 - BACIA DO TEJO-SADO / MARGEM ESQUERDA,,MOITA,2025-07-17 14:15:54.170254+00
3267,2004-02-16 00:00:00+00,443/940,39.0,125750.00,183870.00,,T3 - BACIA DO TEJO-SADO / MARGEM ESQUERDA,,MOITA,2025-07-17 14:15:54.170254+00
3268,2004-09-20 00:00:00+00,443/940,30.523,125750.00,183870.00,,T3 - BACIA DO TEJO-SADO / MARGEM ESQUERDA,,MOITA,2025-07-17 14:15:54.170254+00
3269,2005-03-14 00:00:00+00,443/940,48.0,125750.00,183870.00,,T3 - BACIA DO TEJO-SADO / MARGEM ESQUERDA,,MOITA,2025-07-17 14:15:54.170254+00
3270,2005-10-03 00:00:00+00,443/940,24.76,125750.00,183870.00,,T3 - BACIA DO TEJO-SADO / MARGEM ESQUERDA,,MOITA,2025-07-17 14:15:54.170254+00
3271,2000-03-20 00:00:00+00,444/10,7.03,146650.00,185060.00,,T3 - BACIA DO TEJO-SADO / MARGEM ESQUERDA,,POCEIRÃO,2025-07-17 14:15:54.170254+00
3272,2000-10-09 00:00:00+00,444/10,7.53,146650.00,185060.00,,T3 - BACIA DO TEJO-SADO / MARGEM ESQUERDA,,POCEIRÃO,2025-07-17 14:15:54.170254+00
3273,2000-10-23 00:00:00+00,444/10,1.01,146650.00,185060.00,,T3 - BACIA DO TEJO-SADO / MARGEM ESQUERDA,,POCEIRÃO,2025-07-17 14:15:54.170254+00
3274,2002-03-25 00:00:00+00,444/10,6.6,146650.00,185060.00,,T3 - BACIA DO TEJO-SADO / MARGEM ESQUERDA,,POCEIRÃO,2025-07-17 14:15:54.170254+00
3275,2002-10-07 00:00:00+00,444/10,6.69,146650.00,185060.00,,T3 - BACIA DO TEJO-SADO / MARGEM ESQUERDA,,POCEIRÃO,2025-07-17 14:15:54.170254+00
3276,2003-03-31 00:00:00+00,444/10,5.66,146650.00,185060.00,,T3 - BACIA DO TEJO-SADO / MARGEM ESQUERDA,,POCEIRÃO,2025-07-17 14:15:54.170254+00
3277,2003-10-13 00:00:00+00,444/10,7.7,146650.00,185060.00,,T3 - BACIA DO TEJO-SADO / MARGEM ESQUERDA,,POCEIRÃO,2025-07-17 14:15:54.170254+00
3278,2004-04-26 00:00:00+00,444/10,5.71,146650.00,185060.00,,T3 - BACIA DO TEJO-SADO / MARGEM ESQUERDA,,POCEIRÃO,2025-07-17 14:15:54.170254+00
3279,2004-10-18 00:00:00+00,444/10,5.715,146650.00,185060.00,,T3 - BACIA DO TEJO-SADO / MARGEM ESQUERDA,,POCEIRÃO,2025-07-17 14:15:54.170254+00
3280,2005-04-19 00:00:00+00,444/10,7.49,146650.00,185060.00,,T3 - BACIA DO TEJO-SADO / MARGEM ESQUERDA,,POCEIRÃO,2025-07-17 14:15:54.170254+00
3281,2006-04-10 00:00:00+00,444/10,8.2,146650.00,185060.00,,T3 - BACIA DO TEJO-SADO / MARGEM ESQUERDA,,POCEIRÃO,2025-07-17 14:15:54.170254+00
3282,2006-10-23 00:00:00+00,444/10,6.6,146650.00,185060.00,,T3 - BACIA DO TEJO-SADO / MARGEM ESQUERDA,,POCEIRÃO,2025-07-17 14:15:54.170254+00
3283,2006-10-25 00:00:00+00,444/10,6.63,146650.00,185060.00,,T3 - BACIA DO TEJO-SADO / MARGEM ESQUERDA,,POCEIRÃO,2025-07-17 14:15:54.170254+00
3284,2007-03-19 00:00:00+00,444/10,6.8,146650.00,185060.00,,T3 - BACIA DO TEJO-SADO / MARGEM ESQUERDA,,POCEIRÃO,2025-07-17 14:15:54.170254+00
3285,2007-11-14 00:00:00+00,444/10,6.6,146650.00,185060.00,,T3 - BACIA DO TEJO-SADO / MARGEM ESQUERDA,,POCEIRÃO,2025-07-17 14:15:54.170254+00
3286,2008-04-08 00:00:00+00,444/10,5.72,146650.00,185060.00,,T3 - BACIA DO TEJO-SADO / MARGEM ESQUERDA,,POCEIRÃO,2025-07-17 14:15:54.170254+00
3287,2009-04-21 00:00:00+00,444/10,5.759,146650.00,185060.00,,T3 - BACIA DO TEJO-SADO / MARGEM ESQUERDA,,POCEIRÃO,2025-07-17 14:15:54.170254+00
3288,2009-09-29 00:00:00+00,444/10,9.746,146650.00,185060.00,,T3 - BACIA DO TEJO-SADO / MARGEM ESQUERDA,,POCEIRÃO,2025-07-17 14:15:54.170254+00
3289,2010-06-25 14:25:00+00,444/10,9.0,146650.00,185060.00,,T3 - BACIA DO TEJO-SADO / MARGEM ESQUERDA,,POCEIRÃO,2025-07-17 14:15:54.170254+00
3290,2011-02-17 15:00:00+00,444/10,6.0,146650.00,185060.00,,T3 - BACIA DO TEJO-SADO / MARGEM ESQUERDA,,POCEIRÃO,2025-07-17 14:15:54.170254+00
3291,2012-11-08 11:00:00+00,444/10,7.4,146650.00,185060.00,,T3 - BACIA DO TEJO-SADO / MARGEM ESQUERDA,,POCEIRÃO,2025-07-17 14:15:54.170254+00
3292,2013-03-07 10:35:00+00,444/10,7.8,146650.00,185060.00,,T3 - BACIA DO TEJO-SADO / MARGEM ESQUERDA,,POCEIRÃO,2025-07-17 14:15:54.170254+00
3293,2014-02-27 10:50:00+00,444/10,7.1,146650.00,185060.00,,T3 - BACIA DO TEJO-SADO / MARGEM ESQUERDA,,POCEIRÃO,2025-07-17 14:15:54.170254+00
3294,2014-09-23 10:40:00+00,444/10,7.0,146650.00,185060.00,,T3 - BACIA DO TEJO-SADO / MARGEM ESQUERDA,,POCEIRÃO,2025-07-17 14:15:54.170254+00
3295,2015-02-24 11:25:00+00,444/10,7.8,146650.00,185060.00,,T3 - BACIA DO TEJO-SADO / MARGEM ESQUERDA,,POCEIRÃO,2025-07-17 14:15:54.170254+00
3296,2015-09-28 11:30:00+00,444/10,8.2,146650.00,185060.00,,T3 - BACIA DO TEJO-SADO / MARGEM ESQUERDA,,POCEIRÃO,2025-07-17 14:15:54.170254+00
3297,2016-02-23 11:20:00+00,444/10,7.4,146650.00,185060.00,,T3 - BACIA DO TEJO-SADO / MARGEM ESQUERDA,,POCEIRÃO,2025-07-17 14:15:54.170254+00
3298,2016-09-19 11:00:00+00,444/10,8.0,146650.00,185060.00,,T3 - BACIA DO TEJO-SADO / MARGEM ESQUERDA,,POCEIRÃO,2025-07-17 14:15:54.170254+00
3299,2017-03-13 11:00:00+00,444/10,7.8,146650.00,185060.00,,T3 - BACIA DO TEJO-SADO / MARGEM ESQUERDA,,POCEIRÃO,2025-07-17 14:15:54.170254+00
3300,2019-04-16 11:25:00+00,444/10,9.0,146650.00,185060.00,,T3 - BACIA DO TEJO-SADO / MARGEM ESQUERDA,,POCEIRÃO,2025-07-17 14:15:54.170254+00
3301,2020-05-05 11:15:00+00,444/10,9.1,146650.00,185060.00,,T3 - BACIA DO TEJO-SADO / MARGEM ESQUERDA,,POCEIRÃO,2025-07-17 14:15:54.170254+00
3302,2020-10-27 11:15:00+00,444/10,10.0,146650.00,185060.00,,T3 - BACIA DO TEJO-SADO / MARGEM ESQUERDA,,POCEIRÃO,2025-07-17 14:15:54.170254+00
3303,2021-03-02 11:15:00+00,444/10,9.0,146650.00,185060.00,,T3 - BACIA DO TEJO-SADO / MARGEM ESQUERDA,,POCEIRÃO,2025-07-17 14:15:54.170254+00
3304,2021-11-23 11:40:00+00,444/10,9.2,146650.00,185060.00,,T3 - BACIA DO TEJO-SADO / MARGEM ESQUERDA,,POCEIRÃO,2025-07-17 14:15:54.170254+00
3305,2022-09-20 11:10:00+00,444/10,9.7,146650.00,185060.00,,T3 - BACIA DO TEJO-SADO / MARGEM ESQUERDA,,POCEIRÃO,2025-07-17 14:15:54.170254+00
3306,2023-04-04 10:50:00+00,444/10,10.0,146650.00,185060.00,,T3 - BACIA DO TEJO-SADO / MARGEM ESQUERDA,,POCEIRÃO,2025-07-17 14:15:54.170254+00
3307,2023-10-18 11:15:00+00,444/10,10.0,146650.00,185060.00,,T3 - BACIA DO TEJO-SADO / MARGEM ESQUERDA,,POCEIRÃO,2025-07-17 14:15:54.170254+00
3308,2013-03-07 11:38:00+00,444/456,12.0,147305.99,188463.89,,T3 - BACIA DO TEJO-SADO / MARGEM ESQUERDA,EM SERVIÇO,,2025-07-17 14:15:54.170254+00
3309,2013-11-14 10:00:00+00,444/456,3.0,147305.99,188463.89,,T3 - BACIA DO TEJO-SADO / MARGEM ESQUERDA,EM SERVIÇO,,2025-07-17 14:15:54.170254+00
3310,2014-02-27 11:10:00+00,444/456,6.3,147305.99,188463.89,,T3 - BACIA DO TEJO-SADO / MARGEM ESQUERDA,EM SERVIÇO,,2025-07-17 14:15:54.170254+00
3311,2014-09-23 10:50:00+00,444/456,8.5,147305.99,188463.89,,T3 - BACIA DO TEJO-SADO / MARGEM ESQUERDA,EM SERVIÇO,,2025-07-17 14:15:54.170254+00
3312,2015-02-24 11:40:00+00,444/456,9.1,147305.99,188463.89,,T3 - BACIA DO TEJO-SADO / MARGEM ESQUERDA,EM SERVIÇO,,2025-07-17 14:15:54.170254+00
3313,2015-09-28 11:45:00+00,444/456,10.0,147305.99,188463.89,,T3 - BACIA DO TEJO-SADO / MARGEM ESQUERDA,EM SERVIÇO,,2025-07-17 14:15:54.170254+00
3314,2016-02-23 11:35:00+00,444/456,8.7,147305.99,188463.89,,T3 - BACIA DO TEJO-SADO / MARGEM ESQUERDA,EM SERVIÇO,,2025-07-17 14:15:54.170254+00
3315,2016-09-19 11:15:00+00,444/456,8.9,147305.99,188463.89,,T3 - BACIA DO TEJO-SADO / MARGEM ESQUERDA,EM SERVIÇO,,2025-07-17 14:15:54.170254+00
3316,2017-03-13 11:10:00+00,444/456,18.0,147305.99,188463.89,,T3 - BACIA DO TEJO-SADO / MARGEM ESQUERDA,EM SERVIÇO,,2025-07-17 14:15:54.170254+00
3317,2017-11-13 11:10:00+00,444/456,39.0,147305.99,188463.89,,T3 - BACIA DO TEJO-SADO / MARGEM ESQUERDA,EM SERVIÇO,,2025-07-17 14:15:54.170254+00
3318,2019-04-16 11:50:00+00,444/456,12.0,147305.99,188463.89,,T3 - BACIA DO TEJO-SADO / MARGEM ESQUERDA,EM SERVIÇO,,2025-07-17 14:15:54.170254+00
3319,2020-03-11 10:00:00+00,444/456,2.4,147305.99,188463.89,,T3 - BACIA DO TEJO-SADO / MARGEM ESQUERDA,EM SERVIÇO,,2025-07-17 14:15:54.170254+00
3320,2020-05-05 11:30:00+00,444/456,14.0,147305.99,188463.89,,T3 - BACIA DO TEJO-SADO / MARGEM ESQUERDA,EM SERVIÇO,,2025-07-17 14:15:54.170254+00
3321,2020-10-27 11:35:00+00,444/456,13.0,147305.99,188463.89,,T3 - BACIA DO TEJO-SADO / MARGEM ESQUERDA,EM SERVIÇO,,2025-07-17 14:15:54.170254+00
3322,2021-03-02 11:30:00+00,444/456,11.0,147305.99,188463.89,,T3 - BACIA DO TEJO-SADO / MARGEM ESQUERDA,EM SERVIÇO,,2025-07-17 14:15:54.170254+00
3323,2009-10-28 00:00:00+00,342/114,87.0,168360.00,268980.00,,T7 - ALUVIÕES DO TEJO,,,2025-07-17 14:15:54.170254+00
3324,2021-11-23 12:05:00+00,444/456,14.0,147305.99,188463.89,,T3 - BACIA DO TEJO-SADO / MARGEM ESQUERDA,EM SERVIÇO,,2025-07-17 14:15:54.170254+00
3325,2022-09-20 11:30:00+00,444/456,19.0,147305.99,188463.89,,T3 - BACIA DO TEJO-SADO / MARGEM ESQUERDA,EM SERVIÇO,,2025-07-17 14:15:54.170254+00
3326,2023-04-04 11:05:00+00,444/456,12.0,147305.99,188463.89,,T3 - BACIA DO TEJO-SADO / MARGEM ESQUERDA,EM SERVIÇO,,2025-07-17 14:15:54.170254+00
3327,2023-10-18 11:45:00+00,444/456,18.0,147305.99,188463.89,,T3 - BACIA DO TEJO-SADO / MARGEM ESQUERDA,EM SERVIÇO,,2025-07-17 14:15:54.170254+00
3328,2007-03-22 00:00:00+00,444/AG71,75.27,147761.00,187667.00,49,T3 - BACIA DO TEJO-SADO / MARGEM ESQUERDA,,POCEIRÃO,2025-07-17 14:15:54.170254+00
3329,2007-11-15 00:00:00+00,444/AG71,70.84,147761.00,187667.00,49,T3 - BACIA DO TEJO-SADO / MARGEM ESQUERDA,,POCEIRÃO,2025-07-17 14:15:54.170254+00
3330,2010-06-25 13:10:00+00,444/AG71,2.000,147761.00,187667.00,49,T3 - BACIA DO TEJO-SADO / MARGEM ESQUERDA,,POCEIRÃO,2025-07-17 14:15:54.170254+00
3331,2011-02-17 13:35:00+00,444/AG71,2.000,147761.00,187667.00,49,T3 - BACIA DO TEJO-SADO / MARGEM ESQUERDA,,POCEIRÃO,2025-07-17 14:15:54.170254+00
3332,2001-03-26 00:00:00+00,445/63,0.44,158200.00,189450.00,,T3 - BACIA DO TEJO-SADO / MARGEM ESQUERDA,,PEGÕES,2025-07-17 14:15:54.170254+00
3333,2001-10-22 00:00:00+00,445/63,0.62,158200.00,189450.00,,T3 - BACIA DO TEJO-SADO / MARGEM ESQUERDA,,PEGÕES,2025-07-17 14:15:54.170254+00
3334,2002-10-28 00:00:00+00,445/63,1.95,158200.00,189450.00,,T3 - BACIA DO TEJO-SADO / MARGEM ESQUERDA,,PEGÕES,2025-07-17 14:15:54.170254+00
3335,2003-03-24 00:00:00+00,445/63,0.97,158200.00,189450.00,,T3 - BACIA DO TEJO-SADO / MARGEM ESQUERDA,,PEGÕES,2025-07-17 14:15:54.170254+00
3336,2003-09-23 00:00:00+00,445/63,0.66,158200.00,189450.00,,T3 - BACIA DO TEJO-SADO / MARGEM ESQUERDA,,PEGÕES,2025-07-17 14:15:54.170254+00
3337,2004-02-17 00:00:00+00,445/63,0.98,158200.00,189450.00,,T3 - BACIA DO TEJO-SADO / MARGEM ESQUERDA,,PEGÕES,2025-07-17 14:15:54.170254+00
3338,2004-09-22 00:00:00+00,445/63,0.664,158200.00,189450.00,,T3 - BACIA DO TEJO-SADO / MARGEM ESQUERDA,,PEGÕES,2025-07-17 14:15:54.170254+00
3339,2005-03-21 00:00:00+00,445/63,0.97,158200.00,189450.00,,T3 - BACIA DO TEJO-SADO / MARGEM ESQUERDA,,PEGÕES,2025-07-17 14:15:54.170254+00
3340,2005-11-07 00:00:00+00,445/63,2.17,158200.00,189450.00,,T3 - BACIA DO TEJO-SADO / MARGEM ESQUERDA,,PEGÕES,2025-07-17 14:15:54.170254+00
3341,2006-03-29 00:00:00+00,445/63,1.68,158200.00,189450.00,,T3 - BACIA DO TEJO-SADO / MARGEM ESQUERDA,,PEGÕES,2025-07-17 14:15:54.170254+00
3342,2006-11-13 00:00:00+00,445/63,2.84,158200.00,189450.00,,T3 - BACIA DO TEJO-SADO / MARGEM ESQUERDA,,PEGÕES,2025-07-17 14:15:54.170254+00
3343,2007-03-13 00:00:00+00,445/63,2.17,158200.00,189450.00,,T3 - BACIA DO TEJO-SADO / MARGEM ESQUERDA,,PEGÕES,2025-07-17 14:15:54.170254+00
3344,2008-03-27 00:00:00+00,445/63,2.61,158200.00,189450.00,,T3 - BACIA DO TEJO-SADO / MARGEM ESQUERDA,,PEGÕES,2025-07-17 14:15:54.170254+00
3345,2009-04-13 00:00:00+00,445/63,1.152,158200.00,189450.00,,T3 - BACIA DO TEJO-SADO / MARGEM ESQUERDA,,PEGÕES,2025-07-17 14:15:54.170254+00
3346,2009-09-22 00:00:00+00,445/63,2.215,158200.00,189450.00,,T3 - BACIA DO TEJO-SADO / MARGEM ESQUERDA,,PEGÕES,2025-07-17 14:15:54.170254+00
3347,2010-07-26 17:50:00+00,445/63,5.0,158200.00,189450.00,,T3 - BACIA DO TEJO-SADO / MARGEM ESQUERDA,,PEGÕES,2025-07-17 14:15:54.170254+00
3348,2011-02-17 11:15:00+00,445/63,4.0,158200.00,189450.00,,T3 - BACIA DO TEJO-SADO / MARGEM ESQUERDA,,PEGÕES,2025-07-17 14:15:54.170254+00
3349,2012-11-05 14:35:00+00,445/63,2.3,158200.00,189450.00,,T3 - BACIA DO TEJO-SADO / MARGEM ESQUERDA,,PEGÕES,2025-07-17 14:15:54.170254+00
3350,2013-03-05 14:25:00+00,445/63,3.7,158200.00,189450.00,,T3 - BACIA DO TEJO-SADO / MARGEM ESQUERDA,,PEGÕES,2025-07-17 14:15:54.170254+00
3351,2013-11-29 16:00:00+00,445/63,3.0,158200.00,189450.00,,T3 - BACIA DO TEJO-SADO / MARGEM ESQUERDA,,PEGÕES,2025-07-17 14:15:54.170254+00
3352,2014-02-26 15:05:00+00,445/63,1.7,158200.00,189450.00,,T3 - BACIA DO TEJO-SADO / MARGEM ESQUERDA,,PEGÕES,2025-07-17 14:15:54.170254+00
3353,2014-09-17 11:00:00+00,445/63,4.7,158200.00,189450.00,,T3 - BACIA DO TEJO-SADO / MARGEM ESQUERDA,,PEGÕES,2025-07-17 14:15:54.170254+00
3354,2015-02-23 10:35:00+00,445/63,4.6,158200.00,189450.00,,T3 - BACIA DO TEJO-SADO / MARGEM ESQUERDA,,PEGÕES,2025-07-17 14:15:54.170254+00
3355,2015-09-21 10:45:00+00,445/63,1.5,158200.00,189450.00,,T3 - BACIA DO TEJO-SADO / MARGEM ESQUERDA,,PEGÕES,2025-07-17 14:15:54.170254+00
3356,2016-02-17 00:00:00+00,445/63,5.4,158200.00,189450.00,,T3 - BACIA DO TEJO-SADO / MARGEM ESQUERDA,,PEGÕES,2025-07-17 14:15:54.170254+00
3357,2016-09-07 00:00:00+00,445/63,1.4,158200.00,189450.00,,T3 - BACIA DO TEJO-SADO / MARGEM ESQUERDA,,PEGÕES,2025-07-17 14:15:54.170254+00
3358,2019-04-03 00:00:00+00,445/63,10.000,158200.00,189450.00,,T3 - BACIA DO TEJO-SADO / MARGEM ESQUERDA,,PEGÕES,2025-07-17 14:15:54.170254+00
3359,2020-04-03 00:00:00+00,445/63,10.000,158200.00,189450.00,,T3 - BACIA DO TEJO-SADO / MARGEM ESQUERDA,,PEGÕES,2025-07-17 14:15:54.170254+00
3360,2020-09-02 00:00:00+00,445/63,10.000,158200.00,189450.00,,T3 - BACIA DO TEJO-SADO / MARGEM ESQUERDA,,PEGÕES,2025-07-17 14:15:54.170254+00
3361,2021-04-07 00:00:00+00,445/63,10.000,158200.00,189450.00,,T3 - BACIA DO TEJO-SADO / MARGEM ESQUERDA,,PEGÕES,2025-07-17 14:15:54.170254+00
3362,2021-09-01 00:00:00+00,445/63,10.000,158200.00,189450.00,,T3 - BACIA DO TEJO-SADO / MARGEM ESQUERDA,,PEGÕES,2025-07-17 14:15:54.170254+00
3363,2022-04-27 00:00:00+00,445/63,10.000,158200.00,189450.00,,T3 - BACIA DO TEJO-SADO / MARGEM ESQUERDA,,PEGÕES,2025-07-17 14:15:54.170254+00
3364,2022-09-07 00:00:00+00,445/63,10.000,158200.00,189450.00,,T3 - BACIA DO TEJO-SADO / MARGEM ESQUERDA,,PEGÕES,2025-07-17 14:15:54.170254+00
3365,2023-04-05 00:00:00+00,445/63,10.000,158200.00,189450.00,,T3 - BACIA DO TEJO-SADO / MARGEM ESQUERDA,,PEGÕES,2025-07-17 14:15:54.170254+00
3401,2009-10-27 00:00:00+00,330/187,3.3,176820.00,275630.00,,T7 - ALUVIÕES DO TEJO,,CARREGUEIRA,2025-07-17 14:15:54.170254+00
3516,2010-06-25 12:45:00+00,330/187,6.0,176820.00,275630.00,,T7 - ALUVIÕES DO TEJO,,CARREGUEIRA,2025-07-17 14:15:54.170254+00
3536,2007-03-22 00:00:00+00,329/341,46.0,167873.00,270663.00,16,T7 - ALUVIÕES DO TEJO,,GOLEGÃ,2025-07-17 14:15:54.170254+00
3537,2007-09-27 00:00:00+00,329/341,39.83,167873.00,270663.00,16,T7 - ALUVIÕES DO TEJO,,GOLEGÃ,2025-07-17 14:15:54.170254+00
3538,2008-03-11 00:00:00+00,329/341,12.0,167873.00,270663.00,16,T7 - ALUVIÕES DO TEJO,,GOLEGÃ,2025-07-17 14:15:54.170254+00
3539,2010-06-24 13:15:00+00,329/341,35.0,167873.00,270663.00,16,T7 - ALUVIÕES DO TEJO,,GOLEGÃ,2025-07-17 14:15:54.170254+00
3540,2012-11-29 12:10:00+00,329/341,7.8,167873.00,270663.00,16,T7 - ALUVIÕES DO TEJO,,GOLEGÃ,2025-07-17 14:15:54.170254+00
3541,2013-03-21 12:00:00+00,329/341,15.0,167873.00,270663.00,16,T7 - ALUVIÕES DO TEJO,,GOLEGÃ,2025-07-17 14:15:54.170254+00
3542,2014-04-08 11:55:00+00,329/341,12.0,167873.00,270663.00,16,T7 - ALUVIÕES DO TEJO,,GOLEGÃ,2025-07-17 14:15:54.170254+00
3543,2014-10-16 11:40:00+00,329/341,8.3,167873.00,270663.00,16,T7 - ALUVIÕES DO TEJO,,GOLEGÃ,2025-07-17 14:15:54.170254+00
3544,2015-04-06 12:30:00+00,329/341,53.0,167873.00,270663.00,16,T7 - ALUVIÕES DO TEJO,,GOLEGÃ,2025-07-17 14:15:54.170254+00
3545,2015-10-26 10:10:00+00,329/341,63.0,167873.00,270663.00,16,T7 - ALUVIÕES DO TEJO,,GOLEGÃ,2025-07-17 14:15:54.170254+00
3546,2016-04-05 08:50:00+00,329/341,53.0,167873.00,270663.00,16,T7 - ALUVIÕES DO TEJO,,GOLEGÃ,2025-07-17 14:15:54.170254+00
3547,2016-10-17 09:45:00+00,329/341,41.0,167873.00,270663.00,16,T7 - ALUVIÕES DO TEJO,,GOLEGÃ,2025-07-17 14:15:54.170254+00
3548,2017-03-13 09:20:00+00,329/341,48.0,167873.00,270663.00,16,T7 - ALUVIÕES DO TEJO,,GOLEGÃ,2025-07-17 14:15:54.170254+00
3549,2017-10-09 09:25:00+00,329/341,73.0,167873.00,270663.00,16,T7 - ALUVIÕES DO TEJO,,GOLEGÃ,2025-07-17 14:15:54.170254+00
3550,2018-04-26 09:30:00+00,329/341,47.0,167873.00,270663.00,16,T7 - ALUVIÕES DO TEJO,,GOLEGÃ,2025-07-17 14:15:54.170254+00
3551,2018-10-02 09:35:00+00,329/341,66.0,167873.00,270663.00,16,T7 - ALUVIÕES DO TEJO,,GOLEGÃ,2025-07-17 14:15:54.170254+00
3552,2019-03-27 09:55:00+00,329/341,51.0,167873.00,270663.00,16,T7 - ALUVIÕES DO TEJO,,GOLEGÃ,2025-07-17 14:15:54.170254+00
3553,2020-04-27 09:30:00+00,329/341,53.0,167873.00,270663.00,16,T7 - ALUVIÕES DO TEJO,,GOLEGÃ,2025-07-17 14:15:54.170254+00
3554,2020-10-06 10:00:00+00,329/341,40.0,167873.00,270663.00,16,T7 - ALUVIÕES DO TEJO,,GOLEGÃ,2025-07-17 14:15:54.170254+00
3555,2021-03-31 09:20:00+00,329/341,56.0,167873.00,270663.00,16,T7 - ALUVIÕES DO TEJO,,GOLEGÃ,2025-07-17 14:15:54.170254+00
3556,2021-10-06 09:50:00+00,329/341,80.0,167873.00,270663.00,16,T7 - ALUVIÕES DO TEJO,,GOLEGÃ,2025-07-17 14:15:54.170254+00
3557,2022-04-04 09:40:00+00,329/341,56.0,167873.00,270663.00,16,T7 - ALUVIÕES DO TEJO,,GOLEGÃ,2025-07-17 14:15:54.170254+00
3558,2022-10-10 09:45:00+00,329/341,60.0,167873.00,270663.00,16,T7 - ALUVIÕES DO TEJO,,GOLEGÃ,2025-07-17 14:15:54.170254+00
3559,2023-04-10 00:00:00+00,329/341,50.0,167873.00,270663.00,16,T7 - ALUVIÕES DO TEJO,,GOLEGÃ,2025-07-17 14:15:54.170254+00
3560,2023-09-25 09:35:00+00,329/341,72.0,167873.00,270663.00,16,T7 - ALUVIÕES DO TEJO,,GOLEGÃ,2025-07-17 14:15:54.170254+00
3561,2003-05-26 00:00:00+00,329/6,7.22,166700.00,271040.00,15,T7 - ALUVIÕES DO TEJO,,GOLEGÃ,2025-07-17 14:15:54.170254+00
3562,2003-10-13 00:00:00+00,329/6,6.16,166700.00,271040.00,15,T7 - ALUVIÕES DO TEJO,,GOLEGÃ,2025-07-17 14:15:54.170254+00
3563,2004-03-15 00:00:00+00,329/6,6.16,166700.00,271040.00,15,T7 - ALUVIÕES DO TEJO,,GOLEGÃ,2025-07-17 14:15:54.170254+00
3564,2005-04-12 00:00:00+00,329/6,14.13,166700.00,271040.00,15,T7 - ALUVIÕES DO TEJO,,GOLEGÃ,2025-07-17 14:15:54.170254+00
3565,2005-09-13 00:00:00+00,329/6,8.82,166700.00,271040.00,15,T7 - ALUVIÕES DO TEJO,,GOLEGÃ,2025-07-17 14:15:54.170254+00
3566,2000-04-17 00:00:00+00,330/186,42.13,174290.00,270680.00,,T7 - ALUVIÕES DO TEJO,,PINHEIRO GRANDE,2025-07-17 14:15:54.170254+00
3567,2000-09-25 00:00:00+00,330/186,52.81,174290.00,270680.00,,T7 - ALUVIÕES DO TEJO,,PINHEIRO GRANDE,2025-07-17 14:15:54.170254+00
3568,2001-02-19 00:00:00+00,330/186,21.4,174290.00,270680.00,,T7 - ALUVIÕES DO TEJO,,PINHEIRO GRANDE,2025-07-17 14:15:54.170254+00
3569,2001-10-11 00:00:00+00,330/186,26.8,174290.00,270680.00,,T7 - ALUVIÕES DO TEJO,,PINHEIRO GRANDE,2025-07-17 14:15:54.170254+00
3570,2002-02-25 00:00:00+00,330/186,21.49,174290.00,270680.00,,T7 - ALUVIÕES DO TEJO,,PINHEIRO GRANDE,2025-07-17 14:15:54.170254+00
3571,2002-10-02 00:00:00+00,330/186,35.62,174290.00,270680.00,,T7 - ALUVIÕES DO TEJO,,PINHEIRO GRANDE,2025-07-17 14:15:54.170254+00
3572,2003-02-26 00:00:00+00,330/186,42.97,174290.00,270680.00,,T7 - ALUVIÕES DO TEJO,,PINHEIRO GRANDE,2025-07-17 14:15:54.170254+00
3573,2003-10-13 00:00:00+00,330/186,37.0,174290.00,270680.00,,T7 - ALUVIÕES DO TEJO,,PINHEIRO GRANDE,2025-07-17 14:15:54.170254+00
3574,2004-03-10 00:00:00+00,330/186,37.0,174290.00,270680.00,,T7 - ALUVIÕES DO TEJO,,PINHEIRO GRANDE,2025-07-17 14:15:54.170254+00
3575,2004-09-27 00:00:00+00,330/186,43.37,174290.00,270680.00,,T7 - ALUVIÕES DO TEJO,,PINHEIRO GRANDE,2025-07-17 14:15:54.170254+00
3576,2005-03-28 00:00:00+00,330/186,34.07,174290.00,270680.00,,T7 - ALUVIÕES DO TEJO,,PINHEIRO GRANDE,2025-07-17 14:15:54.170254+00
3577,2006-03-06 00:00:00+00,330/186,14.0,174290.00,270680.00,,T7 - ALUVIÕES DO TEJO,,PINHEIRO GRANDE,2025-07-17 14:15:54.170254+00
3578,2006-10-02 00:00:00+00,330/186,41.6,174290.00,270680.00,,T7 - ALUVIÕES DO TEJO,,PINHEIRO GRANDE,2025-07-17 14:15:54.170254+00
3579,2007-03-13 00:00:00+00,330/186,15.9,174290.00,270680.00,,T7 - ALUVIÕES DO TEJO,,PINHEIRO GRANDE,2025-07-17 14:15:54.170254+00
3580,2008-03-31 00:00:00+00,330/186,19.45,174290.00,270680.00,,T7 - ALUVIÕES DO TEJO,,PINHEIRO GRANDE,2025-07-17 14:15:54.170254+00
3581,2000-04-17 00:00:00+00,330/187,4.03,176820.00,275630.00,,T7 - ALUVIÕES DO TEJO,,CARREGUEIRA,2025-07-17 14:15:54.170254+00
3582,2000-09-25 00:00:00+00,330/187,3.28,176820.00,275630.00,,T7 - ALUVIÕES DO TEJO,,CARREGUEIRA,2025-07-17 14:15:54.170254+00
3583,2001-02-19 00:00:00+00,330/187,10.59,176820.00,275630.00,,T7 - ALUVIÕES DO TEJO,,CARREGUEIRA,2025-07-17 14:15:54.170254+00
3584,2001-10-11 00:00:00+00,330/187,2.75,176820.00,275630.00,,T7 - ALUVIÕES DO TEJO,,CARREGUEIRA,2025-07-17 14:15:54.170254+00
3585,2002-02-25 00:00:00+00,330/187,3.15,176820.00,275630.00,,T7 - ALUVIÕES DO TEJO,,CARREGUEIRA,2025-07-17 14:15:54.170254+00
3586,2002-10-02 00:00:00+00,330/187,5.49,176820.00,275630.00,,T7 - ALUVIÕES DO TEJO,,CARREGUEIRA,2025-07-17 14:15:54.170254+00
3587,2003-02-26 00:00:00+00,330/187,2.22,176820.00,275630.00,,T7 - ALUVIÕES DO TEJO,,CARREGUEIRA,2025-07-17 14:15:54.170254+00
3588,2003-09-29 00:00:00+00,330/187,5.71,176820.00,275630.00,,T7 - ALUVIÕES DO TEJO,,CARREGUEIRA,2025-07-17 14:15:54.170254+00
3589,2012-12-18 11:25:00+00,330/187,0.890,176820.00,275630.00,,T7 - ALUVIÕES DO TEJO,,CARREGUEIRA,2025-07-17 14:15:54.170254+00
3590,2013-11-20 14:30:00+00,330/187,5.0,176820.00,275630.00,,T7 - ALUVIÕES DO TEJO,,CARREGUEIRA,2025-07-17 14:15:54.170254+00
3591,2014-09-29 11:00:00+00,330/187,9.1,176820.00,275630.00,,T7 - ALUVIÕES DO TEJO,,CARREGUEIRA,2025-07-17 14:15:54.170254+00
3592,2002-10-23 00:00:00+00,330/230,87.47,174000.00,271850.00,,T7 - ALUVIÕES DO TEJO,,,2025-07-17 14:15:54.170254+00
3593,2003-04-14 00:00:00+00,330/230,17.19,174000.00,271850.00,,T7 - ALUVIÕES DO TEJO,,,2025-07-17 14:15:54.170254+00
3594,2003-10-13 00:00:00+00,330/230,18.0,174000.00,271850.00,,T7 - ALUVIÕES DO TEJO,,,2025-07-17 14:15:54.170254+00
3595,2004-03-10 00:00:00+00,330/230,16.79,174000.00,271850.00,,T7 - ALUVIÕES DO TEJO,,,2025-07-17 14:15:54.170254+00
3596,2005-04-11 00:00:00+00,330/230,16.35,174000.00,271850.00,,T7 - ALUVIÕES DO TEJO,,,2025-07-17 14:15:54.170254+00
3597,2005-09-12 00:00:00+00,330/230,14.57,174000.00,271850.00,,T7 - ALUVIÕES DO TEJO,,,2025-07-17 14:15:54.170254+00
3598,2006-03-13 00:00:00+00,330/230,18.56,174000.00,271850.00,,T7 - ALUVIÕES DO TEJO,,,2025-07-17 14:15:54.170254+00
3599,2006-09-11 00:00:00+00,330/230,13.69,174000.00,271850.00,,T7 - ALUVIÕES DO TEJO,,,2025-07-17 14:15:54.170254+00
3600,2007-03-26 00:00:00+00,330/230,15.0,174000.00,271850.00,,T7 - ALUVIÕES DO TEJO,,,2025-07-17 14:15:54.170254+00
3601,2007-09-19 00:00:00+00,330/230,15.9,174000.00,271850.00,,T7 - ALUVIÕES DO TEJO,,,2025-07-17 14:15:54.170254+00
3602,2008-03-06 00:00:00+00,330/230,22.99,174000.00,271850.00,,T7 - ALUVIÕES DO TEJO,,,2025-07-17 14:15:54.170254+00
3603,2008-10-06 00:00:00+00,330/230,11.47,174000.00,271850.00,,T7 - ALUVIÕES DO TEJO,,,2025-07-17 14:15:54.170254+00
3604,2009-05-28 00:00:00+00,330/230,20.378,174000.00,271850.00,,T7 - ALUVIÕES DO TEJO,,,2025-07-17 14:15:54.170254+00
3605,2009-10-29 00:00:00+00,330/230,31.01,174000.00,271850.00,,T7 - ALUVIÕES DO TEJO,,,2025-07-17 14:15:54.170254+00
3606,2010-06-25 14:30:00+00,330/230,18.0,174000.00,271850.00,,T7 - ALUVIÕES DO TEJO,,,2025-07-17 14:15:54.170254+00
3607,2002-11-06 00:00:00+00,330/231,24.41,175050.00,275180.00,,T7 - ALUVIÕES DO TEJO,,,2025-07-17 14:15:54.170254+00
3608,2003-04-14 00:00:00+00,330/231,39.71,175050.00,275180.00,,T7 - ALUVIÕES DO TEJO,,,2025-07-17 14:15:54.170254+00
3609,2003-10-13 00:00:00+00,330/231,30.52,175050.00,275180.00,,T7 - ALUVIÕES DO TEJO,,,2025-07-17 14:15:54.170254+00
3610,2004-10-19 00:00:00+00,330/231,37.168,175050.00,275180.00,,T7 - ALUVIÕES DO TEJO,,,2025-07-17 14:15:54.170254+00
3611,2005-04-11 00:00:00+00,330/231,41.6,175050.00,275180.00,,T7 - ALUVIÕES DO TEJO,,,2025-07-17 14:15:54.170254+00
3612,2005-09-12 00:00:00+00,330/231,30.97,175050.00,275180.00,,T7 - ALUVIÕES DO TEJO,,,2025-07-17 14:15:54.170254+00
3613,2006-05-15 00:00:00+00,330/231,41.6,175050.00,275180.00,,T7 - ALUVIÕES DO TEJO,,,2025-07-17 14:15:54.170254+00
3614,2006-09-13 00:00:00+00,330/231,37.61,175050.00,275180.00,,T7 - ALUVIÕES DO TEJO,,,2025-07-17 14:15:54.170254+00
3615,2008-03-06 00:00:00+00,330/231,70.84,175050.00,275180.00,,T7 - ALUVIÕES DO TEJO,,,2025-07-17 14:15:54.170254+00
3616,2008-09-25 00:00:00+00,330/231,35.84,175050.00,275180.00,,T7 - ALUVIÕES DO TEJO,,,2025-07-17 14:15:54.170254+00
3617,2011-03-21 13:00:00+00,330/231,9.0,175050.00,275180.00,,T7 - ALUVIÕES DO TEJO,,,2025-07-17 14:15:54.170254+00
3618,2013-11-20 11:00:00+00,330/231,43.0,175050.00,275180.00,,T7 - ALUVIÕES DO TEJO,,,2025-07-17 14:15:54.170254+00
3619,2014-04-07 09:30:00+00,330/231,28.0,175050.00,275180.00,,T7 - ALUVIÕES DO TEJO,,,2025-07-17 14:15:54.170254+00
3620,2014-10-20 09:10:00+00,330/231,37.0,175050.00,275180.00,,T7 - ALUVIÕES DO TEJO,,,2025-07-17 14:15:54.170254+00
3621,2015-02-23 12:00:00+00,330/231,40.0,175050.00,275180.00,,T7 - ALUVIÕES DO TEJO,,,2025-07-17 14:15:54.170254+00
3622,2016-02-22 10:30:00+00,330/231,30.0,175050.00,275180.00,,T7 - ALUVIÕES DO TEJO,,,2025-07-17 14:15:54.170254+00
3623,2017-04-20 11:20:00+00,330/231,24.0,175050.00,275180.00,,T7 - ALUVIÕES DO TEJO,,,2025-07-17 14:15:54.170254+00
3624,2017-10-24 10:00:00+00,330/231,24.0,175050.00,275180.00,,T7 - ALUVIÕES DO TEJO,,,2025-07-17 14:15:54.170254+00
3625,2018-03-28 09:35:00+00,330/231,20.0,175050.00,275180.00,,T7 - ALUVIÕES DO TEJO,,,2025-07-17 14:15:54.170254+00
3626,2018-10-11 10:00:00+00,330/231,34.0,175050.00,275180.00,,T7 - ALUVIÕES DO TEJO,,,2025-07-17 14:15:54.170254+00
3627,2019-03-12 10:25:00+00,330/231,31.0,175050.00,275180.00,,T7 - ALUVIÕES DO TEJO,,,2025-07-17 14:15:54.170254+00
3628,2019-10-30 10:00:00+00,330/231,22.0,175050.00,275180.00,,T7 - ALUVIÕES DO TEJO,,,2025-07-17 14:15:54.170254+00
3629,2020-03-04 10:15:00+00,330/231,23.0,175050.00,275180.00,,T7 - ALUVIÕES DO TEJO,,,2025-07-17 14:15:54.170254+00
3630,2020-10-21 10:30:00+00,330/231,26.0,175050.00,275180.00,,T7 - ALUVIÕES DO TEJO,,,2025-07-17 14:15:54.170254+00
3631,2021-03-02 10:15:00+00,330/231,31.0,175050.00,275180.00,,T7 - ALUVIÕES DO TEJO,,,2025-07-17 14:15:54.170254+00
3632,2021-10-07 10:15:00+00,330/231,25.0,175050.00,275180.00,,T7 - ALUVIÕES DO TEJO,,,2025-07-17 14:15:54.170254+00
3633,2022-03-28 10:10:00+00,330/231,32.0,175050.00,275180.00,,T7 - ALUVIÕES DO TEJO,,,2025-07-17 14:15:54.170254+00
3634,2022-10-24 10:30:00+00,330/231,23.0,175050.00,275180.00,,T7 - ALUVIÕES DO TEJO,,,2025-07-17 14:15:54.170254+00
3635,2023-04-26 09:50:00+00,330/231,30.0,175050.00,275180.00,,T7 - ALUVIÕES DO TEJO,,,2025-07-17 14:15:54.170254+00
3636,2023-09-20 11:40:00+00,330/231,26.0,175050.00,275180.00,,T7 - ALUVIÕES DO TEJO,,,2025-07-17 14:15:54.170254+00
3637,2002-10-28 00:00:00+00,330/232,182.6,174380.00,274000.00,,T7 - ALUVIÕES DO TEJO,,,2025-07-17 14:15:54.170254+00
3638,2003-04-14 00:00:00+00,330/232,119.34,174380.00,274000.00,,T7 - ALUVIÕES DO TEJO,,,2025-07-17 14:15:54.170254+00
3639,2003-10-13 00:00:00+00,330/232,111.0,174380.00,274000.00,,T7 - ALUVIÕES DO TEJO,,,2025-07-17 14:15:54.170254+00
3640,2004-03-10 00:00:00+00,330/232,109.0,174380.00,274000.00,,T7 - ALUVIÕES DO TEJO,,,2025-07-17 14:15:54.170254+00
3641,2004-10-19 00:00:00+00,330/232,119.566,174380.00,274000.00,,T7 - ALUVIÕES DO TEJO,,,2025-07-17 14:15:54.170254+00
3642,2005-04-11 00:00:00+00,330/232,159.0,174380.00,274000.00,,T7 - ALUVIÕES DO TEJO,,,2025-07-17 14:15:54.170254+00
3643,2005-09-12 00:00:00+00,330/232,107.0,174380.00,274000.00,,T7 - ALUVIÕES DO TEJO,,,2025-07-17 14:15:54.170254+00
3644,2006-09-11 00:00:00+00,330/232,120.0,174380.00,274000.00,,T7 - ALUVIÕES DO TEJO,,,2025-07-17 14:15:54.170254+00
3645,2007-05-09 00:00:00+00,330/232,120.0,174380.00,274000.00,,T7 - ALUVIÕES DO TEJO,,,2025-07-17 14:15:54.170254+00
3646,2002-10-28 00:00:00+00,330/233,103.22,170250.00,273470.00,,T7 - ALUVIÕES DO TEJO,,,2025-07-17 14:15:54.170254+00
3647,2003-04-14 00:00:00+00,330/233,67.34,170250.00,273470.00,,T7 - ALUVIÕES DO TEJO,,,2025-07-17 14:15:54.170254+00
3648,2003-10-13 00:00:00+00,330/233,153.0,170250.00,273470.00,,T7 - ALUVIÕES DO TEJO,,,2025-07-17 14:15:54.170254+00
3649,2004-03-15 00:00:00+00,330/233,124.0,170250.00,273470.00,,T7 - ALUVIÕES DO TEJO,,,2025-07-17 14:15:54.170254+00
3650,2004-10-21 00:00:00+00,330/233,43.0,170250.00,273470.00,,T7 - ALUVIÕES DO TEJO,,,2025-07-17 14:15:54.170254+00
3651,2005-04-12 00:00:00+00,330/233,124.0,170250.00,273470.00,,T7 - ALUVIÕES DO TEJO,,,2025-07-17 14:15:54.170254+00
3652,2005-09-13 00:00:00+00,330/233,61.98,170250.00,273470.00,,T7 - ALUVIÕES DO TEJO,,,2025-07-17 14:15:54.170254+00
3653,2006-03-14 00:00:00+00,330/233,110.0,170250.00,273470.00,,T7 - ALUVIÕES DO TEJO,,,2025-07-17 14:15:54.170254+00
3654,2006-09-12 00:00:00+00,330/233,115.14,170250.00,273470.00,,T7 - ALUVIÕES DO TEJO,,,2025-07-17 14:15:54.170254+00
3655,2007-03-22 00:00:00+00,330/233,106.28,170250.00,273470.00,,T7 - ALUVIÕES DO TEJO,,,2025-07-17 14:15:54.170254+00
3656,2007-09-27 00:00:00+00,330/233,88.56,170250.00,273470.00,,T7 - ALUVIÕES DO TEJO,,,2025-07-17 14:15:54.170254+00
3657,2008-03-11 00:00:00+00,330/233,119.57,170250.00,273470.00,,T7 - ALUVIÕES DO TEJO,,,2025-07-17 14:15:54.170254+00
3658,2008-09-30 00:00:00+00,330/233,73.0,170250.00,273470.00,,T7 - ALUVIÕES DO TEJO,,,2025-07-17 14:15:54.170254+00
3659,2009-05-20 00:00:00+00,330/233,101.89,170250.00,273470.00,,T7 - ALUVIÕES DO TEJO,,,2025-07-17 14:15:54.170254+00
3660,2009-10-28 00:00:00+00,330/233,98.0,170250.00,273470.00,,T7 - ALUVIÕES DO TEJO,,,2025-07-17 14:15:54.170254+00
3661,2010-06-24 15:25:00+00,330/233,110.0,170250.00,273470.00,,T7 - ALUVIÕES DO TEJO,,,2025-07-17 14:15:54.170254+00
3662,2011-03-23 14:00:00+00,330/233,97.0,170250.00,273470.00,,T7 - ALUVIÕES DO TEJO,,,2025-07-17 14:15:54.170254+00
3663,2012-11-29 11:30:00+00,330/233,110.0,170250.00,273470.00,,T7 - ALUVIÕES DO TEJO,,,2025-07-17 14:15:54.170254+00
3664,2013-03-21 11:15:00+00,330/233,56.0,170250.00,273470.00,,T7 - ALUVIÕES DO TEJO,,,2025-07-17 14:15:54.170254+00
3665,2013-11-29 09:27:00+00,330/233,110.0,170250.00,273470.00,,T7 - ALUVIÕES DO TEJO,,,2025-07-17 14:15:54.170254+00
3666,2014-04-08 11:20:00+00,330/233,98.0,170250.00,273470.00,,T7 - ALUVIÕES DO TEJO,,,2025-07-17 14:15:54.170254+00
3667,2014-10-16 11:15:00+00,330/233,67.0,170250.00,273470.00,,T7 - ALUVIÕES DO TEJO,,,2025-07-17 14:15:54.170254+00
3668,2015-04-06 12:10:00+00,330/233,79.0,170250.00,273470.00,,T7 - ALUVIÕES DO TEJO,,,2025-07-17 14:15:54.170254+00
3669,2015-10-26 09:45:00+00,330/233,96.0,170250.00,273470.00,,T7 - ALUVIÕES DO TEJO,,,2025-07-17 14:15:54.170254+00
3670,2018-04-26 09:00:00+00,330/233,97.0,170250.00,273470.00,,T7 - ALUVIÕES DO TEJO,,,2025-07-17 14:15:54.170254+00
3671,2018-10-02 09:05:00+00,330/233,87.0,170250.00,273470.00,,T7 - ALUVIÕES DO TEJO,,,2025-07-17 14:15:54.170254+00
3672,2019-03-27 09:35:00+00,330/233,100.0,170250.00,273470.00,,T7 - ALUVIÕES DO TEJO,,,2025-07-17 14:15:54.170254+00
3673,2020-04-27 09:10:00+00,330/233,100.0,170250.00,273470.00,,T7 - ALUVIÕES DO TEJO,,,2025-07-17 14:15:54.170254+00
3674,2020-10-06 09:40:00+00,330/233,61.0,170250.00,273470.00,,T7 - ALUVIÕES DO TEJO,,,2025-07-17 14:15:54.170254+00
3675,2021-03-31 09:00:00+00,330/233,120.0,170250.00,273470.00,,T7 - ALUVIÕES DO TEJO,,,2025-07-17 14:15:54.170254+00
3676,2021-10-06 09:25:00+00,330/233,91.0,170250.00,273470.00,,T7 - ALUVIÕES DO TEJO,,,2025-07-17 14:15:54.170254+00
3677,2022-04-04 09:15:00+00,330/233,93.0,170250.00,273470.00,,T7 - ALUVIÕES DO TEJO,,,2025-07-17 14:15:54.170254+00
3678,2022-10-10 09:25:00+00,330/233,100.0,170250.00,273470.00,,T7 - ALUVIÕES DO TEJO,,,2025-07-17 14:15:54.170254+00
3679,2023-04-10 00:00:00+00,330/233,110.0,170250.00,273470.00,,T7 - ALUVIÕES DO TEJO,,,2025-07-17 14:15:54.170254+00
3680,2023-09-25 09:00:00+00,330/233,120.0,170250.00,273470.00,,T7 - ALUVIÕES DO TEJO,,,2025-07-17 14:15:54.170254+00
3681,2002-10-23 00:00:00+00,330/234,125.9,169030.00,274050.00,,T7 - ALUVIÕES DO TEJO,,RIACHOS,2025-07-17 14:15:54.170254+00
3682,2003-04-14 00:00:00+00,330/234,4.56,169030.00,274050.00,,T7 - ALUVIÕES DO TEJO,,RIACHOS,2025-07-17 14:15:54.170254+00
3683,2003-10-13 00:00:00+00,330/234,4.3,169030.00,274050.00,,T7 - ALUVIÕES DO TEJO,,RIACHOS,2025-07-17 14:15:54.170254+00
3684,2004-03-15 00:00:00+00,330/234,3.9,169030.00,274050.00,,T7 - ALUVIÕES DO TEJO,,RIACHOS,2025-07-17 14:15:54.170254+00
3685,2004-10-20 00:00:00+00,330/234,4.829,169030.00,274050.00,,T7 - ALUVIÕES DO TEJO,,RIACHOS,2025-07-17 14:15:54.170254+00
3686,2005-04-12 00:00:00+00,330/234,6.16,169030.00,274050.00,,T7 - ALUVIÕES DO TEJO,,RIACHOS,2025-07-17 14:15:54.170254+00
3687,2006-03-14 00:00:00+00,330/234,8.82,169030.00,274050.00,,T7 - ALUVIÕES DO TEJO,,RIACHOS,2025-07-17 14:15:54.170254+00
3688,2006-09-12 00:00:00+00,330/234,8.3,169030.00,274050.00,,T7 - ALUVIÕES DO TEJO,,RIACHOS,2025-07-17 14:15:54.170254+00
3689,2007-03-22 00:00:00+00,330/234,7.49,169030.00,274050.00,,T7 - ALUVIÕES DO TEJO,,RIACHOS,2025-07-17 14:15:54.170254+00
3690,2007-09-27 00:00:00+00,330/234,10.59,169030.00,274050.00,,T7 - ALUVIÕES DO TEJO,,RIACHOS,2025-07-17 14:15:54.170254+00
3691,2008-03-11 00:00:00+00,330/234,10.59,169030.00,274050.00,,T7 - ALUVIÕES DO TEJO,,RIACHOS,2025-07-17 14:15:54.170254+00
3692,2008-09-30 00:00:00+00,330/234,7.04,169030.00,274050.00,,T7 - ALUVIÕES DO TEJO,,RIACHOS,2025-07-17 14:15:54.170254+00
3693,2009-04-13 00:00:00+00,330/234,71.0,169030.00,274050.00,,T7 - ALUVIÕES DO TEJO,,RIACHOS,2025-07-17 14:15:54.170254+00
3694,2009-10-28 00:00:00+00,330/234,9.303,169030.00,274050.00,,T7 - ALUVIÕES DO TEJO,,RIACHOS,2025-07-17 14:15:54.170254+00
3695,2010-07-22 09:30:00+00,330/234,41.0,169030.00,274050.00,,T7 - ALUVIÕES DO TEJO,,RIACHOS,2025-07-17 14:15:54.170254+00
3696,2011-03-23 15:00:00+00,330/234,22.0,169030.00,274050.00,,T7 - ALUVIÕES DO TEJO,,RIACHOS,2025-07-17 14:15:54.170254+00
3697,2012-12-11 10:45:00+00,330/234,5.3,169030.00,274050.00,,T7 - ALUVIÕES DO TEJO,,RIACHOS,2025-07-17 14:15:54.170254+00
3698,2013-04-09 11:15:00+00,330/234,27.0,169030.00,274050.00,,T7 - ALUVIÕES DO TEJO,,RIACHOS,2025-07-17 14:15:54.170254+00
3699,2013-12-11 11:30:00+00,330/234,13.0,169030.00,274050.00,,T7 - ALUVIÕES DO TEJO,,RIACHOS,2025-07-17 14:15:54.170254+00
3700,2014-04-22 12:00:00+00,330/234,13.0,169030.00,274050.00,,T7 - ALUVIÕES DO TEJO,,RIACHOS,2025-07-17 14:15:54.170254+00
3701,2015-10-26 09:10:00+00,330/234,13.0,169030.00,274050.00,,T7 - ALUVIÕES DO TEJO,,RIACHOS,2025-07-17 14:15:54.170254+00
3702,2016-10-17 09:05:00+00,330/234,9.7,169030.00,274050.00,,T7 - ALUVIÕES DO TEJO,,RIACHOS,2025-07-17 14:15:54.170254+00
3703,2017-03-13 08:40:00+00,330/234,2.0,169030.00,274050.00,,T7 - ALUVIÕES DO TEJO,,RIACHOS,2025-07-17 14:15:54.170254+00
3704,2017-10-09 08:35:00+00,330/234,11.0,169030.00,274050.00,,T7 - ALUVIÕES DO TEJO,,RIACHOS,2025-07-17 14:15:54.170254+00
3705,2018-04-26 08:40:00+00,330/234,7.7,169030.00,274050.00,,T7 - ALUVIÕES DO TEJO,,RIACHOS,2025-07-17 14:15:54.170254+00
3706,2018-10-02 08:50:00+00,330/234,24.0,169030.00,274050.00,,T7 - ALUVIÕES DO TEJO,,RIACHOS,2025-07-17 14:15:54.170254+00
3707,2019-03-27 08:50:00+00,330/234,9.7,169030.00,274050.00,,T7 - ALUVIÕES DO TEJO,,RIACHOS,2025-07-17 14:15:54.170254+00
3708,2020-04-27 08:45:00+00,330/234,7.8,169030.00,274050.00,,T7 - ALUVIÕES DO TEJO,,RIACHOS,2025-07-17 14:15:54.170254+00
3709,2020-10-06 09:20:00+00,330/234,7.5,169030.00,274050.00,,T7 - ALUVIÕES DO TEJO,,RIACHOS,2025-07-17 14:15:54.170254+00
3710,2021-03-31 08:35:00+00,330/234,14.0,169030.00,274050.00,,T7 - ALUVIÕES DO TEJO,,RIACHOS,2025-07-17 14:15:54.170254+00
3711,2021-10-06 08:50:00+00,330/234,12.0,169030.00,274050.00,,T7 - ALUVIÕES DO TEJO,,RIACHOS,2025-07-17 14:15:54.170254+00
3712,2022-04-04 08:55:00+00,330/234,6.5,169030.00,274050.00,,T7 - ALUVIÕES DO TEJO,,RIACHOS,2025-07-17 14:15:54.170254+00
3713,2022-10-10 08:40:00+00,330/234,16.0,169030.00,274050.00,,T7 - ALUVIÕES DO TEJO,,RIACHOS,2025-07-17 14:15:54.170254+00
3714,2023-04-10 00:00:00+00,330/234,14.0,169030.00,274050.00,,T7 - ALUVIÕES DO TEJO,,RIACHOS,2025-07-17 14:15:54.170254+00
3715,2023-09-25 08:40:00+00,330/234,41.0,169030.00,274050.00,,T7 - ALUVIÕES DO TEJO,,RIACHOS,2025-07-17 14:15:54.170254+00
3716,2002-11-26 00:00:00+00,330/235,126.83,171120.00,271440.00,,T7 - ALUVIÕES DO TEJO,,,2025-07-17 14:15:54.575671+00
3717,2003-05-26 00:00:00+00,330/235,143.7,171120.00,271440.00,,T7 - ALUVIÕES DO TEJO,,,2025-07-17 14:15:54.575671+00
3718,2003-10-13 00:00:00+00,330/235,153.0,171120.00,271440.00,,T7 - ALUVIÕES DO TEJO,,,2025-07-17 14:15:54.575671+00
3719,2004-03-15 00:00:00+00,330/235,169.0,171120.00,271440.00,,T7 - ALUVIÕES DO TEJO,,,2025-07-17 14:15:54.575671+00
3720,2004-10-21 00:00:00+00,330/235,146.0,171120.00,271440.00,,T7 - ALUVIÕES DO TEJO,,,2025-07-17 14:15:54.575671+00
3721,2005-04-12 00:00:00+00,330/235,132.86,171120.00,271440.00,,T7 - ALUVIÕES DO TEJO,,,2025-07-17 14:15:54.575671+00
3722,2005-09-13 00:00:00+00,330/235,97.42,171120.00,271440.00,,T7 - ALUVIÕES DO TEJO,,,2025-07-17 14:15:54.575671+00
3723,2006-03-14 00:00:00+00,330/235,140.0,171120.00,271440.00,,T7 - ALUVIÕES DO TEJO,,,2025-07-17 14:15:54.575671+00
3724,2006-09-12 00:00:00+00,330/235,140.0,171120.00,271440.00,,T7 - ALUVIÕES DO TEJO,,,2025-07-17 14:15:54.575671+00
3725,2007-05-08 00:00:00+00,330/235,168.3,171120.00,271440.00,,T7 - ALUVIÕES DO TEJO,,,2025-07-17 14:15:54.575671+00
3726,2007-09-27 00:00:00+00,330/235,106.28,171120.00,271440.00,,T7 - ALUVIÕES DO TEJO,,,2025-07-17 14:15:54.575671+00
3727,2008-03-11 00:00:00+00,330/235,160.0,171120.00,271440.00,,T7 - ALUVIÕES DO TEJO,,,2025-07-17 14:15:54.575671+00
3728,2008-09-30 00:00:00+00,330/235,124.0,171120.00,271440.00,,T7 - ALUVIÕES DO TEJO,,,2025-07-17 14:15:54.575671+00
3729,2009-05-20 00:00:00+00,330/235,124.04,171120.00,271440.00,,T7 - ALUVIÕES DO TEJO,,,2025-07-17 14:15:54.575671+00
3730,2009-10-28 00:00:00+00,330/235,75.31,171120.00,271440.00,,T7 - ALUVIÕES DO TEJO,,,2025-07-17 14:15:54.575671+00
3731,2010-06-24 14:30:00+00,330/235,130.0,171120.00,271440.00,,T7 - ALUVIÕES DO TEJO,,,2025-07-17 14:15:54.575671+00
3732,2011-03-23 09:00:00+00,330/235,99.0,171120.00,271440.00,,T7 - ALUVIÕES DO TEJO,,,2025-07-17 14:15:54.575671+00
3733,2002-11-19 00:00:00+00,331/1,37.12,188570.00,278970.00,,T7 - ALUVIÕES DO TEJO,,,2025-07-17 14:15:54.575671+00
3734,2003-04-08 00:00:00+00,331/1,40.3,188570.00,278970.00,,T7 - ALUVIÕES DO TEJO,,,2025-07-17 14:15:54.575671+00
3735,2003-10-14 00:00:00+00,331/1,37.61,188570.00,278970.00,,T7 - ALUVIÕES DO TEJO,,,2025-07-17 14:15:54.575671+00
3736,2004-03-16 00:00:00+00,331/1,39.83,188570.00,278970.00,,T7 - ALUVIÕES DO TEJO,,,2025-07-17 14:15:54.575671+00
3737,2004-10-13 00:00:00+00,331/1,34.51,188570.00,278970.00,,T7 - ALUVIÕES DO TEJO,,,2025-07-17 14:15:54.575671+00
3738,2005-04-13 00:00:00+00,331/1,38.5,188570.00,278970.00,,T7 - ALUVIÕES DO TEJO,,,2025-07-17 14:15:54.575671+00
3739,2005-09-14 00:00:00+00,331/1,39.0,188570.00,278970.00,,T7 - ALUVIÕES DO TEJO,,,2025-07-17 14:15:54.575671+00
3740,2006-03-15 00:00:00+00,331/1,40.27,188570.00,278970.00,,T7 - ALUVIÕES DO TEJO,,,2025-07-17 14:15:54.575671+00
3741,2006-09-13 00:00:00+00,331/1,37.0,188570.00,278970.00,,T7 - ALUVIÕES DO TEJO,,,2025-07-17 14:15:54.575671+00
3742,2007-03-29 00:00:00+00,331/1,38.94,188570.00,278970.00,,T7 - ALUVIÕES DO TEJO,,,2025-07-17 14:15:54.575671+00
3743,2007-09-26 00:00:00+00,331/1,31.85,188570.00,278970.00,,T7 - ALUVIÕES DO TEJO,,,2025-07-17 14:15:54.575671+00
3744,2008-03-24 00:00:00+00,331/1,23.88,188570.00,278970.00,,T7 - ALUVIÕES DO TEJO,,,2025-07-17 14:15:54.575671+00
3767,2002-11-04 00:00:00+00,331/129,18.83,187630.00,276740.00,,T7 - ALUVIÕES DO TEJO,,,2025-07-17 14:15:54.575671+00
3768,2003-04-08 00:00:00+00,331/129,38.53,187630.00,276740.00,,T7 - ALUVIÕES DO TEJO,,,2025-07-17 14:15:54.575671+00
3769,2003-10-14 00:00:00+00,331/129,48.0,187630.00,276740.00,,T7 - ALUVIÕES DO TEJO,,,2025-07-17 14:15:54.575671+00
3770,2004-07-19 00:00:00+00,331/129,42.484,187630.00,276740.00,,T7 - ALUVIÕES DO TEJO,,,2025-07-17 14:15:54.575671+00
3771,2004-10-13 00:00:00+00,331/129,22.549,187630.00,276740.00,,T7 - ALUVIÕES DO TEJO,,,2025-07-17 14:15:54.575671+00
3772,2005-09-14 00:00:00+00,331/129,15.9,187630.00,276740.00,,T7 - ALUVIÕES DO TEJO,,,2025-07-17 14:15:54.575671+00
3773,2006-05-15 00:00:00+00,331/129,39.0,187630.00,276740.00,,T7 - ALUVIÕES DO TEJO,,,2025-07-17 14:15:54.575671+00
3774,2006-09-13 00:00:00+00,331/129,44.26,187630.00,276740.00,,T7 - ALUVIÕES DO TEJO,,,2025-07-17 14:15:54.575671+00
3775,2008-05-14 00:00:00+00,331/129,26.0,187630.00,276740.00,,T7 - ALUVIÕES DO TEJO,,,2025-07-17 14:15:54.575671+00
3776,2008-10-02 00:00:00+00,331/129,35.4,187630.00,276740.00,,T7 - ALUVIÕES DO TEJO,,,2025-07-17 14:15:54.575671+00
3777,2009-06-02 00:00:00+00,331/129,31.896,187630.00,276740.00,,T7 - ALUVIÕES DO TEJO,,,2025-07-17 14:15:54.575671+00
3778,2010-07-28 12:50:00+00,331/129,91.0,187630.00,276740.00,,T7 - ALUVIÕES DO TEJO,,,2025-07-17 14:15:54.575671+00
3779,2013-12-02 15:30:00+00,331/129,55.0,187630.00,276740.00,,T7 - ALUVIÕES DO TEJO,,,2025-07-17 14:15:54.575671+00
3780,2014-04-02 09:40:00+00,331/129,36.0,187630.00,276740.00,,T7 - ALUVIÕES DO TEJO,,,2025-07-17 14:15:54.575671+00
3781,2014-10-14 09:30:00+00,331/129,34.0,187630.00,276740.00,,T7 - ALUVIÕES DO TEJO,,,2025-07-17 14:15:54.575671+00
3782,2015-03-24 09:50:00+00,331/129,54.0,187630.00,276740.00,,T7 - ALUVIÕES DO TEJO,,,2025-07-17 14:15:54.575671+00
3783,2015-10-19 09:45:00+00,331/129,38.0,187630.00,276740.00,,T7 - ALUVIÕES DO TEJO,,,2025-07-17 14:15:54.575671+00
3784,2016-03-22 10:20:00+00,331/129,24.0,187630.00,276740.00,,T7 - ALUVIÕES DO TEJO,,,2025-07-17 14:15:54.575671+00
3785,2016-10-03 09:35:00+00,331/129,40.0,187630.00,276740.00,,T7 - ALUVIÕES DO TEJO,,,2025-07-17 14:15:54.575671+00
3786,2017-03-14 09:40:00+00,331/129,18.0,187630.00,276740.00,,T7 - ALUVIÕES DO TEJO,,,2025-07-17 14:15:54.575671+00
3787,2017-10-10 00:00:00+00,331/129,38.0,187630.00,276740.00,,T7 - ALUVIÕES DO TEJO,,,2025-07-17 14:15:54.575671+00
3788,2018-04-18 09:45:00+00,331/129,8.5,187630.00,276740.00,,T7 - ALUVIÕES DO TEJO,,,2025-07-17 14:15:54.575671+00
3789,2019-04-02 10:40:00+00,331/129,38.0,187630.00,276740.00,,T7 - ALUVIÕES DO TEJO,,,2025-07-17 14:15:54.575671+00
3790,2020-03-16 09:40:00+00,331/129,29.0,187630.00,276740.00,,T7 - ALUVIÕES DO TEJO,,,2025-07-17 14:15:54.575671+00
3791,2020-09-23 09:20:00+00,331/129,32.0,187630.00,276740.00,,T7 - ALUVIÕES DO TEJO,,,2025-07-17 14:15:54.575671+00
3792,2002-11-04 00:00:00+00,331/130,39.04,188860.00,277700.00,,T7 - ALUVIÕES DO TEJO,,,2025-07-17 14:15:54.575671+00
3793,2004-07-19 00:00:00+00,331/130,40.0,188860.00,277700.00,,T7 - ALUVIÕES DO TEJO,,,2025-07-17 14:15:54.575671+00
3794,2004-10-13 00:00:00+00,331/130,29.637,188860.00,277700.00,,T7 - ALUVIÕES DO TEJO,,,2025-07-17 14:15:54.575671+00
3795,2005-04-13 00:00:00+00,331/130,15.9,188860.00,277700.00,,T7 - ALUVIÕES DO TEJO,,,2025-07-17 14:15:54.575671+00
3796,2005-09-14 00:00:00+00,331/130,21.0,188860.00,277700.00,,T7 - ALUVIÕES DO TEJO,,,2025-07-17 14:15:54.575671+00
3797,2006-03-15 00:00:00+00,331/130,26.0,188860.00,277700.00,,T7 - ALUVIÕES DO TEJO,,,2025-07-17 14:15:54.575671+00
3798,2006-09-13 00:00:00+00,331/130,38.0,188860.00,277700.00,,T7 - ALUVIÕES DO TEJO,,,2025-07-17 14:15:54.575671+00
3799,2007-03-29 00:00:00+00,331/130,46.0,188860.00,277700.00,,T7 - ALUVIÕES DO TEJO,,,2025-07-17 14:15:54.575671+00
3800,2007-09-26 00:00:00+00,331/130,25.0,188860.00,277700.00,,T7 - ALUVIÕES DO TEJO,,,2025-07-17 14:15:54.575671+00
3801,2008-03-24 00:00:00+00,331/130,24.0,188860.00,277700.00,,T7 - ALUVIÕES DO TEJO,,,2025-07-17 14:15:54.575671+00
3802,2008-10-02 00:00:00+00,331/130,20.33,188860.00,277700.00,,T7 - ALUVIÕES DO TEJO,,,2025-07-17 14:15:54.575671+00
3803,2009-05-18 00:00:00+00,331/130,25.0,188860.00,277700.00,,T7 - ALUVIÕES DO TEJO,,,2025-07-17 14:15:54.575671+00
3804,2009-10-22 00:00:00+00,331/130,18.0,188860.00,277700.00,,T7 - ALUVIÕES DO TEJO,,,2025-07-17 14:15:54.575671+00
3805,2010-07-06 13:25:00+00,331/130,31.0,188860.00,277700.00,,T7 - ALUVIÕES DO TEJO,,,2025-07-17 14:15:54.575671+00
3806,2011-03-22 14:00:00+00,331/130,7.0,188860.00,277700.00,,T7 - ALUVIÕES DO TEJO,,,2025-07-17 14:15:54.575671+00
3807,2012-11-15 09:30:00+00,331/130,20.0,188860.00,277700.00,,T7 - ALUVIÕES DO TEJO,,,2025-07-17 14:15:54.575671+00
3808,2013-03-14 09:40:00+00,331/130,12.0,188860.00,277700.00,,T7 - ALUVIÕES DO TEJO,,,2025-07-17 14:15:54.575671+00
3809,2013-12-02 16:10:00+00,331/130,2.000,188860.00,277700.00,,T7 - ALUVIÕES DO TEJO,,,2025-07-17 14:15:54.575671+00
3810,2014-04-02 09:10:00+00,331/130,7.9,188860.00,277700.00,,T7 - ALUVIÕES DO TEJO,,,2025-07-17 14:15:54.575671+00
3811,2014-10-14 09:00:00+00,331/130,8.3,188860.00,277700.00,,T7 - ALUVIÕES DO TEJO,,,2025-07-17 14:15:54.575671+00
3812,2015-03-24 09:30:00+00,331/130,26.0,188860.00,277700.00,,T7 - ALUVIÕES DO TEJO,,,2025-07-17 14:15:54.575671+00
3813,2015-10-19 09:20:00+00,331/130,9.6,188860.00,277700.00,,T7 - ALUVIÕES DO TEJO,,,2025-07-17 14:15:54.575671+00
3814,2016-03-22 10:00:00+00,331/130,8.3,188860.00,277700.00,,T7 - ALUVIÕES DO TEJO,,,2025-07-17 14:15:54.575671+00
3815,2016-10-03 09:15:00+00,331/130,6.7,188860.00,277700.00,,T7 - ALUVIÕES DO TEJO,,,2025-07-17 14:15:54.575671+00
3816,2017-03-14 09:10:00+00,331/130,5.8,188860.00,277700.00,,T7 - ALUVIÕES DO TEJO,,,2025-07-17 14:15:54.575671+00
3817,2017-10-10 00:00:00+00,331/130,35.0,188860.00,277700.00,,T7 - ALUVIÕES DO TEJO,,,2025-07-17 14:15:54.575671+00
3818,2018-04-18 16:08:00+00,331/130,9.2,188860.00,277700.00,,T7 - ALUVIÕES DO TEJO,,,2025-07-17 14:15:54.575671+00
3819,2018-10-08 09:20:00+00,331/130,5.9,188860.00,277700.00,,T7 - ALUVIÕES DO TEJO,,,2025-07-17 14:15:54.575671+00
3820,2019-04-02 09:50:00+00,331/130,9.6,188860.00,277700.00,,T7 - ALUVIÕES DO TEJO,,,2025-07-17 14:15:54.575671+00
3821,2019-10-17 10:35:00+00,331/130,13.0,188860.00,277700.00,,T7 - ALUVIÕES DO TEJO,,,2025-07-17 14:15:54.575671+00
3822,2020-03-16 09:20:00+00,331/130,8.6,188860.00,277700.00,,T7 - ALUVIÕES DO TEJO,,,2025-07-17 14:15:54.575671+00
3823,2020-09-23 09:40:00+00,331/130,7.0,188860.00,277700.00,,T7 - ALUVIÕES DO TEJO,,,2025-07-17 14:15:54.575671+00
3824,2021-03-10 09:00:00+00,331/130,12.0,188860.00,277700.00,,T7 - ALUVIÕES DO TEJO,,,2025-07-17 14:15:54.575671+00
3825,2021-10-19 09:25:00+00,331/130,22.0,188860.00,277700.00,,T7 - ALUVIÕES DO TEJO,,,2025-07-17 14:15:54.575671+00
3826,2022-03-22 09:10:00+00,331/130,21.0,188860.00,277700.00,,T7 - ALUVIÕES DO TEJO,,,2025-07-17 14:15:54.575671+00
3827,2022-09-29 09:45:00+00,331/130,40.0,188860.00,277700.00,,T7 - ALUVIÕES DO TEJO,,,2025-07-17 14:15:54.575671+00
3828,2023-04-26 09:40:00+00,331/130,20.0,188860.00,277700.00,,T7 - ALUVIÕES DO TEJO,,,2025-07-17 14:15:54.575671+00
3829,2023-09-26 09:20:00+00,331/130,9.4,188860.00,277700.00,,T7 - ALUVIÕES DO TEJO,,,2025-07-17 14:15:54.575671+00
3830,2002-11-04 00:00:00+00,331/131,37.12,189600.00,277700.00,,T7 - ALUVIÕES DO TEJO,,,2025-07-17 14:15:54.575671+00
3831,2003-05-26 00:00:00+00,331/131,10.32,189600.00,277700.00,,T7 - ALUVIÕES DO TEJO,,,2025-07-17 14:15:54.575671+00
3832,2003-10-14 00:00:00+00,331/131,0.49,189600.00,277700.00,,T7 - ALUVIÕES DO TEJO,,,2025-07-17 14:15:54.575671+00
3833,2004-07-19 00:00:00+00,331/131,53.116,189600.00,277700.00,,T7 - ALUVIÕES DO TEJO,,,2025-07-17 14:15:54.575671+00
3834,2004-10-13 00:00:00+00,331/131,17.676,189600.00,277700.00,,T7 - ALUVIÕES DO TEJO,,,2025-07-17 14:15:54.575671+00
3835,2005-04-13 00:00:00+00,331/131,53.12,189600.00,277700.00,,T7 - ALUVIÕES DO TEJO,,,2025-07-17 14:15:54.575671+00
3836,2006-03-15 00:00:00+00,331/131,50.0,189600.00,277700.00,,T7 - ALUVIÕES DO TEJO,,,2025-07-17 14:15:54.575671+00
3837,2006-09-13 00:00:00+00,331/131,31.85,189600.00,277700.00,,T7 - ALUVIÕES DO TEJO,,,2025-07-17 14:15:54.575671+00
3838,2007-03-29 00:00:00+00,331/131,53.12,189600.00,277700.00,,T7 - ALUVIÕES DO TEJO,,,2025-07-17 14:15:54.575671+00
3839,2008-10-02 00:00:00+00,331/131,37.17,189600.00,277700.00,,T7 - ALUVIÕES DO TEJO,,,2025-07-17 14:15:54.575671+00
3840,2009-06-02 00:00:00+00,331/131,53.16,189600.00,277700.00,,T7 - ALUVIÕES DO TEJO,,,2025-07-17 14:15:54.575671+00
3841,2010-07-06 12:50:00+00,331/131,71.0,189600.00,277700.00,,T7 - ALUVIÕES DO TEJO,,,2025-07-17 14:15:54.575671+00
3842,2011-03-22 13:40:00+00,331/131,140.0,189600.00,277700.00,,T7 - ALUVIÕES DO TEJO,,,2025-07-17 14:15:54.575671+00
3843,2013-12-02 15:50:00+00,331/131,22.0,189600.00,277700.00,,T7 - ALUVIÕES DO TEJO,,,2025-07-17 14:15:54.575671+00
3844,2014-04-02 10:10:00+00,331/131,63.0,189600.00,277700.00,,T7 - ALUVIÕES DO TEJO,,,2025-07-17 14:15:54.575671+00
3845,2014-10-14 09:50:00+00,331/131,45.0,189600.00,277700.00,,T7 - ALUVIÕES DO TEJO,,,2025-07-17 14:15:54.575671+00
3873,2003-04-14 00:00:00+00,341/17,0.84,165540.00,265050.00,23,T7 - ALUVIÕES DO TEJO,EM RESERVA,AZINHAGA,2025-07-17 14:15:54.575671+00
3874,2003-10-07 00:00:00+00,341/17,0.66,165540.00,265050.00,23,T7 - ALUVIÕES DO TEJO,EM RESERVA,AZINHAGA,2025-07-17 14:15:54.575671+00
3875,2004-03-08 00:00:00+00,341/17,0.66,165540.00,265050.00,23,T7 - ALUVIÕES DO TEJO,EM RESERVA,AZINHAGA,2025-07-17 14:15:54.575671+00
3876,2005-04-06 00:00:00+00,341/17,61.98,165540.00,265050.00,23,T7 - ALUVIÕES DO TEJO,EM RESERVA,AZINHAGA,2025-07-17 14:15:54.575671+00
3877,2005-09-07 00:00:00+00,341/17,55.0,165540.00,265050.00,23,T7 - ALUVIÕES DO TEJO,EM RESERVA,AZINHAGA,2025-07-17 14:15:54.575671+00
3878,2006-03-08 00:00:00+00,341/17,73.0,165540.00,265050.00,23,T7 - ALUVIÕES DO TEJO,EM RESERVA,AZINHAGA,2025-07-17 14:15:54.575671+00
3879,2006-09-06 00:00:00+00,341/17,70.84,165540.00,265050.00,23,T7 - ALUVIÕES DO TEJO,EM RESERVA,AZINHAGA,2025-07-17 14:15:54.575671+00
3880,2007-03-14 00:00:00+00,341/17,72.0,165540.00,265050.00,23,T7 - ALUVIÕES DO TEJO,EM RESERVA,AZINHAGA,2025-07-17 14:15:54.575671+00
3881,2008-03-10 00:00:00+00,341/17,66.41,165540.00,265050.00,23,T7 - ALUVIÕES DO TEJO,EM RESERVA,AZINHAGA,2025-07-17 14:15:54.575671+00
3882,2008-09-29 00:00:00+00,341/17,40.71,165540.00,265050.00,23,T7 - ALUVIÕES DO TEJO,EM RESERVA,AZINHAGA,2025-07-17 14:15:54.575671+00
3883,2009-06-03 00:00:00+00,341/17,0.886,165540.00,265050.00,23,T7 - ALUVIÕES DO TEJO,EM RESERVA,AZINHAGA,2025-07-17 14:15:54.575671+00
3884,2009-10-28 00:00:00+00,341/17,0.886,165540.00,265050.00,23,T7 - ALUVIÕES DO TEJO,EM RESERVA,AZINHAGA,2025-07-17 14:15:54.575671+00
3885,2010-06-24 10:10:00+00,341/17,52.0,165540.00,265050.00,23,T7 - ALUVIÕES DO TEJO,EM RESERVA,AZINHAGA,2025-07-17 14:15:54.575671+00
3886,2011-03-23 09:30:00+00,341/17,2.000,165540.00,265050.00,23,T7 - ALUVIÕES DO TEJO,EM RESERVA,AZINHAGA,2025-07-17 14:15:54.575671+00
3887,2012-12-10 10:05:00+00,341/17,0.890,165540.00,265050.00,23,T7 - ALUVIÕES DO TEJO,EM RESERVA,AZINHAGA,2025-07-17 14:15:54.575671+00
3888,2013-04-17 09:40:00+00,341/17,0.890,165540.00,265050.00,23,T7 - ALUVIÕES DO TEJO,EM RESERVA,AZINHAGA,2025-07-17 14:15:54.575671+00
3889,2013-11-29 14:00:00+00,341/17,68.0,165540.00,265050.00,23,T7 - ALUVIÕES DO TEJO,EM RESERVA,AZINHAGA,2025-07-17 14:15:54.575671+00
3890,2014-04-22 10:00:00+00,341/17,0.890,165540.00,265050.00,23,T7 - ALUVIÕES DO TEJO,EM RESERVA,AZINHAGA,2025-07-17 14:15:54.575671+00
3891,2014-10-28 09:30:00+00,341/17,0.890,165540.00,265050.00,23,T7 - ALUVIÕES DO TEJO,EM RESERVA,AZINHAGA,2025-07-17 14:15:54.575671+00
3892,2015-04-20 12:30:00+00,341/17,0.890,165540.00,265050.00,23,T7 - ALUVIÕES DO TEJO,EM RESERVA,AZINHAGA,2025-07-17 14:15:54.575671+00
3893,2015-11-16 09:05:00+00,341/17,0.890,165540.00,265050.00,23,T7 - ALUVIÕES DO TEJO,EM RESERVA,AZINHAGA,2025-07-17 14:15:54.575671+00
3894,2016-04-26 08:35:00+00,341/17,0.890,165540.00,265050.00,23,T7 - ALUVIÕES DO TEJO,EM RESERVA,AZINHAGA,2025-07-17 14:15:54.575671+00
3895,2016-10-24 08:50:00+00,341/17,0.890,165540.00,265050.00,23,T7 - ALUVIÕES DO TEJO,EM RESERVA,AZINHAGA,2025-07-17 14:15:54.575671+00
3896,2017-03-21 11:10:00+00,341/17,0.890,165540.00,265050.00,23,T7 - ALUVIÕES DO TEJO,EM RESERVA,AZINHAGA,2025-07-17 14:15:54.575671+00
3897,2017-10-25 08:55:00+00,341/17,0.890,165540.00,265050.00,23,T7 - ALUVIÕES DO TEJO,EM RESERVA,AZINHAGA,2025-07-17 14:15:54.575671+00
3898,2018-04-16 08:30:00+00,341/17,0.890,165540.00,265050.00,23,T7 - ALUVIÕES DO TEJO,EM RESERVA,AZINHAGA,2025-07-17 14:15:54.575671+00
3899,2018-10-17 08:45:00+00,341/17,0.890,165540.00,265050.00,23,T7 - ALUVIÕES DO TEJO,EM RESERVA,AZINHAGA,2025-07-17 14:15:54.575671+00
3900,2019-03-20 09:20:00+00,341/17,1.0,165540.00,265050.00,23,T7 - ALUVIÕES DO TEJO,EM RESERVA,AZINHAGA,2025-07-17 14:15:54.575671+00
3901,2019-11-14 09:35:00+00,341/17,0.890,165540.00,265050.00,23,T7 - ALUVIÕES DO TEJO,EM RESERVA,AZINHAGA,2025-07-17 14:15:54.575671+00
3902,2020-03-10 09:00:00+00,341/17,1.0,165540.00,265050.00,23,T7 - ALUVIÕES DO TEJO,EM RESERVA,AZINHAGA,2025-07-17 14:15:54.575671+00
3903,2020-10-19 08:50:00+00,341/17,0.890,165540.00,265050.00,23,T7 - ALUVIÕES DO TEJO,EM RESERVA,AZINHAGA,2025-07-17 14:15:54.575671+00
3904,2021-03-09 09:25:00+00,341/17,1.1,165540.00,265050.00,23,T7 - ALUVIÕES DO TEJO,EM RESERVA,AZINHAGA,2025-07-17 14:15:54.575671+00
3905,2021-11-03 09:35:00+00,341/17,1.2,165540.00,265050.00,23,T7 - ALUVIÕES DO TEJO,EM RESERVA,AZINHAGA,2025-07-17 14:15:54.575671+00
3906,2022-04-11 09:45:00+00,341/17,1.4,165540.00,265050.00,23,T7 - ALUVIÕES DO TEJO,EM RESERVA,AZINHAGA,2025-07-17 14:15:54.575671+00
3907,2022-10-19 09:15:00+00,341/17,1.0,165540.00,265050.00,23,T7 - ALUVIÕES DO TEJO,EM RESERVA,AZINHAGA,2025-07-17 14:15:54.575671+00
3908,2023-03-07 09:40:00+00,341/17,1.2,165540.00,265050.00,23,T7 - ALUVIÕES DO TEJO,EM RESERVA,AZINHAGA,2025-07-17 14:15:54.575671+00
3909,2002-11-06 00:00:00+00,341/251,0.84,166960.00,260910.00,,T7 - ALUVIÕES DO TEJO,,,2025-07-17 14:15:54.575671+00
3910,2003-04-08 00:00:00+00,341/251,0.84,166960.00,260910.00,,T7 - ALUVIÕES DO TEJO,,,2025-07-17 14:15:54.575671+00
3911,2004-03-10 00:00:00+00,341/251,0.66,166960.00,260910.00,,T7 - ALUVIÕES DO TEJO,,,2025-07-17 14:15:54.575671+00
3912,2004-10-19 00:00:00+00,341/251,0.664,166960.00,260910.00,,T7 - ALUVIÕES DO TEJO,,,2025-07-17 14:15:54.575671+00
3913,2005-04-11 00:00:00+00,341/251,0.66,166960.00,260910.00,,T7 - ALUVIÕES DO TEJO,,,2025-07-17 14:15:54.575671+00
3914,2005-09-12 00:00:00+00,341/251,0.66,166960.00,260910.00,,T7 - ALUVIÕES DO TEJO,,,2025-07-17 14:15:54.575671+00
3915,2006-03-13 00:00:00+00,341/251,0.62,166960.00,260910.00,,T7 - ALUVIÕES DO TEJO,,,2025-07-17 14:15:54.575671+00
3916,2006-09-11 00:00:00+00,341/251,0.66,166960.00,260910.00,,T7 - ALUVIÕES DO TEJO,,,2025-07-17 14:15:54.575671+00
3917,2007-03-26 00:00:00+00,341/251,0.84,166960.00,260910.00,,T7 - ALUVIÕES DO TEJO,,,2025-07-17 14:15:54.575671+00
3918,2007-09-19 00:00:00+00,341/251,0.84,166960.00,260910.00,,T7 - ALUVIÕES DO TEJO,,,2025-07-17 14:15:54.575671+00
3919,2008-03-06 00:00:00+00,341/251,1.4,166960.00,260910.00,,T7 - ALUVIÕES DO TEJO,,,2025-07-17 14:15:54.575671+00
3920,2008-09-25 00:00:00+00,341/251,0.84,166960.00,260910.00,,T7 - ALUVIÕES DO TEJO,,,2025-07-17 14:15:54.575671+00
3921,2010-06-25 10:45:00+00,341/251,13.0,166960.00,260910.00,,T7 - ALUVIÕES DO TEJO,,,2025-07-17 14:15:54.575671+00
3922,2002-11-05 00:00:00+00,341/252,21.57,161780.00,262470.00,,T7 - ALUVIÕES DO TEJO,,,2025-07-17 14:15:54.575671+00
3923,2003-04-08 00:00:00+00,341/252,51.38,161780.00,262470.00,,T7 - ALUVIÕES DO TEJO,,,2025-07-17 14:15:54.575671+00
3924,2003-10-07 00:00:00+00,341/252,21.0,161780.00,262470.00,,T7 - ALUVIÕES DO TEJO,,,2025-07-17 14:15:54.575671+00
3925,2004-03-08 00:00:00+00,341/252,46.0,161780.00,262470.00,,T7 - ALUVIÕES DO TEJO,,,2025-07-17 14:15:54.575671+00
3926,2004-10-18 00:00:00+00,341/252,35.0,161780.00,262470.00,,T7 - ALUVIÕES DO TEJO,,,2025-07-17 14:15:54.575671+00
3927,2005-04-06 00:00:00+00,341/252,26.09,161780.00,262470.00,,T7 - ALUVIÕES DO TEJO,,,2025-07-17 14:15:54.575671+00
3928,2006-05-09 00:00:00+00,341/252,21.0,161780.00,262470.00,,T7 - ALUVIÕES DO TEJO,,,2025-07-17 14:15:54.575671+00
3929,2006-09-11 00:00:00+00,341/252,22.0,161780.00,262470.00,,T7 - ALUVIÕES DO TEJO,,,2025-07-17 14:15:54.575671+00
3930,2006-09-12 00:00:00+00,341/252,22.0,161780.00,262470.00,,T7 - ALUVIÕES DO TEJO,,,2025-07-17 14:15:54.575671+00
3931,2007-05-08 00:00:00+00,341/252,32.0,161780.00,262470.00,,T7 - ALUVIÕES DO TEJO,,,2025-07-17 14:15:54.575671+00
3932,2007-09-18 00:00:00+00,341/252,18.0,161780.00,262470.00,,T7 - ALUVIÕES DO TEJO,,,2025-07-17 14:15:54.575671+00
3933,2008-03-10 00:00:00+00,341/252,21.22,161780.00,262470.00,,T7 - ALUVIÕES DO TEJO,,,2025-07-17 14:15:54.575671+00
3934,2008-09-29 00:00:00+00,341/252,18.56,161780.00,262470.00,,T7 - ALUVIÕES DO TEJO,,,2025-07-17 14:15:54.575671+00
3935,2009-05-11 00:00:00+00,341/252,26.58,161780.00,262470.00,,T7 - ALUVIÕES DO TEJO,,,2025-07-17 14:15:54.575671+00
3936,2009-10-19 00:00:00+00,341/252,28.352,161780.00,262470.00,,T7 - ALUVIÕES DO TEJO,,,2025-07-17 14:15:54.575671+00
3937,2011-03-31 11:36:00+00,341/252,22.0,161780.00,262470.00,,T7 - ALUVIÕES DO TEJO,,,2025-07-17 14:15:54.575671+00
3938,2002-11-26 00:00:00+00,341/253,221.77,164000.00,264600.00,,T7 - ALUVIÕES DO TEJO,,,2025-07-17 14:15:54.575671+00
3939,2003-05-26 00:00:00+00,341/253,141.05,164000.00,264600.00,,T7 - ALUVIÕES DO TEJO,,,2025-07-17 14:15:54.575671+00
3940,2003-10-07 00:00:00+00,341/253,159.0,164000.00,264600.00,,T7 - ALUVIÕES DO TEJO,,,2025-07-17 14:15:54.575671+00
3941,2004-03-08 00:00:00+00,341/253,168.3,164000.00,264600.00,,T7 - ALUVIÕES DO TEJO,,,2025-07-17 14:15:54.575671+00
3942,2004-10-18 00:00:00+00,341/253,145.0,164000.00,264600.00,,T7 - ALUVIÕES DO TEJO,,,2025-07-17 14:15:54.575671+00
3943,2005-09-07 00:00:00+00,341/253,115.14,164000.00,264600.00,,T7 - ALUVIÕES DO TEJO,,,2025-07-17 14:15:54.575671+00
3944,2006-05-15 00:00:00+00,341/253,124.0,164000.00,264600.00,,T7 - ALUVIÕES DO TEJO,,,2025-07-17 14:15:54.575671+00
3945,2006-09-06 00:00:00+00,341/253,130.0,164000.00,264600.00,,T7 - ALUVIÕES DO TEJO,,,2025-07-17 14:15:54.575671+00
3946,2008-03-26 00:00:00+00,341/253,115.14,164000.00,264600.00,,T7 - ALUVIÕES DO TEJO,,,2025-07-17 14:15:54.575671+00
3947,2008-10-06 00:00:00+00,341/253,128.43,164000.00,264600.00,,T7 - ALUVIÕES DO TEJO,,,2025-07-17 14:15:54.575671+00
3948,2009-06-03 00:00:00+00,341/253,106.32,164000.00,264600.00,,T7 - ALUVIÕES DO TEJO,,,2025-07-17 14:15:54.575671+00
3949,2009-10-28 00:00:00+00,341/253,115.18,164000.00,264600.00,,T7 - ALUVIÕES DO TEJO,,,2025-07-17 14:15:54.575671+00
3950,2011-03-23 13:00:00+00,341/253,120.0,164000.00,264600.00,,T7 - ALUVIÕES DO TEJO,,,2025-07-17 14:15:54.575671+00
3951,2013-11-29 12:28:00+00,341/253,120.0,164000.00,264600.00,,T7 - ALUVIÕES DO TEJO,,,2025-07-17 14:15:54.575671+00
3952,2014-04-22 11:55:00+00,341/253,100.0,164000.00,264600.00,,T7 - ALUVIÕES DO TEJO,,,2025-07-17 14:15:54.575671+00
3953,2014-10-28 08:30:00+00,341/253,65.0,164000.00,264600.00,,T7 - ALUVIÕES DO TEJO,,,2025-07-17 14:15:54.575671+00
3954,2015-04-20 12:45:00+00,341/253,110.0,164000.00,264600.00,,T7 - ALUVIÕES DO TEJO,,,2025-07-17 14:15:54.575671+00
3955,2015-11-16 08:40:00+00,341/253,120.0,164000.00,264600.00,,T7 - ALUVIÕES DO TEJO,,,2025-07-17 14:15:54.575671+00
3956,2016-04-26 08:15:00+00,341/253,110.0,164000.00,264600.00,,T7 - ALUVIÕES DO TEJO,,,2025-07-17 14:15:54.575671+00
3975,2016-10-24 10:20:00+00,341/253,110.0,164000.00,264600.00,,T7 - ALUVIÕES DO TEJO,,,2025-07-17 14:15:54.575671+00
3976,2017-03-21 11:25:00+00,341/253,120.0,164000.00,264600.00,,T7 - ALUVIÕES DO TEJO,,,2025-07-17 14:15:54.575671+00
3977,2017-10-25 10:10:00+00,341/253,67.0,164000.00,264600.00,,T7 - ALUVIÕES DO TEJO,,,2025-07-17 14:15:54.575671+00
3978,2018-04-16 08:25:00+00,341/253,130.0,164000.00,264600.00,,T7 - ALUVIÕES DO TEJO,,,2025-07-17 14:15:54.575671+00
3979,2018-10-17 09:30:00+00,341/253,140.0,164000.00,264600.00,,T7 - ALUVIÕES DO TEJO,,,2025-07-17 14:15:54.575671+00
3980,2019-03-20 08:55:00+00,341/253,140.0,164000.00,264600.00,,T7 - ALUVIÕES DO TEJO,,,2025-07-17 14:15:54.575671+00
3981,2019-11-14 09:55:00+00,341/253,110.0,164000.00,264600.00,,T7 - ALUVIÕES DO TEJO,,,2025-07-17 14:15:54.575671+00
3982,2020-03-10 09:40:00+00,341/253,150.0,164000.00,264600.00,,T7 - ALUVIÕES DO TEJO,,,2025-07-17 14:15:54.575671+00
3983,2020-10-19 09:30:00+00,341/253,150.0,164000.00,264600.00,,T7 - ALUVIÕES DO TEJO,,,2025-07-17 14:15:54.575671+00
3984,2021-03-09 00:45:00+00,341/253,140.0,164000.00,264600.00,,T7 - ALUVIÕES DO TEJO,,,2025-07-17 14:15:54.575671+00
3985,2022-10-19 08:55:00+00,341/253,100.0,164000.00,264600.00,,T7 - ALUVIÕES DO TEJO,,,2025-07-17 14:15:54.575671+00
3986,2023-03-07 09:15:00+00,341/253,100.0,164000.00,264600.00,,T7 - ALUVIÕES DO TEJO,,,2025-07-17 14:15:54.575671+00
3987,2023-10-16 09:00:00+00,341/253,130.0,164000.00,264600.00,,T7 - ALUVIÕES DO TEJO,,,2025-07-17 14:15:54.575671+00
3988,2002-11-05 00:00:00+00,341/254,0.84,167050.00,265270.00,,T7 - ALUVIÕES DO TEJO,,,2025-07-17 14:15:54.575671+00
3989,2003-10-07 00:00:00+00,341/254,0.66,167050.00,265270.00,,T7 - ALUVIÕES DO TEJO,,,2025-07-17 14:15:54.575671+00
3990,2005-04-06 00:00:00+00,341/254,26.0,167050.00,265270.00,,T7 - ALUVIÕES DO TEJO,,,2025-07-17 14:15:54.575671+00
3991,2005-09-07 00:00:00+00,341/254,0.66,167050.00,265270.00,,T7 - ALUVIÕES DO TEJO,,,2025-07-17 14:15:54.575671+00
3992,2006-03-08 00:00:00+00,341/254,11.0,167050.00,265270.00,,T7 - ALUVIÕES DO TEJO,,,2025-07-17 14:15:54.575671+00
3993,2007-09-18 00:00:00+00,341/254,0.84,167050.00,265270.00,,T7 - ALUVIÕES DO TEJO,,,2025-07-17 14:15:54.575671+00
3994,2008-09-29 00:00:00+00,341/254,0.84,167050.00,265270.00,,T7 - ALUVIÕES DO TEJO,,,2025-07-17 14:15:54.575671+00
3995,2009-06-03 00:00:00+00,341/254,0.886,167050.00,265270.00,,T7 - ALUVIÕES DO TEJO,,,2025-07-17 14:15:54.575671+00
3996,2009-10-28 00:00:00+00,341/254,0.886,167050.00,265270.00,,T7 - ALUVIÕES DO TEJO,,,2025-07-17 14:15:54.575671+00
3997,2010-06-24 10:50:00+00,341/254,3.0,167050.00,265270.00,,T7 - ALUVIÕES DO TEJO,,,2025-07-17 14:15:54.575671+00
3998,2011-03-23 10:00:00+00,341/254,2.000,167050.00,265270.00,,T7 - ALUVIÕES DO TEJO,,,2025-07-17 14:15:54.575671+00
3999,2012-12-10 09:50:00+00,341/254,0.890,167050.00,265270.00,,T7 - ALUVIÕES DO TEJO,,,2025-07-17 14:15:54.575671+00
4000,2013-04-17 09:15:00+00,341/254,0.890,167050.00,265270.00,,T7 - ALUVIÕES DO TEJO,,,2025-07-17 14:15:54.575671+00
4001,2013-11-29 12:59:00+00,341/254,3.0,167050.00,265270.00,,T7 - ALUVIÕES DO TEJO,,,2025-07-17 14:15:54.575671+00
4002,2014-04-22 11:20:00+00,341/254,0.890,167050.00,265270.00,,T7 - ALUVIÕES DO TEJO,,,2025-07-17 14:15:54.575671+00
4003,2014-10-28 10:40:00+00,341/254,0.890,167050.00,265270.00,,T7 - ALUVIÕES DO TEJO,,,2025-07-17 14:15:54.575671+00
4004,2015-04-20 11:20:00+00,341/254,0.890,167050.00,265270.00,,T7 - ALUVIÕES DO TEJO,,,2025-07-17 14:15:54.575671+00
4005,2015-11-16 10:15:00+00,341/254,0.890,167050.00,265270.00,,T7 - ALUVIÕES DO TEJO,,,2025-07-17 14:15:54.575671+00
4006,2016-04-26 09:15:00+00,341/254,0.890,167050.00,265270.00,,T7 - ALUVIÕES DO TEJO,,,2025-07-17 14:15:54.575671+00
4007,2016-10-24 10:05:00+00,341/254,0.890,167050.00,265270.00,,T7 - ALUVIÕES DO TEJO,,,2025-07-17 14:15:54.575671+00
4008,2017-03-21 11:40:00+00,341/254,0.890,167050.00,265270.00,,T7 - ALUVIÕES DO TEJO,,,2025-07-17 14:15:54.575671+00
4009,2017-10-25 09:50:00+00,341/254,0.890,167050.00,265270.00,,T7 - ALUVIÕES DO TEJO,,,2025-07-17 14:15:54.575671+00
4010,2002-11-05 00:00:00+00,341/255,44.96,166540.00,268440.00,,T7 - ALUVIÕES DO TEJO,,,2025-07-17 14:15:54.575671+00
4011,2003-05-26 00:00:00+00,341/255,55.43,166540.00,268440.00,,T7 - ALUVIÕES DO TEJO,,,2025-07-17 14:15:54.575671+00
4012,2003-10-07 00:00:00+00,341/255,34.0,166540.00,268440.00,,T7 - ALUVIÕES DO TEJO,,,2025-07-17 14:15:54.575671+00
4013,2004-10-18 00:00:00+00,341/255,35.0,166540.00,268440.00,,T7 - ALUVIÕES DO TEJO,,,2025-07-17 14:15:54.575671+00
4014,2006-09-06 00:00:00+00,341/255,33.0,166540.00,268440.00,,T7 - ALUVIÕES DO TEJO,,,2025-07-17 14:15:54.575671+00
4015,2007-03-14 00:00:00+00,341/269,3.6,166921.00,269032.00,16,T7 - ALUVIÕES DO TEJO,,AZINHAGA,2025-07-17 14:15:54.575671+00
4016,2010-06-24 11:55:00+00,341/269,320.0,166921.00,269032.00,16,T7 - ALUVIÕES DO TEJO,,AZINHAGA,2025-07-17 14:15:54.575671+00
4017,2002-10-23 00:00:00+00,342/113,95.13,171250.00,268700.00,,T7 - ALUVIÕES DO TEJO,,,2025-07-17 14:15:54.575671+00
4018,2003-05-26 00:00:00+00,342/113,121.6,171250.00,268700.00,,T7 - ALUVIÕES DO TEJO,,,2025-07-17 14:15:54.575671+00
4019,2003-10-13 00:00:00+00,342/113,157.0,171250.00,268700.00,,T7 - ALUVIÕES DO TEJO,,,2025-07-17 14:15:54.575671+00
4020,2004-03-15 00:00:00+00,342/113,89.0,171250.00,268700.00,,T7 - ALUVIÕES DO TEJO,,,2025-07-17 14:15:54.575671+00
4021,2004-10-20 00:00:00+00,342/113,110.706,171250.00,268700.00,,T7 - ALUVIÕES DO TEJO,,,2025-07-17 14:15:54.575671+00
4022,2005-04-12 00:00:00+00,342/113,110.0,171250.00,268700.00,,T7 - ALUVIÕES DO TEJO,,,2025-07-17 14:15:54.575671+00
4023,2005-09-13 00:00:00+00,342/113,88.0,171250.00,268700.00,,T7 - ALUVIÕES DO TEJO,,,2025-07-17 14:15:54.575671+00
4024,2006-05-09 00:00:00+00,342/113,92.0,171250.00,268700.00,,T7 - ALUVIÕES DO TEJO,,,2025-07-17 14:15:54.575671+00
4025,2006-09-12 00:00:00+00,342/113,120.0,171250.00,268700.00,,T7 - ALUVIÕES DO TEJO,,,2025-07-17 14:15:54.575671+00
4026,2007-09-27 00:00:00+00,342/113,88.56,171250.00,268700.00,,T7 - ALUVIÕES DO TEJO,,,2025-07-17 14:15:54.575671+00
4027,2008-03-11 00:00:00+00,342/113,124.0,171250.00,268700.00,,T7 - ALUVIÕES DO TEJO,,,2025-07-17 14:15:54.575671+00
4028,2008-09-30 00:00:00+00,342/113,84.13,171250.00,268700.00,,T7 - ALUVIÕES DO TEJO,,,2025-07-17 14:15:54.575671+00
4029,2009-05-20 00:00:00+00,342/113,110.75,171250.00,268700.00,,T7 - ALUVIÕES DO TEJO,,,2025-07-17 14:15:54.575671+00
4030,2009-10-28 00:00:00+00,342/113,106.32,171250.00,268700.00,,T7 - ALUVIÕES DO TEJO,,,2025-07-17 14:15:54.575671+00
4031,2010-06-24 12:30:00+00,342/113,120.0,171250.00,268700.00,,T7 - ALUVIÕES DO TEJO,,,2025-07-17 14:15:54.575671+00
4032,2012-11-29 11:05:00+00,342/113,110.0,171250.00,268700.00,,T7 - ALUVIÕES DO TEJO,,,2025-07-17 14:15:54.575671+00
4033,2013-03-21 10:20:00+00,342/113,52.0,171250.00,268700.00,,T7 - ALUVIÕES DO TEJO,,,2025-07-17 14:15:54.575671+00
4034,2013-11-29 13:18:00+00,342/113,100.0,171250.00,268700.00,,T7 - ALUVIÕES DO TEJO,,,2025-07-17 14:15:54.575671+00
4035,2014-04-08 10:00:00+00,342/113,22.0,171250.00,268700.00,,T7 - ALUVIÕES DO TEJO,,,2025-07-17 14:15:54.575671+00
4036,2014-10-16 10:45:00+00,342/113,53.0,171250.00,268700.00,,T7 - ALUVIÕES DO TEJO,,,2025-07-17 14:15:54.575671+00
4037,2015-04-06 12:50:00+00,342/113,100.0,171250.00,268700.00,,T7 - ALUVIÕES DO TEJO,,,2025-07-17 14:15:54.575671+00
4038,2015-10-26 10:35:00+00,342/113,94.0,171250.00,268700.00,,T7 - ALUVIÕES DO TEJO,,,2025-07-17 14:15:54.575671+00
4039,2016-04-05 10:05:00+00,342/113,74.0,171250.00,268700.00,,T7 - ALUVIÕES DO TEJO,,,2025-07-17 14:15:54.575671+00
4040,2016-10-17 10:10:00+00,342/113,110.0,171250.00,268700.00,,T7 - ALUVIÕES DO TEJO,,,2025-07-17 14:15:54.575671+00
4041,2017-03-13 09:40:00+00,342/113,88.0,171250.00,268700.00,,T7 - ALUVIÕES DO TEJO,,,2025-07-17 14:15:54.575671+00
4042,2017-10-16 09:10:00+00,342/113,72.0,171250.00,268700.00,,T7 - ALUVIÕES DO TEJO,,,2025-07-17 14:15:54.575671+00
4043,2018-04-26 09:55:00+00,342/113,55.0,171250.00,268700.00,,T7 - ALUVIÕES DO TEJO,,,2025-07-17 14:15:54.575671+00
4044,2018-10-02 10:05:00+00,342/113,74.0,171250.00,268700.00,,T7 - ALUVIÕES DO TEJO,,,2025-07-17 14:15:54.575671+00
4045,2019-03-27 10:20:00+00,342/113,62.0,171250.00,268700.00,,T7 - ALUVIÕES DO TEJO,,,2025-07-17 14:15:54.575671+00
4046,2020-04-27 10:00:00+00,342/113,18.0,171250.00,268700.00,,T7 - ALUVIÕES DO TEJO,,,2025-07-17 14:15:54.575671+00
4047,2020-10-06 10:35:00+00,342/113,130.0,171250.00,268700.00,,T7 - ALUVIÕES DO TEJO,,,2025-07-17 14:15:54.575671+00
4048,2021-03-31 09:50:00+00,342/113,210.0,171250.00,268700.00,,T7 - ALUVIÕES DO TEJO,,,2025-07-17 14:15:54.575671+00
4049,2010-06-24 12:45:00+00,342/114,87.0,168360.00,268980.00,,T7 - ALUVIÕES DO TEJO,,,2025-07-17 14:15:54.575671+00
4050,2011-03-23 11:40:00+00,342/114,140.0,168360.00,268980.00,,T7 - ALUVIÕES DO TEJO,,,2025-07-17 14:15:54.575671+00
4051,2013-11-29 11:02:00+00,342/114,130.0,168360.00,268980.00,,T7 - ALUVIÕES DO TEJO,,,2025-07-17 14:15:54.575671+00
4052,2014-04-08 10:50:00+00,342/114,120.0,168360.00,268980.00,,T7 - ALUVIÕES DO TEJO,,,2025-07-17 14:15:54.575671+00
4053,2014-10-16 11:00:00+00,342/114,9.2,168360.00,268980.00,,T7 - ALUVIÕES DO TEJO,,,2025-07-17 14:15:54.575671+00
4054,2015-04-06 13:10:00+00,342/114,110.0,168360.00,268980.00,,T7 - ALUVIÕES DO TEJO,,,2025-07-17 14:15:54.575671+00
4055,2015-10-26 10:50:00+00,342/114,160.0,168360.00,268980.00,,T7 - ALUVIÕES DO TEJO,,,2025-07-17 14:15:54.575671+00
4056,2016-04-05 10:20:00+00,342/114,35.0,168360.00,268980.00,,T7 - ALUVIÕES DO TEJO,,,2025-07-17 14:15:54.575671+00
4057,2016-10-17 10:30:00+00,342/114,150.0,168360.00,268980.00,,T7 - ALUVIÕES DO TEJO,,,2025-07-17 14:15:54.575671+00
4058,2017-03-13 10:00:00+00,342/114,38.0,168360.00,268980.00,,T7 - ALUVIÕES DO TEJO,,,2025-07-17 14:15:54.575671+00
4059,2018-04-26 10:10:00+00,342/114,120.0,168360.00,268980.00,,T7 - ALUVIÕES DO TEJO,,,2025-07-17 14:15:54.575671+00
4060,2018-10-02 10:25:00+00,342/114,200.0,168360.00,268980.00,,T7 - ALUVIÕES DO TEJO,,,2025-07-17 14:15:54.575671+00
4061,2019-03-27 10:40:00+00,342/114,160.0,168360.00,268980.00,,T7 - ALUVIÕES DO TEJO,,,2025-07-17 14:15:54.575671+00
4062,2020-04-27 10:15:00+00,342/114,200.0,168360.00,268980.00,,T7 - ALUVIÕES DO TEJO,,,2025-07-17 14:15:54.575671+00
4063,2020-10-06 10:50:00+00,342/114,200.0,168360.00,268980.00,,T7 - ALUVIÕES DO TEJO,,,2025-07-17 14:15:54.575671+00
4064,2021-03-31 10:10:00+00,342/114,190.0,168360.00,268980.00,,T7 - ALUVIÕES DO TEJO,,,2025-07-17 14:15:54.575671+00
4065,2021-10-06 11:00:00+00,342/114,190.0,168360.00,268980.00,,T7 - ALUVIÕES DO TEJO,,,2025-07-17 14:15:54.575671+00
4066,2022-04-04 10:45:00+00,342/114,26.0,168360.00,268980.00,,T7 - ALUVIÕES DO TEJO,,,2025-07-17 14:15:54.575671+00
4067,2022-10-10 10:45:00+00,342/114,180.0,168360.00,268980.00,,T7 - ALUVIÕES DO TEJO,,,2025-07-17 14:15:54.575671+00
4068,2023-04-10 00:00:00+00,342/114,180.0,168360.00,268980.00,,T7 - ALUVIÕES DO TEJO,,,2025-07-17 14:15:54.575671+00
4069,2023-09-25 10:40:00+00,342/114,230.0,168360.00,268980.00,,T7 - ALUVIÕES DO TEJO,,,2025-07-17 14:15:54.575671+00
4070,2002-11-06 00:00:00+00,342/115,113.68,168420.00,267550.00,,T7 - ALUVIÕES DO TEJO,,,2025-07-17 14:15:54.575671+00
4071,2003-05-26 00:00:00+00,342/115,126.08,168420.00,267550.00,,T7 - ALUVIÕES DO TEJO,,,2025-07-17 14:15:54.575671+00
4072,2003-10-13 00:00:00+00,342/115,112.0,168420.00,267550.00,,T7 - ALUVIÕES DO TEJO,,,2025-07-17 14:15:54.575671+00
4073,2004-03-15 00:00:00+00,342/115,114.0,168420.00,267550.00,,T7 - ALUVIÕES DO TEJO,,,2025-07-17 14:15:54.575671+00
4074,2004-10-20 00:00:00+00,342/115,104.0,168420.00,267550.00,,T7 - ALUVIÕES DO TEJO,,,2025-07-17 14:15:54.575671+00
4075,2005-04-12 00:00:00+00,342/115,106.28,168420.00,267550.00,,T7 - ALUVIÕES DO TEJO,,,2025-07-17 14:15:54.575671+00
4076,2005-09-13 00:00:00+00,342/115,48.69,168420.00,267550.00,,T7 - ALUVIÕES DO TEJO,,,2025-07-17 14:15:54.575671+00
4077,2006-03-14 00:00:00+00,342/115,120.0,168420.00,267550.00,,T7 - ALUVIÕES DO TEJO,,,2025-07-17 14:15:54.575671+00
4078,2006-09-12 00:00:00+00,342/115,81.0,168420.00,267550.00,,T7 - ALUVIÕES DO TEJO,,,2025-07-17 14:15:54.575671+00
4079,2007-03-22 00:00:00+00,342/115,97.42,168420.00,267550.00,,T7 - ALUVIÕES DO TEJO,,,2025-07-17 14:15:54.575671+00
4080,2007-09-27 00:00:00+00,342/115,70.84,168420.00,267550.00,,T7 - ALUVIÕES DO TEJO,,,2025-07-17 14:15:54.575671+00
4081,2008-03-11 00:00:00+00,342/115,110.0,168420.00,267550.00,,T7 - ALUVIÕES DO TEJO,,,2025-07-17 14:15:54.575671+00
4082,2008-09-30 00:00:00+00,342/115,66.41,168420.00,267550.00,,T7 - ALUVIÕES DO TEJO,,,2025-07-17 14:15:54.575671+00
4083,2009-06-03 00:00:00+00,342/115,70.88,168420.00,267550.00,,T7 - ALUVIÕES DO TEJO,,,2025-07-17 14:15:54.575671+00
4084,2009-10-28 00:00:00+00,342/115,60.0,168420.00,267550.00,,T7 - ALUVIÕES DO TEJO,,,2025-07-17 14:15:54.575671+00
4085,2010-06-24 11:30:00+00,342/115,80.0,168420.00,267550.00,,T7 - ALUVIÕES DO TEJO,,,2025-07-17 14:15:54.575671+00
4086,2011-03-23 10:30:00+00,342/115,88.0,168420.00,267550.00,,T7 - ALUVIÕES DO TEJO,,,2025-07-17 14:15:54.575671+00
4087,2012-12-10 09:35:00+00,342/115,100.0,168420.00,267550.00,,T7 - ALUVIÕES DO TEJO,,,2025-07-17 14:15:54.575671+00
4088,2013-04-17 09:30:00+00,342/115,88.0,168420.00,267550.00,,T7 - ALUVIÕES DO TEJO,,,2025-07-17 14:15:54.575671+00
4089,2013-11-29 11:49:00+00,342/115,68.0,168420.00,267550.00,,T7 - ALUVIÕES DO TEJO,,,2025-07-17 14:15:54.575671+00
4090,2014-04-22 11:00:00+00,342/115,97.0,168420.00,267550.00,,T7 - ALUVIÕES DO TEJO,,,2025-07-17 14:15:54.575671+00
4091,2014-10-28 10:15:00+00,342/115,48.0,168420.00,267550.00,,T7 - ALUVIÕES DO TEJO,,,2025-07-17 14:15:54.575671+00
4092,2015-04-20 11:00:00+00,342/115,120.0,168420.00,267550.00,,T7 - ALUVIÕES DO TEJO,,,2025-07-17 14:15:54.575671+00
4093,2015-11-16 09:55:00+00,342/115,93.0,168420.00,267550.00,,T7 - ALUVIÕES DO TEJO,,,2025-07-17 14:15:54.575671+00
4094,2016-10-24 09:40:00+00,342/115,75.0,168420.00,267550.00,,T7 - ALUVIÕES DO TEJO,,,2025-07-17 14:15:54.575671+00
4095,2017-03-21 12:00:00+00,342/115,98.0,168420.00,267550.00,,T7 - ALUVIÕES DO TEJO,,,2025-07-17 14:15:54.575671+00
4096,2017-10-25 09:40:00+00,342/115,43.0,168420.00,267550.00,,T7 - ALUVIÕES DO TEJO,,,2025-07-17 14:15:54.575671+00
4097,2018-04-16 09:35:00+00,342/115,98.0,168420.00,267550.00,,T7 - ALUVIÕES DO TEJO,,,2025-07-17 14:15:54.575671+00
4098,2018-10-17 10:10:00+00,342/115,120.0,168420.00,267550.00,,T7 - ALUVIÕES DO TEJO,,,2025-07-17 14:15:54.575671+00
4099,2019-03-20 10:20:00+00,342/115,93.0,168420.00,267550.00,,T7 - ALUVIÕES DO TEJO,,,2025-07-17 14:15:54.575671+00
4100,2019-11-14 10:20:00+00,342/115,86.0,168420.00,267550.00,,T7 - ALUVIÕES DO TEJO,,,2025-07-17 14:15:54.575671+00
4101,2020-03-10 09:40:00+00,342/115,92.0,168420.00,267550.00,,T7 - ALUVIÕES DO TEJO,,,2025-07-17 14:15:54.575671+00
4102,2020-10-19 10:00:00+00,342/115,97.0,168420.00,267550.00,,T7 - ALUVIÕES DO TEJO,,,2025-07-17 14:15:54.575671+00
4103,2021-03-09 10:15:00+00,342/115,98.0,168420.00,267550.00,,T7 - ALUVIÕES DO TEJO,,,2025-07-17 14:15:54.575671+00
4104,2021-11-03 10:15:00+00,342/115,82.0,168420.00,267550.00,,T7 - ALUVIÕES DO TEJO,,,2025-07-17 14:15:54.575671+00
4105,2022-04-11 10:20:00+00,342/115,99.0,168420.00,267550.00,,T7 - ALUVIÕES DO TEJO,,,2025-07-17 14:15:54.575671+00
4106,2022-10-19 10:00:00+00,342/115,110.0,168420.00,267550.00,,T7 - ALUVIÕES DO TEJO,,,2025-07-17 14:15:54.575671+00
4107,2023-03-07 10:10:00+00,342/115,82.0,168420.00,267550.00,,T7 - ALUVIÕES DO TEJO,,,2025-07-17 14:15:54.575671+00
4108,2023-10-16 09:50:00+00,342/115,100.0,168420.00,267550.00,,T7 - ALUVIÕES DO TEJO,,,2025-07-17 14:15:54.575671+00
4109,2002-11-11 00:00:00+00,353/22,93.83,158460.00,250300.00,,T7 - ALUVIÕES DO TEJO,DESATIVADO,,2025-07-17 14:15:54.575671+00
4110,2003-04-07 00:00:00+00,353/22,99.14,158460.00,250300.00,,T7 - ALUVIÕES DO TEJO,DESATIVADO,,2025-07-17 14:15:54.575671+00
4111,2003-10-06 00:00:00+00,353/22,76.0,158460.00,250300.00,,T7 - ALUVIÕES DO TEJO,DESATIVADO,,2025-07-17 14:15:54.575671+00
4112,2004-10-19 00:00:00+00,353/22,79.696,158460.00,250300.00,,T7 - ALUVIÕES DO TEJO,DESATIVADO,,2025-07-17 14:15:54.575671+00
4113,2005-04-04 00:00:00+00,353/22,88.56,158460.00,250300.00,,T7 - ALUVIÕES DO TEJO,DESATIVADO,,2025-07-17 14:15:54.575671+00
4114,2005-09-05 00:00:00+00,353/22,92.99,158460.00,250300.00,,T7 - ALUVIÕES DO TEJO,DESATIVADO,,2025-07-17 14:15:54.575671+00
4115,2006-03-06 00:00:00+00,353/22,64.0,158460.00,250300.00,,T7 - ALUVIÕES DO TEJO,DESATIVADO,,2025-07-17 14:15:54.575671+00
4116,2006-09-04 00:00:00+00,353/22,97.42,158460.00,250300.00,,T7 - ALUVIÕES DO TEJO,DESATIVADO,,2025-07-17 14:15:54.575671+00
4117,2007-05-07 00:00:00+00,353/22,101.85,158460.00,250300.00,,T7 - ALUVIÕES DO TEJO,DESATIVADO,,2025-07-17 14:15:54.575671+00
4118,2007-09-17 00:00:00+00,353/22,97.42,158460.00,250300.00,,T7 - ALUVIÕES DO TEJO,DESATIVADO,,2025-07-17 14:15:54.575671+00
4119,2008-03-06 00:00:00+00,353/22,97.42,158460.00,250300.00,,T7 - ALUVIÕES DO TEJO,DESATIVADO,,2025-07-17 14:15:54.575671+00
4120,2008-09-25 00:00:00+00,353/22,106.28,158460.00,250300.00,,T7 - ALUVIÕES DO TEJO,DESATIVADO,,2025-07-17 14:15:54.575671+00
4121,2009-03-23 00:00:00+00,353/22,58.0,158460.00,250300.00,,T7 - ALUVIÕES DO TEJO,DESATIVADO,,2025-07-17 14:15:54.575671+00
4122,2009-10-29 00:00:00+00,353/22,79.74,158460.00,250300.00,,T7 - ALUVIÕES DO TEJO,DESATIVADO,,2025-07-17 14:15:54.575671+00
4123,2010-07-14 15:15:00+00,353/22,99.0,158460.00,250300.00,,T7 - ALUVIÕES DO TEJO,DESATIVADO,,2025-07-17 14:15:54.575671+00
4124,2011-02-14 12:45:00+00,353/22,96.0,158460.00,250300.00,,T7 - ALUVIÕES DO TEJO,DESATIVADO,,2025-07-17 14:15:54.575671+00
4125,2012-11-12 10:55:00+00,353/22,87.0,158460.00,250300.00,,T7 - ALUVIÕES DO TEJO,DESATIVADO,,2025-07-17 14:15:54.575671+00
4126,2013-03-11 00:00:00+00,353/22,80.0,158460.00,250300.00,,T7 - ALUVIÕES DO TEJO,DESATIVADO,,2025-07-17 14:15:54.575671+00
4127,2014-03-10 12:20:00+00,353/22,80.0,158460.00,250300.00,,T7 - ALUVIÕES DO TEJO,DESATIVADO,,2025-07-17 14:15:54.575671+00
4128,2014-10-08 11:05:00+00,353/22,63.0,158460.00,250300.00,,T7 - ALUVIÕES DO TEJO,DESATIVADO,,2025-07-17 14:15:54.575671+00
4129,2015-03-03 11:00:00+00,353/22,83.0,158460.00,250300.00,,T7 - ALUVIÕES DO TEJO,DESATIVADO,,2025-07-17 14:15:54.575671+00
4130,2015-10-07 10:40:00+00,353/22,99.0,158460.00,250300.00,,T7 - ALUVIÕES DO TEJO,DESATIVADO,,2025-07-17 14:15:54.575671+00
4131,2016-03-01 11:10:00+00,353/22,110.0,158460.00,250300.00,,T7 - ALUVIÕES DO TEJO,DESATIVADO,,2025-07-17 14:15:54.575671+00
4132,2016-10-10 10:50:00+00,353/22,99.0,158460.00,250300.00,,T7 - ALUVIÕES DO TEJO,DESATIVADO,,2025-07-17 14:15:54.575671+00
4133,2017-04-18 10:50:00+00,353/22,100.0,158460.00,250300.00,,T7 - ALUVIÕES DO TEJO,DESATIVADO,,2025-07-17 14:15:54.575671+00
4134,2017-10-23 11:20:00+00,353/22,95.0,158460.00,250300.00,,T7 - ALUVIÕES DO TEJO,DESATIVADO,,2025-07-17 14:15:54.575671+00
4135,2018-04-17 10:15:00+00,353/22,110.0,158460.00,250300.00,,T7 - ALUVIÕES DO TEJO,DESATIVADO,,2025-07-17 14:15:54.575671+00
4136,2018-10-03 11:05:00+00,353/22,100.0,158460.00,250300.00,,T7 - ALUVIÕES DO TEJO,DESATIVADO,,2025-07-17 14:15:54.575671+00
4137,2019-03-11 11:30:00+00,353/22,100.0,158460.00,250300.00,,T7 - ALUVIÕES DO TEJO,DESATIVADO,,2025-07-17 14:15:54.575671+00
4138,2019-11-13 11:00:00+00,353/22,100.0,158460.00,250300.00,,T7 - ALUVIÕES DO TEJO,DESATIVADO,,2025-07-17 14:15:54.575671+00
4139,2020-03-03 11:15:00+00,353/22,100.0,158460.00,250300.00,,T7 - ALUVIÕES DO TEJO,DESATIVADO,,2025-07-17 14:15:54.575671+00
4140,2000-03-27 00:00:00+00,353/353,4.51,162940.00,253600.00,49,T7 - ALUVIÕES DO TEJO,,ALPIARÇA,2025-07-17 14:15:54.575671+00
4141,2000-10-16 00:00:00+00,353/353,13.43,162940.00,253600.00,49,T7 - ALUVIÕES DO TEJO,,ALPIARÇA,2025-07-17 14:15:54.575671+00
4142,2002-11-18 00:00:00+00,353/362,0.8,155460.00,253650.00,,T7 - ALUVIÕES DO TEJO,,,2025-07-17 14:15:54.575671+00
4143,2003-04-07 00:00:00+00,353/362,0.84,155460.00,253650.00,,T7 - ALUVIÕES DO TEJO,,,2025-07-17 14:15:54.575671+00
4144,2003-10-06 00:00:00+00,353/362,6.3,155460.00,253650.00,,T7 - ALUVIÕES DO TEJO,,,2025-07-17 14:15:54.575671+00
4145,2004-03-08 00:00:00+00,353/362,0.66,155460.00,253650.00,,T7 - ALUVIÕES DO TEJO,,,2025-07-17 14:15:54.575671+00
4146,2004-10-18 00:00:00+00,353/362,40.0,155460.00,253650.00,,T7 - ALUVIÕES DO TEJO,,,2025-07-17 14:15:54.575671+00
4147,2005-04-06 00:00:00+00,353/362,0.78,155460.00,253650.00,,T7 - ALUVIÕES DO TEJO,,,2025-07-17 14:15:54.575671+00
4148,2005-09-12 00:00:00+00,353/362,0.62,155460.00,253650.00,,T7 - ALUVIÕES DO TEJO,,,2025-07-17 14:15:54.575671+00
4149,2006-03-08 00:00:00+00,353/362,0.66,155460.00,253650.00,,T7 - ALUVIÕES DO TEJO,,,2025-07-17 14:15:54.575671+00
4150,2006-09-06 00:00:00+00,353/362,0.56,155460.00,253650.00,,T7 - ALUVIÕES DO TEJO,,,2025-07-17 14:15:54.575671+00
4151,2008-09-29 00:00:00+00,353/362,0.84,155460.00,253650.00,,T7 - ALUVIÕES DO TEJO,,,2025-07-17 14:15:54.575671+00
4152,2009-05-11 00:00:00+00,353/362,0.886,155460.00,253650.00,,T7 - ALUVIÕES DO TEJO,,,2025-07-17 14:15:54.575671+00
4153,2010-07-13 15:15:00+00,353/362,21.0,155460.00,253650.00,,T7 - ALUVIÕES DO TEJO,,,2025-07-17 14:15:54.575671+00
4154,2011-03-31 12:30:00+00,353/362,10.0,155460.00,253650.00,,T7 - ALUVIÕES DO TEJO,,,2025-07-17 14:15:54.575671+00
4155,2003-10-07 00:00:00+00,353/363,0.66,153770.00,250290.00,,T7 - ALUVIÕES DO TEJO,,,2025-07-17 14:15:54.575671+00
4156,2004-03-08 00:00:00+00,353/363,0.66,153770.00,250290.00,,T7 - ALUVIÕES DO TEJO,,,2025-07-17 14:15:54.575671+00
4157,2004-10-18 00:00:00+00,353/363,0.664,153770.00,250290.00,,T7 - ALUVIÕES DO TEJO,,,2025-07-17 14:15:54.575671+00
4158,2005-04-06 00:00:00+00,353/363,0.66,153770.00,250290.00,,T7 - ALUVIÕES DO TEJO,,,2025-07-17 14:15:54.575671+00
4159,2005-09-07 00:00:00+00,353/363,0.49,153770.00,250290.00,,T7 - ALUVIÕES DO TEJO,,,2025-07-17 14:15:54.575671+00
4160,2006-03-08 00:00:00+00,353/363,0.66,153770.00,250290.00,,T7 - ALUVIÕES DO TEJO,,,2025-07-17 14:15:54.575671+00
4161,2006-09-06 00:00:00+00,353/363,0.65,153770.00,250290.00,,T7 - ALUVIÕES DO TEJO,,,2025-07-17 14:15:54.575671+00
4162,2008-03-10 00:00:00+00,353/363,0.84,153770.00,250290.00,,T7 - ALUVIÕES DO TEJO,,,2025-07-17 14:15:54.575671+00
4163,2008-09-29 00:00:00+00,353/363,0.77,153770.00,250290.00,,T7 - ALUVIÕES DO TEJO,,,2025-07-17 14:15:54.575671+00
4164,2009-03-23 00:00:00+00,353/363,0.886,153770.00,250290.00,,T7 - ALUVIÕES DO TEJO,,,2025-07-17 14:15:54.575671+00
4165,2009-10-29 00:00:00+00,353/363,0.886,153770.00,250290.00,,T7 - ALUVIÕES DO TEJO,,,2025-07-17 14:15:54.575671+00
4166,2010-07-14 13:10:00+00,353/363,2.000,153770.00,250290.00,,T7 - ALUVIÕES DO TEJO,,,2025-07-17 14:15:54.575671+00
4167,2011-02-14 13:25:00+00,353/363,11.0,153770.00,250290.00,,T7 - ALUVIÕES DO TEJO,,,2025-07-17 14:15:54.575671+00
4168,2013-03-11 08:20:00+00,353/363,0.890,153770.00,250290.00,,T7 - ALUVIÕES DO TEJO,,,2025-07-17 14:15:54.575671+00
4169,2014-03-10 13:15:00+00,353/363,0.890,153770.00,250290.00,,T7 - ALUVIÕES DO TEJO,,,2025-07-17 14:15:54.575671+00
4170,2014-10-08 08:25:00+00,353/363,0.87,153770.00,250290.00,,T7 - ALUVIÕES DO TEJO,,,2025-07-17 14:15:54.575671+00
4171,2015-03-03 08:25:00+00,353/363,0.890,153770.00,250290.00,,T7 - ALUVIÕES DO TEJO,,,2025-07-17 14:15:54.575671+00
4172,2015-10-07 08:20:00+00,353/363,0.890,153770.00,250290.00,,T7 - ALUVIÕES DO TEJO,,,2025-07-17 14:15:54.575671+00
4173,2016-03-01 08:15:00+00,353/363,0.890,153770.00,250290.00,,T7 - ALUVIÕES DO TEJO,,,2025-07-17 14:15:54.575671+00
4174,2016-10-10 08:25:00+00,353/363,0.890,153770.00,250290.00,,T7 - ALUVIÕES DO TEJO,,,2025-07-17 14:15:54.575671+00
4175,2017-04-18 11:45:00+00,353/363,0.890,153770.00,250290.00,,T7 - ALUVIÕES DO TEJO,,,2025-07-17 14:15:54.575671+00
4176,2017-10-23 08:25:00+00,353/363,0.890,153770.00,250290.00,,T7 - ALUVIÕES DO TEJO,,,2025-07-17 14:15:54.575671+00
4177,2018-04-17 08:10:00+00,353/363,0.890,153770.00,250290.00,,T7 - ALUVIÕES DO TEJO,,,2025-07-17 14:15:54.575671+00
4178,2018-10-03 08:20:00+00,353/363,0.890,153770.00,250290.00,,T7 - ALUVIÕES DO TEJO,,,2025-07-17 14:15:54.575671+00
4179,2019-03-11 08:35:00+00,353/363,0.890,153770.00,250290.00,,T7 - ALUVIÕES DO TEJO,,,2025-07-17 14:15:54.575671+00
4180,2019-11-13 08:25:00+00,353/363,0.890,153770.00,250290.00,,T7 - ALUVIÕES DO TEJO,,,2025-07-17 14:15:54.575671+00
4181,2020-03-03 08:40:00+00,353/363,0.890,153770.00,250290.00,,T7 - ALUVIÕES DO TEJO,,,2025-07-17 14:15:54.575671+00
4182,2020-10-14 08:35:00+00,353/363,0.890,153770.00,250290.00,,T7 - ALUVIÕES DO TEJO,,,2025-07-17 14:15:54.575671+00
4183,2021-02-17 08:25:00+00,353/363,0.890,153770.00,250290.00,,T7 - ALUVIÕES DO TEJO,,,2025-07-17 14:15:54.575671+00
4184,2021-09-28 08:30:00+00,353/363,0.890,153770.00,250290.00,,T7 - ALUVIÕES DO TEJO,,,2025-07-17 14:15:54.575671+00
4185,2022-03-15 08:20:00+00,353/363,0.890,153770.00,250290.00,,T7 - ALUVIÕES DO TEJO,,,2025-07-17 14:15:54.575671+00
4186,2022-09-27 08:45:00+00,353/363,0.890,153770.00,250290.00,,T7 - ALUVIÕES DO TEJO,,,2025-07-17 14:15:54.575671+00
4187,2023-03-08 08:30:00+00,353/363,0.890,153770.00,250290.00,,T7 - ALUVIÕES DO TEJO,,,2025-07-17 14:15:54.575671+00
4188,2023-10-02 08:20:00+00,353/363,0.890,153770.00,250290.00,,T7 - ALUVIÕES DO TEJO,,,2025-07-17 14:15:54.575671+00
4189,2003-04-07 00:00:00+00,353/373,26.14,165001.00,258000.00,,T7 - ALUVIÕES DO TEJO,,VALE DE CAVALOS,2025-07-17 14:15:54.575671+00
4190,2003-10-06 00:00:00+00,353/373,34.0,165001.00,258000.00,,T7 - ALUVIÕES DO TEJO,,VALE DE CAVALOS,2025-07-17 14:15:54.575671+00
4191,2004-10-11 00:00:00+00,353/373,37.0,165001.00,258000.00,,T7 - ALUVIÕES DO TEJO,,VALE DE CAVALOS,2025-07-17 14:15:54.575671+00
4192,2005-04-04 00:00:00+00,353/373,12.0,165001.00,258000.00,,T7 - ALUVIÕES DO TEJO,,VALE DE CAVALOS,2025-07-17 14:15:54.575671+00
4193,2005-09-05 00:00:00+00,353/373,30.0,165001.00,258000.00,,T7 - ALUVIÕES DO TEJO,,VALE DE CAVALOS,2025-07-17 14:15:54.575671+00
4194,2006-03-06 00:00:00+00,353/373,16.0,165001.00,258000.00,,T7 - ALUVIÕES DO TEJO,,VALE DE CAVALOS,2025-07-17 14:15:54.575671+00
4195,2007-09-17 00:00:00+00,353/373,19.0,165001.00,258000.00,,T7 - ALUVIÕES DO TEJO,,VALE DE CAVALOS,2025-07-17 14:15:54.575671+00
4196,2008-03-06 00:00:00+00,353/373,15.0,165001.00,258000.00,,T7 - ALUVIÕES DO TEJO,,VALE DE CAVALOS,2025-07-17 14:15:54.575671+00
4197,2008-09-25 00:00:00+00,353/373,21.0,165001.00,258000.00,,T7 - ALUVIÕES DO TEJO,,VALE DE CAVALOS,2025-07-17 14:15:54.575671+00
4198,2009-05-28 00:00:00+00,353/373,5.6,165001.00,258000.00,,T7 - ALUVIÕES DO TEJO,,VALE DE CAVALOS,2025-07-17 14:15:54.575671+00
4199,2009-10-29 00:00:00+00,353/373,0.78,165001.00,258000.00,,T7 - ALUVIÕES DO TEJO,,VALE DE CAVALOS,2025-07-17 14:15:54.575671+00
4200,2010-06-25 10:20:00+00,353/373,19.0,165001.00,258000.00,,T7 - ALUVIÕES DO TEJO,,VALE DE CAVALOS,2025-07-17 14:15:54.575671+00
4201,2011-03-21 16:00:00+00,353/373,11.0,165001.00,258000.00,,T7 - ALUVIÕES DO TEJO,,VALE DE CAVALOS,2025-07-17 14:15:54.575671+00
4202,2012-11-22 09:30:00+00,353/373,0.890,165001.00,258000.00,,T7 - ALUVIÕES DO TEJO,,VALE DE CAVALOS,2025-07-17 14:15:54.575671+00
4203,2013-04-08 09:15:00+00,353/373,2.4,165001.00,258000.00,,T7 - ALUVIÕES DO TEJO,,VALE DE CAVALOS,2025-07-17 14:15:54.575671+00
4204,2013-11-20 16:00:00+00,353/373,10.0,165001.00,258000.00,,T7 - ALUVIÕES DO TEJO,,VALE DE CAVALOS,2025-07-17 14:15:54.575671+00
4205,2014-09-29 08:35:00+00,353/373,7.2,165001.00,258000.00,,T7 - ALUVIÕES DO TEJO,,VALE DE CAVALOS,2025-07-17 14:15:54.575671+00
4206,2015-02-23 12:50:00+00,353/373,12.0,165001.00,258000.00,,T7 - ALUVIÕES DO TEJO,,VALE DE CAVALOS,2025-07-17 14:15:54.575671+00
4207,2015-09-29 08:50:00+00,353/373,0.890,165001.00,258000.00,,T7 - ALUVIÕES DO TEJO,,VALE DE CAVALOS,2025-07-17 14:15:54.575671+00
4208,2016-02-22 08:45:00+00,353/373,0.890,165001.00,258000.00,,T7 - ALUVIÕES DO TEJO,,VALE DE CAVALOS,2025-07-17 14:15:54.575671+00
4209,2016-10-06 08:40:00+00,353/373,0.890,165001.00,258000.00,,T7 - ALUVIÕES DO TEJO,,VALE DE CAVALOS,2025-07-17 14:15:54.575671+00
4210,2017-04-20 10:00:00+00,353/373,3.4,165001.00,258000.00,,T7 - ALUVIÕES DO TEJO,,VALE DE CAVALOS,2025-07-17 14:15:54.575671+00
4211,2017-10-24 08:40:00+00,353/373,0.890,165001.00,258000.00,,T7 - ALUVIÕES DO TEJO,,VALE DE CAVALOS,2025-07-17 14:15:54.575671+00
4212,2018-03-28 08:20:00+00,353/373,4.2,165001.00,258000.00,,T7 - ALUVIÕES DO TEJO,,VALE DE CAVALOS,2025-07-17 14:15:54.575671+00
4213,2018-10-11 11:00:00+00,353/373,1.0,165001.00,258000.00,,T7 - ALUVIÕES DO TEJO,,VALE DE CAVALOS,2025-07-17 14:15:54.575671+00
4214,2019-03-12 09:10:00+00,353/373,14.0,165001.00,258000.00,,T7 - ALUVIÕES DO TEJO,,VALE DE CAVALOS,2025-07-17 14:15:54.575671+00
4215,2019-10-30 08:50:00+00,353/373,0.890,165001.00,258000.00,,T7 - ALUVIÕES DO TEJO,,VALE DE CAVALOS,2025-07-17 14:15:54.575671+00
4216,2020-03-04 09:00:00+00,353/373,19.0,165001.00,258000.00,,T7 - ALUVIÕES DO TEJO,,VALE DE CAVALOS,2025-07-17 14:15:54.575671+00
4217,2020-10-21 09:10:00+00,353/373,2.6,165001.00,258000.00,,T7 - ALUVIÕES DO TEJO,,VALE DE CAVALOS,2025-07-17 14:15:54.575671+00
4218,2021-03-02 09:05:00+00,353/373,18.0,165001.00,258000.00,,T7 - ALUVIÕES DO TEJO,,VALE DE CAVALOS,2025-07-17 14:15:54.575671+00
4219,2021-10-07 09:15:00+00,353/373,0.890,165001.00,258000.00,,T7 - ALUVIÕES DO TEJO,,VALE DE CAVALOS,2025-07-17 14:15:54.575671+00
4220,2022-03-28 09:15:00+00,353/373,1.5,165001.00,258000.00,,T7 - ALUVIÕES DO TEJO,,VALE DE CAVALOS,2025-07-17 14:15:54.575671+00
4221,2022-10-24 09:20:00+00,353/373,0.890,165001.00,258000.00,,T7 - ALUVIÕES DO TEJO,,VALE DE CAVALOS,2025-07-17 14:15:54.575671+00
4222,2023-04-26 11:15:00+00,353/373,2.9,165001.00,258000.00,,T7 - ALUVIÕES DO TEJO,,VALE DE CAVALOS,2025-07-17 14:15:54.575671+00
4223,2023-09-20 12:30:00+00,353/373,0.890,165001.00,258000.00,,T7 - ALUVIÕES DO TEJO,,VALE DE CAVALOS,2025-07-17 14:15:54.575671+00
4224,2023-03-08 10:50:00+00,353/691,130.0,158622.20,250302.50,,T7 - ALUVIÕES DO TEJO,,ALMEIRIM,2025-07-17 14:15:54.575671+00
4225,2023-10-02 10:50:00+00,353/691,130.0,158622.20,250302.50,,T7 - ALUVIÕES DO TEJO,,ALMEIRIM,2025-07-17 14:15:54.575671+00
4226,2002-11-11 00:00:00+00,353/87,93.25,161750.00,256040.00,,T7 - ALUVIÕES DO TEJO,,,2025-07-17 14:15:54.575671+00
4227,2003-04-07 00:00:00+00,353/87,87.05,161750.00,256040.00,,T7 - ALUVIÕES DO TEJO,,,2025-07-17 14:15:54.575671+00
4228,2003-10-06 00:00:00+00,353/87,44.26,161750.00,256040.00,,T7 - ALUVIÕES DO TEJO,,,2025-07-17 14:15:54.575671+00
4229,2004-03-01 00:00:00+00,353/87,53.12,161750.00,256040.00,,T7 - ALUVIÕES DO TEJO,,,2025-07-17 14:15:54.575671+00
4230,2004-10-11 00:00:00+00,353/87,48.686,161750.00,256040.00,,T7 - ALUVIÕES DO TEJO,,,2025-07-17 14:15:54.575671+00
4231,2005-04-04 00:00:00+00,353/87,53.12,161750.00,256040.00,,T7 - ALUVIÕES DO TEJO,,,2025-07-17 14:15:54.575671+00
4232,2005-09-05 00:00:00+00,353/87,48.69,161750.00,256040.00,,T7 - ALUVIÕES DO TEJO,,,2025-07-17 14:15:54.575671+00
4233,2006-03-06 00:00:00+00,353/87,53.12,161750.00,256040.00,,T7 - ALUVIÕES DO TEJO,,,2025-07-17 14:15:54.575671+00
4234,2006-09-04 00:00:00+00,353/87,53.12,161750.00,256040.00,,T7 - ALUVIÕES DO TEJO,,,2025-07-17 14:15:54.575671+00
4235,2007-03-12 00:00:00+00,353/87,53.0,161750.00,256040.00,,T7 - ALUVIÕES DO TEJO,,,2025-07-17 14:15:54.575671+00
4236,2007-09-17 00:00:00+00,353/87,61.98,161750.00,256040.00,,T7 - ALUVIÕES DO TEJO,,,2025-07-17 14:15:54.575671+00
4237,2008-03-06 00:00:00+00,353/87,61.98,161750.00,256040.00,,T7 - ALUVIÕES DO TEJO,,,2025-07-17 14:15:54.575671+00
4238,2008-09-25 00:00:00+00,353/87,61.98,161750.00,256040.00,,T7 - ALUVIÕES DO TEJO,,,2025-07-17 14:15:54.575671+00
4239,2009-03-23 00:00:00+00,353/87,73.0,161750.00,256040.00,,T7 - ALUVIÕES DO TEJO,,,2025-07-17 14:15:54.575671+00
4240,2009-10-29 00:00:00+00,353/87,48.73,161750.00,256040.00,,T7 - ALUVIÕES DO TEJO,,,2025-07-17 14:15:54.575671+00
4241,2010-07-14 15:55:00+00,353/87,94.0,161750.00,256040.00,,T7 - ALUVIÕES DO TEJO,,,2025-07-17 14:15:54.575671+00
4242,2011-02-14 11:44:00+00,353/87,93.0,161750.00,256040.00,,T7 - ALUVIÕES DO TEJO,,,2025-07-17 14:15:54.575671+00
4243,2013-11-18 11:50:00+00,353/87,45.0,161750.00,256040.00,,T7 - ALUVIÕES DO TEJO,,,2025-07-17 14:15:54.575671+00
4244,2014-03-10 12:55:00+00,353/87,79.0,161750.00,256040.00,,T7 - ALUVIÕES DO TEJO,,,2025-07-17 14:15:54.575671+00
4245,2014-10-08 11:30:00+00,353/87,82.0,161750.00,256040.00,,T7 - ALUVIÕES DO TEJO,,,2025-07-17 14:15:54.575671+00
4246,2015-03-03 11:35:00+00,353/87,87.0,161750.00,256040.00,,T7 - ALUVIÕES DO TEJO,,,2025-07-17 14:15:54.575671+00
4247,2015-10-07 11:15:00+00,353/87,99.0,161750.00,256040.00,,T7 - ALUVIÕES DO TEJO,,,2025-07-17 14:15:54.575671+00
4248,2016-03-01 11:30:00+00,353/87,110.0,161750.00,256040.00,,T7 - ALUVIÕES DO TEJO,,,2025-07-17 14:15:54.575671+00
4249,2016-10-10 00:00:00+00,353/87,100.0,161750.00,256040.00,,T7 - ALUVIÕES DO TEJO,,,2025-07-17 14:15:54.575671+00
4250,2017-04-18 00:00:00+00,353/87,100.0,161750.00,256040.00,,T7 - ALUVIÕES DO TEJO,,,2025-07-17 14:15:54.575671+00
4251,2017-10-23 00:00:00+00,353/87,98.0,161750.00,256040.00,,T7 - ALUVIÕES DO TEJO,,,2025-07-17 14:15:54.575671+00
4252,2018-04-17 10:45:00+00,353/87,99.0,161750.00,256040.00,,T7 - ALUVIÕES DO TEJO,,,2025-07-17 14:15:54.575671+00
4253,2018-10-03 11:40:00+00,353/87,97.0,161750.00,256040.00,,T7 - ALUVIÕES DO TEJO,,,2025-07-17 14:15:54.575671+00
4254,2019-03-11 12:05:00+00,353/87,100.0,161750.00,256040.00,,T7 - ALUVIÕES DO TEJO,,,2025-07-17 14:15:54.575671+00
4255,2019-11-13 11:40:00+00,353/87,100.0,161750.00,256040.00,,T7 - ALUVIÕES DO TEJO,,,2025-07-17 14:15:54.575671+00
4256,2020-03-03 11:40:00+00,353/87,100.0,161750.00,256040.00,,T7 - ALUVIÕES DO TEJO,,,2025-07-17 14:15:54.575671+00
4257,2020-10-14 10:50:00+00,353/87,100.0,161750.00,256040.00,,T7 - ALUVIÕES DO TEJO,,,2025-07-17 14:15:54.575671+00
4258,2021-02-17 10:50:00+00,353/87,110.0,161750.00,256040.00,,T7 - ALUVIÕES DO TEJO,,,2025-07-17 14:15:54.575671+00
4259,2021-09-28 10:55:00+00,353/87,110.0,161750.00,256040.00,,T7 - ALUVIÕES DO TEJO,,,2025-07-17 14:15:54.575671+00
4260,2022-03-15 11:00:00+00,353/87,110.0,161750.00,256040.00,,T7 - ALUVIÕES DO TEJO,,,2025-07-17 14:15:54.575671+00
4261,2022-09-27 11:00:00+00,353/87,110.0,161750.00,256040.00,,T7 - ALUVIÕES DO TEJO,,,2025-07-17 14:15:54.575671+00
4262,2023-03-08 11:25:00+00,353/87,120.0,161750.00,256040.00,,T7 - ALUVIÕES DO TEJO,,,2025-07-17 14:15:54.575671+00
4263,2023-10-02 11:30:00+00,353/87,110.0,161750.00,256040.00,,T7 - ALUVIÕES DO TEJO,,,2025-07-17 14:15:54.575671+00
4264,2002-11-12 00:00:00+00,364/259,0.84,147360.00,241900.00,,T7 - ALUVIÕES DO TEJO,,,2025-07-17 14:15:54.575671+00
4265,2003-04-07 00:00:00+00,364/259,0.84,147360.00,241900.00,,T7 - ALUVIÕES DO TEJO,,,2025-07-17 14:15:54.575671+00
4266,2003-10-06 00:00:00+00,364/259,0.66,147360.00,241900.00,,T7 - ALUVIÕES DO TEJO,,,2025-07-17 14:15:54.575671+00
4267,2004-03-02 00:00:00+00,364/259,0.66,147360.00,241900.00,,T7 - ALUVIÕES DO TEJO,,,2025-07-17 14:15:54.575671+00
4268,2004-10-12 00:00:00+00,364/259,5.095,147360.00,241900.00,,T7 - ALUVIÕES DO TEJO,,,2025-07-17 14:15:54.575671+00
4269,2005-04-05 00:00:00+00,364/259,0.66,147360.00,241900.00,,T7 - ALUVIÕES DO TEJO,,,2025-07-17 14:15:54.575671+00
4270,2005-09-06 00:00:00+00,364/259,0.66,147360.00,241900.00,,T7 - ALUVIÕES DO TEJO,,,2025-07-17 14:15:54.575671+00
4271,2006-03-07 00:00:00+00,364/259,0.66,147360.00,241900.00,,T7 - ALUVIÕES DO TEJO,,,2025-07-17 14:15:54.575671+00
4272,2006-09-05 00:00:00+00,364/259,0.65,147360.00,241900.00,,T7 - ALUVIÕES DO TEJO,,,2025-07-17 14:15:54.575671+00
4273,2007-05-07 00:00:00+00,364/259,0.84,147360.00,241900.00,,T7 - ALUVIÕES DO TEJO,,,2025-07-17 14:15:54.575671+00
4274,2007-09-20 00:00:00+00,364/259,0.82,147360.00,241900.00,,T7 - ALUVIÕES DO TEJO,,,2025-07-17 14:15:54.575671+00
4275,2008-03-03 00:00:00+00,364/259,0.84,147360.00,241900.00,,T7 - ALUVIÕES DO TEJO,,,2025-07-17 14:15:54.575671+00
4276,2008-09-22 00:00:00+00,364/259,0.84,147360.00,241900.00,,T7 - ALUVIÕES DO TEJO,,,2025-07-17 14:15:54.575671+00
4277,2009-03-24 00:00:00+00,364/259,0.886,147360.00,241900.00,,T7 - ALUVIÕES DO TEJO,,,2025-07-17 14:15:54.575671+00
4278,2009-10-27 00:00:00+00,364/259,0.886,147360.00,241900.00,,T7 - ALUVIÕES DO TEJO,,,2025-07-17 14:15:54.575671+00
4279,2010-07-12 14:50:00+00,364/259,2.000,147360.00,241900.00,,T7 - ALUVIÕES DO TEJO,,,2025-07-17 14:15:54.575671+00
4280,2012-11-15 10:45:00+00,364/259,3.9,147360.00,241900.00,,T7 - ALUVIÕES DO TEJO,,,2025-07-17 14:15:54.575671+00
4281,2013-03-13 10:00:00+00,364/259,7.0,147360.00,241900.00,,T7 - ALUVIÕES DO TEJO,,,2025-07-17 14:15:54.575671+00
4282,2013-11-22 10:45:00+00,364/259,2.000,147360.00,241900.00,,T7 - ALUVIÕES DO TEJO,,,2025-07-17 14:15:54.575671+00
4283,2014-04-02 11:25:00+00,364/259,9.7,147360.00,241900.00,,T7 - ALUVIÕES DO TEJO,,,2025-07-17 14:15:54.575671+00
4284,2014-10-13 11:55:00+00,364/259,0.890,147360.00,241900.00,,T7 - ALUVIÕES DO TEJO,,,2025-07-17 14:15:54.575671+00
4285,2015-03-03 11:45:00+00,364/259,2.3,147360.00,241900.00,,T7 - ALUVIÕES DO TEJO,,,2025-07-17 14:15:54.575671+00
4286,2015-10-12 12:10:00+00,364/259,0.87,147360.00,241900.00,,T7 - ALUVIÕES DO TEJO,,,2025-07-17 14:15:54.575671+00
4287,2016-03-02 11:20:00+00,364/259,6.6,147360.00,241900.00,,T7 - ALUVIÕES DO TEJO,,,2025-07-17 14:15:54.575671+00
4288,2016-10-03 12:30:00+00,364/259,0.890,147360.00,241900.00,,T7 - ALUVIÕES DO TEJO,,,2025-07-17 14:15:54.575671+00
4289,2017-03-06 12:10:00+00,364/259,1.7,147360.00,241900.00,,T7 - ALUVIÕES DO TEJO,,,2025-07-17 14:15:54.575671+00
4290,2017-09-18 12:30:00+00,364/259,2.2,147360.00,241900.00,,T7 - ALUVIÕES DO TEJO,,,2025-07-17 14:15:54.575671+00
4291,2018-05-08 12:30:00+00,364/259,5.1,147360.00,241900.00,,T7 - ALUVIÕES DO TEJO,,,2025-07-17 14:15:54.575671+00
4292,2019-03-07 12:45:00+00,364/259,10.0,147360.00,241900.00,,T7 - ALUVIÕES DO TEJO,,,2025-07-17 14:15:54.575671+00
4293,2019-10-07 11:45:00+00,364/259,0.890,147360.00,241900.00,,T7 - ALUVIÕES DO TEJO,,,2025-07-17 14:15:54.575671+00
4294,2020-03-03 12:10:00+00,364/259,0.890,147360.00,241900.00,,T7 - ALUVIÕES DO TEJO,,,2025-07-17 14:15:54.575671+00
4295,2021-03-01 12:50:00+00,364/259,2.3,147360.00,241900.00,,T7 - ALUVIÕES DO TEJO,,,2025-07-17 14:15:54.575671+00
4296,2002-11-11 00:00:00+00,364/260,0.84,149570.00,244000.00,,T7 - ALUVIÕES DO TEJO,,,2025-07-17 14:15:54.575671+00
4297,2003-04-07 00:00:00+00,364/260,5.74,149570.00,244000.00,,T7 - ALUVIÕES DO TEJO,,,2025-07-17 14:15:54.575671+00
4298,2003-10-06 00:00:00+00,364/260,4.4,149570.00,244000.00,,T7 - ALUVIÕES DO TEJO,,,2025-07-17 14:15:54.575671+00
4299,2004-03-02 00:00:00+00,364/260,5.6,149570.00,244000.00,,T7 - ALUVIÕES DO TEJO,,,2025-07-17 14:15:54.575671+00
4300,2004-10-12 00:00:00+00,364/260,8.816,149570.00,244000.00,,T7 - ALUVIÕES DO TEJO,,,2025-07-17 14:15:54.575671+00
4301,2005-04-05 00:00:00+00,364/260,0.66,149570.00,244000.00,,T7 - ALUVIÕES DO TEJO,,,2025-07-17 14:15:54.575671+00
4302,2005-09-06 00:00:00+00,364/260,0.66,149570.00,244000.00,,T7 - ALUVIÕES DO TEJO,,,2025-07-17 14:15:54.575671+00
4303,2006-03-07 00:00:00+00,364/297,0.66,149575.00,244005.00,,T7 - ALUVIÕES DO TEJO,,VILA CHÃ DE OURIQUE,2025-07-17 14:15:54.575671+00
4304,2006-09-05 00:00:00+00,364/297,1.49,149575.00,244005.00,,T7 - ALUVIÕES DO TEJO,,VILA CHÃ DE OURIQUE,2025-07-17 14:15:54.575671+00
4305,2007-03-15 00:00:00+00,364/297,0.84,149575.00,244005.00,,T7 - ALUVIÕES DO TEJO,,VILA CHÃ DE OURIQUE,2025-07-17 14:15:54.575671+00
4306,2007-09-20 00:00:00+00,364/297,0.84,149575.00,244005.00,,T7 - ALUVIÕES DO TEJO,,VILA CHÃ DE OURIQUE,2025-07-17 14:15:54.575671+00
4307,2008-03-03 00:00:00+00,364/297,0.84,149575.00,244005.00,,T7 - ALUVIÕES DO TEJO,,VILA CHÃ DE OURIQUE,2025-07-17 14:15:54.575671+00
4308,2008-09-22 00:00:00+00,364/297,0.84,149575.00,244005.00,,T7 - ALUVIÕES DO TEJO,,VILA CHÃ DE OURIQUE,2025-07-17 14:15:54.575671+00
4309,2009-03-24 00:00:00+00,364/297,0.886,149575.00,244005.00,,T7 - ALUVIÕES DO TEJO,,VILA CHÃ DE OURIQUE,2025-07-17 14:15:54.575671+00
4310,2011-04-12 00:00:00+00,364/297,2.000,149575.00,244005.00,,T7 - ALUVIÕES DO TEJO,,VILA CHÃ DE OURIQUE,2025-07-17 14:15:54.575671+00
4311,2013-03-13 11:15:00+00,364/297,0.890,149575.00,244005.00,,T7 - ALUVIÕES DO TEJO,,VILA CHÃ DE OURIQUE,2025-07-17 14:15:54.575671+00
4312,2013-11-22 10:15:00+00,364/297,2.000,149575.00,244005.00,,T7 - ALUVIÕES DO TEJO,,VILA CHÃ DE OURIQUE,2025-07-17 14:15:54.575671+00
4313,2014-04-02 11:10:00+00,364/297,0.890,149575.00,244005.00,,T7 - ALUVIÕES DO TEJO,,VILA CHÃ DE OURIQUE,2025-07-17 14:15:54.575671+00
4314,2015-10-12 12:30:00+00,364/297,0.890,149575.00,244005.00,,T7 - ALUVIÕES DO TEJO,,VILA CHÃ DE OURIQUE,2025-07-17 14:15:54.575671+00
4315,2016-03-02 11:35:00+00,364/297,0.890,149575.00,244005.00,,T7 - ALUVIÕES DO TEJO,,VILA CHÃ DE OURIQUE,2025-07-17 14:15:54.575671+00
4316,2016-10-03 12:10:00+00,364/297,0.890,149575.00,244005.00,,T7 - ALUVIÕES DO TEJO,,VILA CHÃ DE OURIQUE,2025-07-17 14:15:54.575671+00
4317,2017-03-06 11:45:00+00,364/297,0.890,149575.00,244005.00,,T7 - ALUVIÕES DO TEJO,,VILA CHÃ DE OURIQUE,2025-07-17 14:15:54.575671+00
4318,2017-09-18 12:00:00+00,364/297,1.1,149575.00,244005.00,,T7 - ALUVIÕES DO TEJO,,VILA CHÃ DE OURIQUE,2025-07-17 14:15:54.575671+00
4319,2018-05-08 12:15:00+00,364/297,0.890,149575.00,244005.00,,T7 - ALUVIÕES DO TEJO,,VILA CHÃ DE OURIQUE,2025-07-17 14:15:54.575671+00
4320,2018-10-03 12:10:00+00,364/297,0.890,149575.00,244005.00,,T7 - ALUVIÕES DO TEJO,,VILA CHÃ DE OURIQUE,2025-07-17 14:15:54.575671+00
4321,2019-03-07 12:20:00+00,364/297,0.890,149575.00,244005.00,,T7 - ALUVIÕES DO TEJO,,VILA CHÃ DE OURIQUE,2025-07-17 14:15:54.575671+00
4322,2019-10-07 11:35:00+00,364/297,0.890,149575.00,244005.00,,T7 - ALUVIÕES DO TEJO,,VILA CHÃ DE OURIQUE,2025-07-17 14:15:54.575671+00
4323,2020-03-03 11:45:00+00,364/297,1.4,149575.00,244005.00,,T7 - ALUVIÕES DO TEJO,,VILA CHÃ DE OURIQUE,2025-07-17 14:15:54.575671+00
4324,2020-09-30 11:40:00+00,364/297,0.890,149575.00,244005.00,,T7 - ALUVIÕES DO TEJO,,VILA CHÃ DE OURIQUE,2025-07-17 14:15:54.575671+00
4325,2021-03-01 12:35:00+00,364/297,0.890,149575.00,244005.00,,T7 - ALUVIÕES DO TEJO,,VILA CHÃ DE OURIQUE,2025-07-17 14:15:54.575671+00
4326,2021-11-22 11:25:00+00,364/297,0.890,149575.00,244005.00,,T7 - ALUVIÕES DO TEJO,,VILA CHÃ DE OURIQUE,2025-07-17 14:15:54.575671+00
4327,2022-09-26 11:45:00+00,364/297,0.890,149575.00,244005.00,,T7 - ALUVIÕES DO TEJO,,VILA CHÃ DE OURIQUE,2025-07-17 14:15:54.575671+00
4328,2002-10-29 00:00:00+00,365/15,0.84,152850.00,241950.00,,T7 - ALUVIÕES DO TEJO,EM SERVIÇO,BENFICA DO RIBATEJO,2025-07-17 14:15:54.575671+00
4329,2003-04-07 00:00:00+00,365/15,1.99,152850.00,241950.00,,T7 - ALUVIÕES DO TEJO,EM SERVIÇO,BENFICA DO RIBATEJO,2025-07-17 14:15:54.575671+00
4330,2003-10-06 00:00:00+00,365/15,3.46,152850.00,241950.00,,T7 - ALUVIÕES DO TEJO,EM SERVIÇO,BENFICA DO RIBATEJO,2025-07-17 14:15:54.575671+00
4331,2004-03-01 00:00:00+00,365/15,5.27,152850.00,241950.00,,T7 - ALUVIÕES DO TEJO,EM SERVIÇO,BENFICA DO RIBATEJO,2025-07-17 14:15:54.575671+00
4332,2004-10-11 00:00:00+00,365/15,1.8,152850.00,241950.00,,T7 - ALUVIÕES DO TEJO,EM SERVIÇO,BENFICA DO RIBATEJO,2025-07-17 14:15:54.575671+00
4333,2005-04-04 00:00:00+00,365/15,1.2,152850.00,241950.00,,T7 - ALUVIÕES DO TEJO,EM SERVIÇO,BENFICA DO RIBATEJO,2025-07-17 14:15:54.575671+00
4334,2005-09-05 00:00:00+00,365/15,1.2,152850.00,241950.00,,T7 - ALUVIÕES DO TEJO,EM SERVIÇO,BENFICA DO RIBATEJO,2025-07-17 14:15:54.575671+00
4335,2006-03-06 00:00:00+00,365/15,1.42,152850.00,241950.00,,T7 - ALUVIÕES DO TEJO,EM SERVIÇO,BENFICA DO RIBATEJO,2025-07-17 14:15:54.575671+00
4336,2006-09-04 00:00:00+00,365/15,26.98,152850.00,241950.00,,T7 - ALUVIÕES DO TEJO,EM SERVIÇO,BENFICA DO RIBATEJO,2025-07-17 14:15:54.575671+00
4337,2007-03-12 00:00:00+00,365/15,23.88,152850.00,241950.00,,T7 - ALUVIÕES DO TEJO,EM SERVIÇO,BENFICA DO RIBATEJO,2025-07-17 14:15:54.575671+00
4338,2007-09-17 00:00:00+00,365/15,26.98,152850.00,241950.00,,T7 - ALUVIÕES DO TEJO,EM SERVIÇO,BENFICA DO RIBATEJO,2025-07-17 14:15:54.575671+00
4339,2008-03-06 00:00:00+00,365/15,25.65,152850.00,241950.00,,T7 - ALUVIÕES DO TEJO,EM SERVIÇO,BENFICA DO RIBATEJO,2025-07-17 14:15:54.575671+00
4340,2008-09-25 00:00:00+00,365/15,22.99,152850.00,241950.00,,T7 - ALUVIÕES DO TEJO,EM SERVIÇO,BENFICA DO RIBATEJO,2025-07-17 14:15:54.575671+00
4341,2009-06-29 00:00:00+00,365/15,25.0,152850.00,241950.00,,T7 - ALUVIÕES DO TEJO,EM SERVIÇO,BENFICA DO RIBATEJO,2025-07-17 14:15:54.575671+00
4342,2009-10-26 00:00:00+00,365/15,0.886,152850.00,241950.00,,T7 - ALUVIÕES DO TEJO,EM SERVIÇO,BENFICA DO RIBATEJO,2025-07-17 14:15:54.575671+00
4343,2010-07-14 10:15:00+00,365/15,4.0,152850.00,241950.00,,T7 - ALUVIÕES DO TEJO,EM SERVIÇO,BENFICA DO RIBATEJO,2025-07-17 14:15:54.575671+00
4344,2011-02-14 16:00:00+00,365/15,19.0,152850.00,241950.00,,T7 - ALUVIÕES DO TEJO,EM SERVIÇO,BENFICA DO RIBATEJO,2025-07-17 14:15:54.575671+00
4345,2012-11-12 09:30:00+00,365/15,0.890,152850.00,241950.00,,T7 - ALUVIÕES DO TEJO,EM SERVIÇO,BENFICA DO RIBATEJO,2025-07-17 14:15:54.575671+00
4346,2013-03-11 09:40:00+00,365/15,1.2,152850.00,241950.00,,T7 - ALUVIÕES DO TEJO,EM SERVIÇO,BENFICA DO RIBATEJO,2025-07-17 14:15:54.575671+00
4347,2013-11-18 14:15:00+00,365/15,2.000,152850.00,241950.00,,T7 - ALUVIÕES DO TEJO,EM SERVIÇO,BENFICA DO RIBATEJO,2025-07-17 14:15:54.575671+00
4348,2014-03-10 09:30:00+00,365/15,1.4,152850.00,241950.00,,T7 - ALUVIÕES DO TEJO,EM SERVIÇO,BENFICA DO RIBATEJO,2025-07-17 14:15:54.575671+00
4349,2014-10-08 09:10:00+00,365/15,36.0,152850.00,241950.00,,T7 - ALUVIÕES DO TEJO,EM SERVIÇO,BENFICA DO RIBATEJO,2025-07-17 14:15:54.575671+00
4350,2015-03-03 09:10:00+00,365/15,2.0,152850.00,241950.00,,T7 - ALUVIÕES DO TEJO,EM SERVIÇO,BENFICA DO RIBATEJO,2025-07-17 14:15:54.575671+00
4351,2015-10-07 09:05:00+00,365/15,51.0,152850.00,241950.00,,T7 - ALUVIÕES DO TEJO,EM SERVIÇO,BENFICA DO RIBATEJO,2025-07-17 14:15:54.575671+00
4352,2014-04-02 10:30:00+00,377/262,0.890,144300.00,234550.00,,T7 - ALUVIÕES DO TEJO,,,2025-07-17 14:15:54.575671+00
4353,2016-03-01 09:15:00+00,365/15,3.9,152850.00,241950.00,,T7 - ALUVIÕES DO TEJO,EM SERVIÇO,BENFICA DO RIBATEJO,2025-07-17 14:15:54.575671+00
4354,2016-10-10 09:15:00+00,365/15,7.6,152850.00,241950.00,,T7 - ALUVIÕES DO TEJO,EM SERVIÇO,BENFICA DO RIBATEJO,2025-07-17 14:15:54.575671+00
4355,2017-04-18 09:05:00+00,365/15,7.9,152850.00,241950.00,,T7 - ALUVIÕES DO TEJO,EM SERVIÇO,BENFICA DO RIBATEJO,2025-07-17 14:15:54.575671+00
4356,2017-10-23 10:00:00+00,365/15,6.5,152850.00,241950.00,,T7 - ALUVIÕES DO TEJO,EM SERVIÇO,BENFICA DO RIBATEJO,2025-07-17 14:15:54.575671+00
4357,2018-10-03 09:10:00+00,365/15,3.9,152850.00,241950.00,,T7 - ALUVIÕES DO TEJO,EM SERVIÇO,BENFICA DO RIBATEJO,2025-07-17 14:15:54.575671+00
4358,2019-03-11 09:15:00+00,365/15,1.8,152850.00,241950.00,,T7 - ALUVIÕES DO TEJO,EM SERVIÇO,BENFICA DO RIBATEJO,2025-07-17 14:15:54.575671+00
4359,2019-11-13 09:20:00+00,365/15,35.0,152850.00,241950.00,,T7 - ALUVIÕES DO TEJO,EM SERVIÇO,BENFICA DO RIBATEJO,2025-07-17 14:15:54.575671+00
4360,2020-03-03 09:35:00+00,365/15,3.5,152850.00,241950.00,,T7 - ALUVIÕES DO TEJO,EM SERVIÇO,BENFICA DO RIBATEJO,2025-07-17 14:15:54.575671+00
4361,2020-10-14 09:25:00+00,365/15,46.0,152850.00,241950.00,,T7 - ALUVIÕES DO TEJO,EM SERVIÇO,BENFICA DO RIBATEJO,2025-07-17 14:15:54.575671+00
4362,2021-02-17 09:15:00+00,365/15,2.6,152850.00,241950.00,,T7 - ALUVIÕES DO TEJO,EM SERVIÇO,BENFICA DO RIBATEJO,2025-07-17 14:15:54.575671+00
4363,2021-09-28 09:10:00+00,365/15,11.0,152850.00,241950.00,,T7 - ALUVIÕES DO TEJO,EM SERVIÇO,BENFICA DO RIBATEJO,2025-07-17 14:15:54.575671+00
4364,2022-03-15 09:20:00+00,365/15,1.9,152850.00,241950.00,,T7 - ALUVIÕES DO TEJO,EM SERVIÇO,BENFICA DO RIBATEJO,2025-07-17 14:15:54.575671+00
4365,2022-09-27 09:25:00+00,365/15,12.0,152850.00,241950.00,,T7 - ALUVIÕES DO TEJO,EM SERVIÇO,BENFICA DO RIBATEJO,2025-07-17 14:15:54.575671+00
4366,2023-03-08 09:15:00+00,365/15,3.7,152850.00,241950.00,,T7 - ALUVIÕES DO TEJO,EM SERVIÇO,BENFICA DO RIBATEJO,2025-07-17 14:15:54.575671+00
4367,2023-10-02 09:10:00+00,365/15,25.0,152850.00,241950.00,,T7 - ALUVIÕES DO TEJO,EM SERVIÇO,BENFICA DO RIBATEJO,2025-07-17 14:15:54.575671+00
4368,2002-10-29 00:00:00+00,365/470,85.94,154350.00,245140.00,,T7 - ALUVIÕES DO TEJO,,,2025-07-17 14:15:54.575671+00
4369,2003-04-07 00:00:00+00,365/470,33.98,154350.00,245140.00,,T7 - ALUVIÕES DO TEJO,,,2025-07-17 14:15:54.575671+00
4370,2003-10-07 00:00:00+00,365/470,37.0,154350.00,245140.00,,T7 - ALUVIÕES DO TEJO,,,2025-07-17 14:15:54.575671+00
4371,2004-10-11 00:00:00+00,365/470,38.497,154350.00,245140.00,,T7 - ALUVIÕES DO TEJO,,,2025-07-17 14:15:54.575671+00
4372,2005-04-04 00:00:00+00,365/470,44.26,154350.00,245140.00,,T7 - ALUVIÕES DO TEJO,,,2025-07-17 14:15:54.575671+00
4373,2005-09-05 00:00:00+00,365/470,36.28,154350.00,245140.00,,T7 - ALUVIÕES DO TEJO,,,2025-07-17 14:15:54.575671+00
4374,2006-03-06 00:00:00+00,365/470,84.13,154350.00,245140.00,,T7 - ALUVIÕES DO TEJO,,,2025-07-17 14:15:54.575671+00
4375,2006-09-04 00:00:00+00,365/470,101.85,154350.00,245140.00,,T7 - ALUVIÕES DO TEJO,,,2025-07-17 14:15:54.575671+00
4376,2007-03-12 00:00:00+00,365/470,54.0,154350.00,245140.00,,T7 - ALUVIÕES DO TEJO,,,2025-07-17 14:15:54.575671+00
4377,2008-03-26 00:00:00+00,365/470,53.12,154350.00,245140.00,,T7 - ALUVIÕES DO TEJO,,,2025-07-17 14:15:54.575671+00
4378,2009-03-23 00:00:00+00,365/470,75.31,154350.00,245140.00,,T7 - ALUVIÕES DO TEJO,,,2025-07-17 14:15:54.575671+00
4379,2009-10-29 00:00:00+00,365/470,57.59,154350.00,245140.00,,T7 - ALUVIÕES DO TEJO,,,2025-07-17 14:15:54.575671+00
4380,2010-07-14 11:40:00+00,365/470,92.0,154350.00,245140.00,,T7 - ALUVIÕES DO TEJO,,,2025-07-17 14:15:54.575671+00
4381,2011-02-14 14:05:00+00,365/470,53.0,154350.00,245140.00,,T7 - ALUVIÕES DO TEJO,,,2025-07-17 14:15:54.575671+00
4382,2012-11-12 09:15:00+00,365/470,76.0,154350.00,245140.00,,T7 - ALUVIÕES DO TEJO,,,2025-07-17 14:15:54.575671+00
4383,2013-03-11 08:40:00+00,365/470,59.0,154350.00,245140.00,,T7 - ALUVIÕES DO TEJO,,,2025-07-17 14:15:54.575671+00
4384,2013-11-18 14:00:00+00,365/470,78.0,154350.00,245140.00,,T7 - ALUVIÕES DO TEJO,,,2025-07-17 14:15:54.575671+00
4385,2014-03-10 11:45:00+00,365/470,23.0,154350.00,245140.00,,T7 - ALUVIÕES DO TEJO,,,2025-07-17 14:15:54.575671+00
4386,2014-10-08 08:50:00+00,365/470,78.0,154350.00,245140.00,,T7 - ALUVIÕES DO TEJO,,,2025-07-17 14:15:54.575671+00
4387,2015-03-03 08:50:00+00,365/470,57.0,154350.00,245140.00,,T7 - ALUVIÕES DO TEJO,,,2025-07-17 14:15:54.575671+00
4388,2015-10-07 08:45:00+00,365/470,73.0,154350.00,245140.00,,T7 - ALUVIÕES DO TEJO,,,2025-07-17 14:15:54.575671+00
4389,2016-03-01 08:35:00+00,365/470,69.0,154350.00,245140.00,,T7 - ALUVIÕES DO TEJO,,,2025-07-17 14:15:54.575671+00
4390,2016-10-10 00:00:00+00,365/470,86.0,154350.00,245140.00,,T7 - ALUVIÕES DO TEJO,,,2025-07-17 14:15:54.575671+00
4391,2017-04-18 00:00:00+00,365/470,67.0,154350.00,245140.00,,T7 - ALUVIÕES DO TEJO,,,2025-07-17 14:15:54.575671+00
4392,2017-10-23 00:00:00+00,365/470,74.0,154350.00,245140.00,,T7 - ALUVIÕES DO TEJO,,,2025-07-17 14:15:54.575671+00
4393,2018-04-17 08:35:00+00,365/470,69.0,154350.00,245140.00,,T7 - ALUVIÕES DO TEJO,,,2025-07-17 14:15:54.575671+00
4394,2018-10-03 08:50:00+00,365/470,62.0,154350.00,245140.00,,T7 - ALUVIÕES DO TEJO,,,2025-07-17 14:15:54.575671+00
4395,2019-03-11 09:00:00+00,365/470,67.0,154350.00,245140.00,,T7 - ALUVIÕES DO TEJO,,,2025-07-17 14:15:54.575671+00
4396,2019-11-13 08:55:00+00,365/470,66.0,154350.00,245140.00,,T7 - ALUVIÕES DO TEJO,,,2025-07-17 14:15:54.575671+00
4397,2020-03-03 09:00:00+00,365/470,75.0,154350.00,245140.00,,T7 - ALUVIÕES DO TEJO,,,2025-07-17 14:15:54.575671+00
4398,2020-10-14 09:05:00+00,365/470,81.0,154350.00,245140.00,,T7 - ALUVIÕES DO TEJO,,,2025-07-17 14:15:54.575671+00
4399,2021-02-17 08:50:00+00,365/470,81.0,154350.00,245140.00,,T7 - ALUVIÕES DO TEJO,,,2025-07-17 14:15:54.575671+00
4400,2021-09-28 08:55:00+00,365/470,77.0,154350.00,245140.00,,T7 - ALUVIÕES DO TEJO,,,2025-07-17 14:15:54.575671+00
4401,2022-03-15 08:45:00+00,365/470,86.0,154350.00,245140.00,,T7 - ALUVIÕES DO TEJO,,,2025-07-17 14:15:54.575671+00
4402,2022-09-27 11:35:00+00,365/470,91.0,154350.00,245140.00,,T7 - ALUVIÕES DO TEJO,,,2025-07-17 14:15:54.575671+00
4403,2023-03-08 09:00:00+00,365/470,130.0,154350.00,245140.00,,T7 - ALUVIÕES DO TEJO,,,2025-07-17 14:15:54.575671+00
4404,2023-10-02 08:45:00+00,365/470,89.0,154350.00,245140.00,,T7 - ALUVIÕES DO TEJO,,,2025-07-17 14:15:54.575671+00
4405,2002-10-29 00:00:00+00,365/471,44.92,156160.00,247540.00,,T7 - ALUVIÕES DO TEJO,,,2025-07-17 14:15:54.575671+00
4406,2003-04-07 00:00:00+00,365/471,74.11,156160.00,247540.00,,T7 - ALUVIÕES DO TEJO,,,2025-07-17 14:15:54.575671+00
4407,2003-10-06 00:00:00+00,365/471,76.0,156160.00,247540.00,,T7 - ALUVIÕES DO TEJO,,,2025-07-17 14:15:54.575671+00
4408,2004-03-01 00:00:00+00,365/471,89.0,156160.00,247540.00,,T7 - ALUVIÕES DO TEJO,,,2025-07-17 14:15:54.575671+00
4409,2004-10-11 00:00:00+00,365/471,84.0,156160.00,247540.00,,T7 - ALUVIÕES DO TEJO,,,2025-07-17 14:15:54.575671+00
4410,2005-04-04 00:00:00+00,365/471,75.0,156160.00,247540.00,,T7 - ALUVIÕES DO TEJO,,,2025-07-17 14:15:54.575671+00
4411,2002-11-12 00:00:00+00,377/262,0.8,144300.00,234550.00,,T7 - ALUVIÕES DO TEJO,,,2025-07-17 14:15:54.575671+00
4412,2003-04-07 00:00:00+00,377/262,0.8,144300.00,234550.00,,T7 - ALUVIÕES DO TEJO,,,2025-07-17 14:15:54.575671+00
4413,2003-10-06 00:00:00+00,377/262,0.66,144300.00,234550.00,,T7 - ALUVIÕES DO TEJO,,,2025-07-17 14:15:54.575671+00
4414,2004-03-02 00:00:00+00,377/262,0.4,144300.00,234550.00,,T7 - ALUVIÕES DO TEJO,,,2025-07-17 14:15:54.575671+00
4415,2004-10-12 00:00:00+00,377/262,0.664,144300.00,234550.00,,T7 - ALUVIÕES DO TEJO,,,2025-07-17 14:15:54.575671+00
4416,2005-04-05 00:00:00+00,377/262,0.62,144300.00,234550.00,,T7 - ALUVIÕES DO TEJO,,,2025-07-17 14:15:54.575671+00
4417,2005-09-06 00:00:00+00,377/262,0.66,144300.00,234550.00,,T7 - ALUVIÕES DO TEJO,,,2025-07-17 14:15:54.575671+00
4418,2006-03-07 00:00:00+00,377/262,0.22,144300.00,234550.00,,T7 - ALUVIÕES DO TEJO,,,2025-07-17 14:15:54.575671+00
4419,2006-09-05 00:00:00+00,377/262,0.59,144300.00,234550.00,,T7 - ALUVIÕES DO TEJO,,,2025-07-17 14:15:54.575671+00
4420,2007-03-15 00:00:00+00,377/262,0.51,144300.00,234550.00,,T7 - ALUVIÕES DO TEJO,,,2025-07-17 14:15:54.575671+00
4421,2007-09-20 00:00:00+00,377/262,0.84,144300.00,234550.00,,T7 - ALUVIÕES DO TEJO,,,2025-07-17 14:15:54.575671+00
4422,2008-03-03 00:00:00+00,377/262,0.74,144300.00,234550.00,,T7 - ALUVIÕES DO TEJO,,,2025-07-17 14:15:54.575671+00
4423,2008-09-22 00:00:00+00,377/262,0.84,144300.00,234550.00,,T7 - ALUVIÕES DO TEJO,,,2025-07-17 14:15:54.575671+00
4424,2009-03-24 00:00:00+00,377/262,0.886,144300.00,234550.00,,T7 - ALUVIÕES DO TEJO,,,2025-07-17 14:15:54.575671+00
4425,2010-07-12 15:15:00+00,377/262,2.000,144300.00,234550.00,,T7 - ALUVIÕES DO TEJO,,,2025-07-17 14:15:54.575671+00
4426,2011-04-12 00:00:00+00,377/262,2.000,144300.00,234550.00,,T7 - ALUVIÕES DO TEJO,,,2025-07-17 14:15:54.575671+00
4427,2012-11-15 12:00:00+00,377/262,0.890,144300.00,234550.00,,T7 - ALUVIÕES DO TEJO,,,2025-07-17 14:15:54.575671+00
4428,2013-03-13 11:50:00+00,377/262,1.4,144300.00,234550.00,,T7 - ALUVIÕES DO TEJO,,,2025-07-17 14:15:54.575671+00
4429,2013-11-22 00:00:00+00,377/262,2.000,144300.00,234550.00,,T7 - ALUVIÕES DO TEJO,,,2025-07-17 14:15:54.575671+00
4430,2014-10-13 11:15:00+00,377/262,0.890,144300.00,234550.00,,T7 - ALUVIÕES DO TEJO,,,2025-07-17 14:15:54.575671+00
4431,2015-03-03 11:05:00+00,377/262,0.890,144300.00,234550.00,,T7 - ALUVIÕES DO TEJO,,,2025-07-17 14:15:54.575671+00
4432,2015-10-12 11:25:00+00,377/262,0.890,144300.00,234550.00,,T7 - ALUVIÕES DO TEJO,,,2025-07-17 14:15:54.575671+00
4433,2016-03-02 10:50:00+00,377/262,1.1,144300.00,234550.00,,T7 - ALUVIÕES DO TEJO,,,2025-07-17 14:15:54.575671+00
4434,2016-10-03 11:15:00+00,377/262,0.890,144300.00,234550.00,,T7 - ALUVIÕES DO TEJO,,,2025-07-17 14:15:54.575671+00
4435,2017-03-06 11:15:00+00,377/262,2.1,144300.00,234550.00,,T7 - ALUVIÕES DO TEJO,,,2025-07-17 14:15:54.575671+00
4436,2017-09-18 11:15:00+00,377/262,0.890,144300.00,234550.00,,T7 - ALUVIÕES DO TEJO,,,2025-07-17 14:15:54.575671+00
4437,2018-05-08 11:20:00+00,377/262,1.2,144300.00,234550.00,,T7 - ALUVIÕES DO TEJO,,,2025-07-17 14:15:54.575671+00
4438,2018-10-03 11:30:00+00,377/262,4.9,144300.00,234550.00,,T7 - ALUVIÕES DO TEJO,,,2025-07-17 14:15:54.575671+00
4439,2002-11-18 00:00:00+00,377/263,0.84,147600.00,239000.00,,T7 - ALUVIÕES DO TEJO,,,2025-07-17 14:15:54.575671+00
4440,2003-04-07 00:00:00+00,377/263,0.84,147600.00,239000.00,,T7 - ALUVIÕES DO TEJO,,,2025-07-17 14:15:54.575671+00
4441,2003-10-06 00:00:00+00,377/263,0.66,147600.00,239000.00,,T7 - ALUVIÕES DO TEJO,,,2025-07-17 14:15:54.575671+00
4442,2006-09-05 00:00:00+00,377/263,0.66,147600.00,239000.00,,T7 - ALUVIÕES DO TEJO,,,2025-07-17 14:15:54.575671+00
4443,2002-11-12 00:00:00+00,377/264,0.84,147040.00,237470.00,,T7 - ALUVIÕES DO TEJO,,,2025-07-17 14:15:54.575671+00
4444,2003-04-07 00:00:00+00,377/264,0.84,147040.00,237470.00,,T7 - ALUVIÕES DO TEJO,,,2025-07-17 14:15:54.575671+00
4445,2003-10-06 00:00:00+00,377/264,0.66,147040.00,237470.00,,T7 - ALUVIÕES DO TEJO,,,2025-07-17 14:15:54.575671+00
4446,2004-03-02 00:00:00+00,377/264,0.66,147040.00,237470.00,,T7 - ALUVIÕES DO TEJO,,,2025-07-17 14:15:54.575671+00
4447,2004-10-12 00:00:00+00,377/264,0.664,147040.00,237470.00,,T7 - ALUVIÕES DO TEJO,,,2025-07-17 14:15:54.575671+00
4448,2005-04-05 00:00:00+00,377/264,0.66,147040.00,237470.00,,T7 - ALUVIÕES DO TEJO,,,2025-07-17 14:15:54.575671+00
4449,2005-09-06 00:00:00+00,377/264,0.66,147040.00,237470.00,,T7 - ALUVIÕES DO TEJO,,,2025-07-17 14:15:54.575671+00
4450,2006-03-07 00:00:00+00,377/264,0.66,147040.00,237470.00,,T7 - ALUVIÕES DO TEJO,,,2025-07-17 14:15:54.575671+00
4451,2006-09-05 00:00:00+00,377/264,0.66,147040.00,237470.00,,T7 - ALUVIÕES DO TEJO,,,2025-07-17 14:15:54.575671+00
4452,2007-03-15 00:00:00+00,377/264,0.84,147040.00,237470.00,,T7 - ALUVIÕES DO TEJO,,,2025-07-17 14:15:54.575671+00
4453,2007-09-20 00:00:00+00,377/264,0.83,147040.00,237470.00,,T7 - ALUVIÕES DO TEJO,,,2025-07-17 14:15:54.575671+00
4454,2008-03-03 00:00:00+00,377/264,0.84,147040.00,237470.00,,T7 - ALUVIÕES DO TEJO,,,2025-07-17 14:15:54.575671+00
4455,2008-09-22 00:00:00+00,377/264,0.84,147040.00,237470.00,,T7 - ALUVIÕES DO TEJO,,,2025-07-17 14:15:54.575671+00
4456,2009-03-24 00:00:00+00,377/264,0.886,147040.00,237470.00,,T7 - ALUVIÕES DO TEJO,,,2025-07-17 14:15:54.575671+00
4457,2009-10-27 00:00:00+00,377/264,0.886,147040.00,237470.00,,T7 - ALUVIÕES DO TEJO,,,2025-07-17 14:15:54.575671+00
4458,2010-07-12 15:05:00+00,377/264,2.000,147040.00,237470.00,,T7 - ALUVIÕES DO TEJO,,,2025-07-17 14:15:54.575671+00
4459,2012-11-15 11:35:00+00,377/264,0.890,147040.00,237470.00,,T7 - ALUVIÕES DO TEJO,,,2025-07-17 14:15:54.575671+00
4460,2014-04-02 10:50:00+00,377/264,0.890,147040.00,237470.00,,T7 - ALUVIÕES DO TEJO,,,2025-07-17 14:15:54.575671+00
4461,2017-09-18 11:35:00+00,377/264,0.890,147040.00,237470.00,,T7 - ALUVIÕES DO TEJO,,,2025-07-17 14:15:54.575671+00
4462,2018-05-08 11:30:00+00,377/264,0.890,147040.00,237470.00,,T7 - ALUVIÕES DO TEJO,,,2025-07-17 14:15:54.575671+00
4463,2019-10-07 12:10:00+00,377/264,0.890,147040.00,237470.00,,T7 - ALUVIÕES DO TEJO,,,2025-07-17 14:15:54.575671+00
4464,2021-03-01 12:05:00+00,377/264,0.890,147040.00,237470.00,,T7 - ALUVIÕES DO TEJO,,,2025-07-17 14:15:54.575671+00
4465,2022-03-22 10:55:00+00,377/264,6.2,147040.00,237470.00,,T7 - ALUVIÕES DO TEJO,,,2025-07-17 14:15:54.575671+00
4466,2023-03-28 11:15:00+00,377/264,0.890,147040.00,237470.00,,T7 - ALUVIÕES DO TEJO,,,2025-07-17 14:15:54.575671+00
4467,2023-10-23 11:05:00+00,377/264,1.6,147040.00,237470.00,,T7 - ALUVIÕES DO TEJO,,,2025-07-17 14:15:54.575671+00
4468,2010-07-12 12:55:00+00,377/287,2.000,146752.00,239462.00,0,T7 - ALUVIÕES DO TEJO,,VALADA,2025-07-17 14:15:54.575671+00
4469,2000-03-27 00:00:00+00,377/94,2.33,148399.00,234273.00,23,T7 - ALUVIÕES DO TEJO,,MUGE,2025-07-17 14:15:54.575671+00
4470,2000-10-16 00:00:00+00,377/94,8.28,148399.00,234273.00,23,T7 - ALUVIÕES DO TEJO,,MUGE,2025-07-17 14:15:54.575671+00
4471,2002-04-08 00:00:00+00,377/94,6.42,148399.00,234273.00,23,T7 - ALUVIÕES DO TEJO,,MUGE,2025-07-17 14:15:54.575671+00
4472,2002-10-14 00:00:00+00,377/94,13.17,148399.00,234273.00,23,T7 - ALUVIÕES DO TEJO,,MUGE,2025-07-17 14:15:54.575671+00
4473,2003-04-08 00:00:00+00,377/94,26.35,148399.00,234273.00,23,T7 - ALUVIÕES DO TEJO,,MUGE,2025-07-17 14:15:54.575671+00
4474,2004-04-06 00:00:00+00,377/94,7.93,148399.00,234273.00,23,T7 - ALUVIÕES DO TEJO,,MUGE,2025-07-17 14:15:54.575671+00
4475,2004-10-11 00:00:00+00,377/94,12.0,148399.00,234273.00,23,T7 - ALUVIÕES DO TEJO,,MUGE,2025-07-17 14:15:54.575671+00
4476,2005-05-03 00:00:00+00,377/94,6.9,148399.00,234273.00,23,T7 - ALUVIÕES DO TEJO,,MUGE,2025-07-17 14:15:54.575671+00
4477,2005-11-03 00:00:00+00,377/94,0.49,148399.00,234273.00,23,T7 - ALUVIÕES DO TEJO,,MUGE,2025-07-17 14:15:54.575671+00
4478,2006-04-10 00:00:00+00,377/94,1.0,148399.00,234273.00,23,T7 - ALUVIÕES DO TEJO,,MUGE,2025-07-17 14:15:54.575671+00
4479,2006-10-24 00:00:00+00,377/94,4.3,148399.00,234273.00,23,T7 - ALUVIÕES DO TEJO,,MUGE,2025-07-17 14:15:54.575671+00
4480,2007-03-20 00:00:00+00,377/94,15.0,148399.00,234273.00,23,T7 - ALUVIÕES DO TEJO,,MUGE,2025-07-17 14:15:54.575671+00
4481,2007-11-15 00:00:00+00,377/94,3.5,148399.00,234273.00,23,T7 - ALUVIÕES DO TEJO,,MUGE,2025-07-17 14:15:54.575671+00
4482,2008-04-14 00:00:00+00,377/94,17.0,148399.00,234273.00,23,T7 - ALUVIÕES DO TEJO,,MUGE,2025-07-17 14:15:54.575671+00
4483,2008-10-29 00:00:00+00,377/94,8.5,148399.00,234273.00,23,T7 - ALUVIÕES DO TEJO,,MUGE,2025-07-17 14:15:54.575671+00
4484,2009-04-27 00:00:00+00,377/94,38.0,148399.00,234273.00,23,T7 - ALUVIÕES DO TEJO,,MUGE,2025-07-17 14:15:54.575671+00
4485,2009-09-23 00:00:00+00,377/94,23.0,148399.00,234273.00,23,T7 - ALUVIÕES DO TEJO,,MUGE,2025-07-17 14:15:54.575671+00
4486,2010-07-12 12:15:00+00,377/94,60.0,148399.00,234273.00,23,T7 - ALUVIÕES DO TEJO,,MUGE,2025-07-17 14:15:54.575671+00
4487,2011-03-29 08:55:00+00,377/94,2.000,148399.00,234273.00,23,T7 - ALUVIÕES DO TEJO,,MUGE,2025-07-17 14:15:54.575671+00
4488,2013-04-08 12:35:00+00,377/94,4.5,148399.00,234273.00,23,T7 - ALUVIÕES DO TEJO,,MUGE,2025-07-17 14:15:54.575671+00
4489,2013-12-11 16:00:00+00,377/94,77.0,148399.00,234273.00,23,T7 - ALUVIÕES DO TEJO,,MUGE,2025-07-17 14:15:54.575671+00
4490,2014-04-09 11:00:00+00,377/94,2.3,148399.00,234273.00,23,T7 - ALUVIÕES DO TEJO,,MUGE,2025-07-17 14:15:54.575671+00
4491,2014-10-21 11:20:00+00,377/94,7.5,148399.00,234273.00,23,T7 - ALUVIÕES DO TEJO,,MUGE,2025-07-17 14:15:54.575671+00
4492,2015-04-07 11:45:00+00,377/94,2.2,148399.00,234273.00,23,T7 - ALUVIÕES DO TEJO,,MUGE,2025-07-17 14:15:54.575671+00
4493,2015-11-02 10:45:00+00,377/94,1.9,148399.00,234273.00,23,T7 - ALUVIÕES DO TEJO,,MUGE,2025-07-17 14:15:54.575671+00
4494,2016-04-19 11:00:00+00,377/94,2.8,148399.00,234273.00,23,T7 - ALUVIÕES DO TEJO,,MUGE,2025-07-17 14:15:54.575671+00
4495,2016-11-21 10:50:00+00,377/94,9.8,148399.00,234273.00,23,T7 - ALUVIÕES DO TEJO,,MUGE,2025-07-17 14:15:54.575671+00
4496,2017-03-23 11:30:00+00,377/94,57.0,148399.00,234273.00,23,T7 - ALUVIÕES DO TEJO,,MUGE,2025-07-17 14:15:54.575671+00
4497,2018-04-23 11:15:00+00,377/94,110.0,148399.00,234273.00,23,T7 - ALUVIÕES DO TEJO,,MUGE,2025-07-17 14:15:54.575671+00
4498,2018-10-08 11:45:00+00,377/94,130.0,148399.00,234273.00,23,T7 - ALUVIÕES DO TEJO,,MUGE,2025-07-17 14:15:54.575671+00
4499,2019-04-03 12:50:00+00,377/94,100.0,148399.00,234273.00,23,T7 - ALUVIÕES DO TEJO,,MUGE,2025-07-17 14:15:54.575671+00
4500,2019-10-03 12:05:00+00,377/94,220.0,148399.00,234273.00,23,T7 - ALUVIÕES DO TEJO,,MUGE,2025-07-17 14:15:54.575671+00
4501,2020-09-23 11:05:00+00,377/94,240.0,148399.00,234273.00,23,T7 - ALUVIÕES DO TEJO,,MUGE,2025-07-17 14:15:54.575671+00
4502,2021-03-03 11:20:00+00,377/94,58.0,148399.00,234273.00,23,T7 - ALUVIÕES DO TEJO,,MUGE,2025-07-17 14:15:54.575671+00
4503,2021-10-12 11:30:00+00,377/94,90.0,148399.00,234273.00,23,T7 - ALUVIÕES DO TEJO,,MUGE,2025-07-17 14:15:54.575671+00
4504,2022-03-28 11:05:00+00,377/94,88.0,148399.00,234273.00,23,T7 - ALUVIÕES DO TEJO,,MUGE,2025-07-17 14:15:54.575671+00
4505,2022-10-13 11:30:00+00,377/94,140.0,148399.00,234273.00,23,T7 - ALUVIÕES DO TEJO,,MUGE,2025-07-17 14:15:54.575671+00
4506,2023-04-12 00:00:00+00,377/94,97.0,148399.00,234273.00,23,T7 - ALUVIÕES DO TEJO,,MUGE,2025-07-17 14:15:54.575671+00
4507,2023-09-25 10:50:00+00,377/94,88.0,148399.00,234273.00,23,T7 - ALUVIÕES DO TEJO,,MUGE,2025-07-17 14:15:54.575671+00
4508,2000-03-13 00:00:00+00,391/244,20.33,145970.00,223500.00,10,T7 - ALUVIÕES DO TEJO,,BENAVENTE,2025-07-17 14:15:54.575671+00
4509,2000-10-02 00:00:00+00,391/244,18.21,145970.00,223500.00,10,T7 - ALUVIÕES DO TEJO,,BENAVENTE,2025-07-17 14:15:54.575671+00
4510,2001-03-05 00:00:00+00,391/244,5.45,145970.00,223500.00,10,T7 - ALUVIÕES DO TEJO,,BENAVENTE,2025-07-17 14:15:54.575671+00
4511,2001-10-22 00:00:00+00,391/244,24.14,145970.00,223500.00,10,T7 - ALUVIÕES DO TEJO,,BENAVENTE,2025-07-17 14:15:54.575671+00
4512,2002-03-04 00:00:00+00,391/244,15.99,145970.00,223500.00,10,T7 - ALUVIÕES DO TEJO,,BENAVENTE,2025-07-17 14:15:54.575671+00
4513,2002-10-28 00:00:00+00,391/244,23.66,145970.00,223500.00,10,T7 - ALUVIÕES DO TEJO,,BENAVENTE,2025-07-17 14:15:54.575671+00
4514,2003-03-10 00:00:00+00,391/244,8.18,145970.00,223500.00,10,T7 - ALUVIÕES DO TEJO,,BENAVENTE,2025-07-17 14:15:54.575671+00
4515,2004-03-01 00:00:00+00,391/244,12.36,145970.00,223500.00,10,T7 - ALUVIÕES DO TEJO,,BENAVENTE,2025-07-17 14:15:54.575671+00
4516,2004-10-06 00:00:00+00,391/244,26.979,145970.00,223500.00,10,T7 - ALUVIÕES DO TEJO,,BENAVENTE,2025-07-17 14:15:54.575671+00
4517,2005-04-06 00:00:00+00,391/244,25.21,145970.00,223500.00,10,T7 - ALUVIÕES DO TEJO,,BENAVENTE,2025-07-17 14:15:54.575671+00
4518,2005-10-11 00:00:00+00,391/244,15.02,145970.00,223500.00,10,T7 - ALUVIÕES DO TEJO,,BENAVENTE,2025-07-17 14:15:54.575671+00
4519,2006-03-20 00:00:00+00,391/244,7.3,145970.00,223500.00,10,T7 - ALUVIÕES DO TEJO,,BENAVENTE,2025-07-17 14:15:54.575671+00
4520,2006-10-11 00:00:00+00,391/244,16.79,145970.00,223500.00,10,T7 - ALUVIÕES DO TEJO,,BENAVENTE,2025-07-17 14:15:54.575671+00
4521,2007-03-28 00:00:00+00,391/244,7.49,145970.00,223500.00,10,T7 - ALUVIÕES DO TEJO,,BENAVENTE,2025-07-17 14:15:54.575671+00
4522,2007-11-05 00:00:00+00,391/244,22.99,145970.00,223500.00,10,T7 - ALUVIÕES DO TEJO,,BENAVENTE,2025-07-17 14:15:54.575671+00
4523,2008-04-03 00:00:00+00,391/244,20.78,145970.00,223500.00,10,T7 - ALUVIÕES DO TEJO,,BENAVENTE,2025-07-17 14:15:54.575671+00
4524,2008-10-20 00:00:00+00,391/244,12.36,145970.00,223500.00,10,T7 - ALUVIÕES DO TEJO,,BENAVENTE,2025-07-17 14:15:54.575671+00
4525,2009-04-20 00:00:00+00,391/244,11.075,145970.00,223500.00,10,T7 - ALUVIÕES DO TEJO,,BENAVENTE,2025-07-17 14:15:54.575671+00
4526,2009-09-22 00:00:00+00,391/244,11.075,145970.00,223500.00,10,T7 - ALUVIÕES DO TEJO,,BENAVENTE,2025-07-17 14:15:54.575671+00
4527,2010-06-22 10:30:00+00,391/244,16.0,145970.00,223500.00,10,T7 - ALUVIÕES DO TEJO,,BENAVENTE,2025-07-17 14:15:54.575671+00
4528,2011-03-29 11:00:00+00,391/244,6.0,145970.00,223500.00,10,T7 - ALUVIÕES DO TEJO,,BENAVENTE,2025-07-17 14:15:54.575671+00
4529,2000-03-27 00:00:00+00,391/33,41.55,146740.00,226240.00,25,T7 - ALUVIÕES DO TEJO,,FOROS DE SALVATERRA,2025-07-17 14:15:54.575671+00
4530,2000-10-16 00:00:00+00,391/33,79.0,146740.00,226240.00,25,T7 - ALUVIÕES DO TEJO,,FOROS DE SALVATERRA,2025-07-17 14:15:54.575671+00
4531,2001-04-16 00:00:00+00,391/33,131.57,146740.00,226240.00,25,T7 - ALUVIÕES DO TEJO,,FOROS DE SALVATERRA,2025-07-17 14:15:54.575671+00
4532,2002-04-08 00:00:00+00,391/33,39.08,146740.00,226240.00,25,T7 - ALUVIÕES DO TEJO,,FOROS DE SALVATERRA,2025-07-17 14:15:54.575671+00
4533,2002-10-22 00:00:00+00,391/33,86.31,146740.00,226240.00,25,T7 - ALUVIÕES DO TEJO,,FOROS DE SALVATERRA,2025-07-17 14:15:54.575671+00
4534,2003-11-10 00:00:00+00,391/33,46.0,146740.00,226240.00,25,T7 - ALUVIÕES DO TEJO,,FOROS DE SALVATERRA,2025-07-17 14:15:54.575671+00
4535,2004-04-06 00:00:00+00,391/33,74.0,146740.00,226240.00,25,T7 - ALUVIÕES DO TEJO,,FOROS DE SALVATERRA,2025-07-17 14:15:54.575671+00
4536,2005-05-03 00:00:00+00,391/33,63.0,146740.00,226240.00,25,T7 - ALUVIÕES DO TEJO,,FOROS DE SALVATERRA,2025-07-17 14:15:54.575671+00
4537,2005-11-03 00:00:00+00,391/33,49.0,146740.00,226240.00,25,T7 - ALUVIÕES DO TEJO,,FOROS DE SALVATERRA,2025-07-17 14:15:54.575671+00
4538,2006-04-10 00:00:00+00,391/33,67.0,146740.00,226240.00,25,T7 - ALUVIÕES DO TEJO,,FOROS DE SALVATERRA,2025-07-17 14:15:54.575671+00
4539,2006-10-24 00:00:00+00,391/33,19.0,146740.00,226240.00,25,T7 - ALUVIÕES DO TEJO,,FOROS DE SALVATERRA,2025-07-17 14:15:54.575671+00
4540,2007-03-20 00:00:00+00,391/33,75.0,146740.00,226240.00,25,T7 - ALUVIÕES DO TEJO,,FOROS DE SALVATERRA,2025-07-17 14:15:54.575671+00
4541,2007-11-15 00:00:00+00,391/33,32.0,146740.00,226240.00,25,T7 - ALUVIÕES DO TEJO,,FOROS DE SALVATERRA,2025-07-17 14:15:54.575671+00
4542,2008-04-14 00:00:00+00,391/33,39.0,146740.00,226240.00,25,T7 - ALUVIÕES DO TEJO,,FOROS DE SALVATERRA,2025-07-17 14:15:54.575671+00
4543,2008-10-29 00:00:00+00,391/33,30.0,146740.00,226240.00,25,T7 - ALUVIÕES DO TEJO,,FOROS DE SALVATERRA,2025-07-17 14:15:54.575671+00
4544,2009-04-27 00:00:00+00,391/33,41.0,146740.00,226240.00,25,T7 - ALUVIÕES DO TEJO,,FOROS DE SALVATERRA,2025-07-17 14:15:54.575671+00
4545,2009-09-23 00:00:00+00,391/33,39.0,146740.00,226240.00,25,T7 - ALUVIÕES DO TEJO,,FOROS DE SALVATERRA,2025-07-17 14:15:54.575671+00
4546,2010-07-12 13:45:00+00,391/33,56.0,146740.00,226240.00,25,T7 - ALUVIÕES DO TEJO,,FOROS DE SALVATERRA,2025-07-17 14:15:54.575671+00
4547,2013-04-08 11:30:00+00,391/33,55.0,146740.00,226240.00,25,T7 - ALUVIÕES DO TEJO,,FOROS DE SALVATERRA,2025-07-17 14:15:54.575671+00
4548,2013-11-22 14:50:00+00,391/33,25.0,146740.00,226240.00,25,T7 - ALUVIÕES DO TEJO,,FOROS DE SALVATERRA,2025-07-17 14:15:54.575671+00
4549,2014-04-09 10:05:00+00,391/33,28.0,146740.00,226240.00,25,T7 - ALUVIÕES DO TEJO,,FOROS DE SALVATERRA,2025-07-17 14:15:54.575671+00
4550,2014-10-21 10:45:00+00,391/33,12.0,146740.00,226240.00,25,T7 - ALUVIÕES DO TEJO,,FOROS DE SALVATERRA,2025-07-17 14:15:54.575671+00
4551,2015-04-07 11:00:00+00,391/33,9.0,146740.00,226240.00,25,T7 - ALUVIÕES DO TEJO,,FOROS DE SALVATERRA,2025-07-17 14:15:54.575671+00
4552,2015-11-02 11:20:00+00,391/33,8.8,146740.00,226240.00,25,T7 - ALUVIÕES DO TEJO,,FOROS DE SALVATERRA,2025-07-17 14:15:54.575671+00
4553,2016-04-19 11:55:00+00,391/33,34.0,146740.00,226240.00,25,T7 - ALUVIÕES DO TEJO,,FOROS DE SALVATERRA,2025-07-17 14:15:54.575671+00
4554,2016-11-21 12:00:00+00,391/33,8.7,146740.00,226240.00,25,T7 - ALUVIÕES DO TEJO,,FOROS DE SALVATERRA,2025-07-17 14:15:54.575671+00
4555,2017-03-23 10:40:00+00,391/33,31.0,146740.00,226240.00,25,T7 - ALUVIÕES DO TEJO,,FOROS DE SALVATERRA,2025-07-17 14:15:54.575671+00
4556,2017-09-25 00:00:00+00,391/33,1.6,146740.00,226240.00,25,T7 - ALUVIÕES DO TEJO,,FOROS DE SALVATERRA,2025-07-17 14:15:54.575671+00
4557,2018-10-08 11:10:00+00,391/33,1.2,146740.00,226240.00,25,T7 - ALUVIÕES DO TEJO,,FOROS DE SALVATERRA,2025-07-17 14:15:54.575671+00
4558,2019-04-03 11:55:00+00,391/33,0.890,146740.00,226240.00,25,T7 - ALUVIÕES DO TEJO,,FOROS DE SALVATERRA,2025-07-17 14:15:54.575671+00
4559,2019-10-03 11:15:00+00,391/33,0.890,146740.00,226240.00,25,T7 - ALUVIÕES DO TEJO,,FOROS DE SALVATERRA,2025-07-17 14:15:54.575671+00
4560,2000-03-13 00:00:00+00,391/404,7.4,148130.00,221120.00,,T7 - ALUVIÕES DO TEJO,,BARROSA,2025-07-17 14:15:54.575671+00
4561,2000-10-02 00:00:00+00,391/404,29.28,148130.00,221120.00,,T7 - ALUVIÕES DO TEJO,,BARROSA,2025-07-17 14:15:54.575671+00
4562,2001-03-05 00:00:00+00,391/404,22.64,148130.00,221120.00,,T7 - ALUVIÕES DO TEJO,,BARROSA,2025-07-17 14:15:54.575671+00
4563,2001-10-22 00:00:00+00,391/404,10.63,148130.00,221120.00,,T7 - ALUVIÕES DO TEJO,,BARROSA,2025-07-17 14:15:54.575671+00
4564,2002-03-04 00:00:00+00,391/404,3.9,148130.00,221120.00,,T7 - ALUVIÕES DO TEJO,,BARROSA,2025-07-17 14:15:54.575671+00
4565,2002-10-28 00:00:00+00,391/404,9.66,148130.00,221120.00,,T7 - ALUVIÕES DO TEJO,,BARROSA,2025-07-17 14:15:54.575671+00
4566,2003-03-10 00:00:00+00,391/404,32.65,148130.00,221120.00,,T7 - ALUVIÕES DO TEJO,,BARROSA,2025-07-17 14:15:54.575671+00
4567,2004-03-01 00:00:00+00,391/404,14.0,148130.00,221120.00,,T7 - ALUVIÕES DO TEJO,,BARROSA,2025-07-17 14:15:54.575671+00
4568,2004-10-06 00:00:00+00,391/404,12.36,148130.00,221120.00,,T7 - ALUVIÕES DO TEJO,,BARROSA,2025-07-17 14:15:54.575671+00
4569,2005-04-06 00:00:00+00,391/404,8.37,148130.00,221120.00,,T7 - ALUVIÕES DO TEJO,,BARROSA,2025-07-17 14:15:54.575671+00
4570,2005-10-11 00:00:00+00,391/404,20.78,148130.00,221120.00,,T7 - ALUVIÕES DO TEJO,,BARROSA,2025-07-17 14:15:54.575671+00
4571,2006-03-20 00:00:00+00,391/404,7.3,148130.00,221120.00,,T7 - ALUVIÕES DO TEJO,,BARROSA,2025-07-17 14:15:54.575671+00
4572,2006-10-11 00:00:00+00,391/404,37.0,148130.00,221120.00,,T7 - ALUVIÕES DO TEJO,,BARROSA,2025-07-17 14:15:54.575671+00
4573,2007-03-28 00:00:00+00,391/404,40.27,148130.00,221120.00,,T7 - ALUVIÕES DO TEJO,,BARROSA,2025-07-17 14:15:54.575671+00
4574,2007-11-05 00:00:00+00,391/404,14.13,148130.00,221120.00,,T7 - ALUVIÕES DO TEJO,,BARROSA,2025-07-17 14:15:54.575671+00
4575,2008-04-03 00:00:00+00,391/404,17.68,148130.00,221120.00,,T7 - ALUVIÕES DO TEJO,,BARROSA,2025-07-17 14:15:54.575671+00
4576,2008-10-20 00:00:00+00,391/404,9.7,148130.00,221120.00,,T7 - ALUVIÕES DO TEJO,,BARROSA,2025-07-17 14:15:54.575671+00
4577,2009-04-20 00:00:00+00,391/404,10.189,148130.00,221120.00,,T7 - ALUVIÕES DO TEJO,,BARROSA,2025-07-17 14:15:54.575671+00
4578,2009-09-22 00:00:00+00,391/404,37.655,148130.00,221120.00,,T7 - ALUVIÕES DO TEJO,,BARROSA,2025-07-17 14:15:54.575671+00
4579,2010-06-22 11:20:00+00,391/404,16.0,148130.00,221120.00,,T7 - ALUVIÕES DO TEJO,,BARROSA,2025-07-17 14:15:54.575671+00
4580,2011-03-29 14:50:00+00,391/404,9.0,148130.00,221120.00,,T7 - ALUVIÕES DO TEJO,,BARROSA,2025-07-17 14:15:54.575671+00
4581,2012-11-26 09:50:00+00,391/404,9.3,148130.00,221120.00,,T7 - ALUVIÕES DO TEJO,,BARROSA,2025-07-17 14:15:54.575671+00
4582,2013-04-01 09:40:00+00,391/404,22.0,148130.00,221120.00,,T7 - ALUVIÕES DO TEJO,,BARROSA,2025-07-17 14:15:54.575671+00
4583,2013-11-19 14:30:00+00,391/404,12.0,148130.00,221120.00,,T7 - ALUVIÕES DO TEJO,,BARROSA,2025-07-17 14:15:54.575671+00
4584,2014-03-24 09:30:00+00,391/404,20.0,148130.00,221120.00,,T7 - ALUVIÕES DO TEJO,,BARROSA,2025-07-17 14:15:54.575671+00
4585,2014-10-13 09:20:00+00,391/404,17.0,148130.00,221120.00,,T7 - ALUVIÕES DO TEJO,,BARROSA,2025-07-17 14:15:54.575671+00
4586,2015-03-16 11:10:00+00,391/404,10.0,148130.00,221120.00,,T7 - ALUVIÕES DO TEJO,,BARROSA,2025-07-17 14:15:54.575671+00
4587,2015-10-13 11:10:00+00,391/404,29.0,148130.00,221120.00,,T7 - ALUVIÕES DO TEJO,,BARROSA,2025-07-17 14:15:54.575671+00
4588,2016-03-15 11:05:00+00,391/404,9.5,148130.00,221120.00,,T7 - ALUVIÕES DO TEJO,,BARROSA,2025-07-17 14:15:54.575671+00
4589,2016-10-11 11:15:00+00,391/404,16.0,148130.00,221120.00,,T7 - ALUVIÕES DO TEJO,,BARROSA,2025-07-17 14:15:54.575671+00
4590,2017-06-01 00:00:00+00,391/404,2.4,148130.00,221120.00,,T7 - ALUVIÕES DO TEJO,,BARROSA,2025-07-17 14:15:54.575671+00
4591,2017-10-26 00:00:00+00,391/404,4.5,148130.00,221120.00,,T7 - ALUVIÕES DO TEJO,,BARROSA,2025-07-17 14:15:54.575671+00
4592,2018-06-27 00:00:00+00,391/404,21.0,148130.00,221120.00,,T7 - ALUVIÕES DO TEJO,,BARROSA,2025-07-17 14:15:54.575671+00
4593,2018-10-11 00:00:00+00,391/404,12.0,148130.00,221120.00,,T7 - ALUVIÕES DO TEJO,,BARROSA,2025-07-17 14:15:54.575671+00
4594,2019-05-21 00:00:00+00,391/404,6.0,148130.00,221120.00,,T7 - ALUVIÕES DO TEJO,,BARROSA,2025-07-17 14:15:54.575671+00
4595,2019-10-15 00:00:00+00,391/404,23.0,148130.00,221120.00,,T7 - ALUVIÕES DO TEJO,,BARROSA,2025-07-17 14:15:54.575671+00
4596,2020-07-16 00:00:00+00,391/404,13.0,148130.00,221120.00,,T7 - ALUVIÕES DO TEJO,,BARROSA,2025-07-17 14:15:54.575671+00
4597,2020-11-12 00:00:00+00,391/404,9.5,148130.00,221120.00,,T7 - ALUVIÕES DO TEJO,,BARROSA,2025-07-17 14:15:54.575671+00
4598,2021-05-26 00:00:00+00,391/404,14.0,148130.00,221120.00,,T7 - ALUVIÕES DO TEJO,,BARROSA,2025-07-17 14:15:54.575671+00
4599,2021-09-29 00:00:00+00,391/404,8.7,148130.00,221120.00,,T7 - ALUVIÕES DO TEJO,,BARROSA,2025-07-17 14:15:54.575671+00
4600,2022-05-03 00:00:00+00,391/404,12.0,148130.00,221120.00,,T7 - ALUVIÕES DO TEJO,,BARROSA,2025-07-17 14:15:54.575671+00
4601,2022-09-06 00:00:00+00,391/404,1.000,148130.00,221120.00,,T7 - ALUVIÕES DO TEJO,,BARROSA,2025-07-17 14:15:54.575671+00
4602,2023-05-09 00:00:00+00,391/404,14.0,148130.00,221120.00,,T7 - ALUVIÕES DO TEJO,,BARROSA,2025-07-17 14:15:54.575671+00
4603,2006-03-20 00:00:00+00,391/AG14,33.0,144440.00,224099.00,5,T7 - ALUVIÕES DO TEJO,,BENAVENTE,2025-07-17 14:15:54.575671+00
4604,2006-10-11 00:00:00+00,391/AG14,48.0,144440.00,224099.00,5,T7 - ALUVIÕES DO TEJO,,BENAVENTE,2025-07-17 14:15:54.575671+00
4605,2008-04-03 00:00:00+00,391/AG14,44.26,144440.00,224099.00,5,T7 - ALUVIÕES DO TEJO,,BENAVENTE,2025-07-17 14:15:54.575671+00
4606,2008-10-20 00:00:00+00,391/AG14,22.0,144440.00,224099.00,5,T7 - ALUVIÕES DO TEJO,,BENAVENTE,2025-07-17 14:15:54.575671+00
4607,2009-04-20 00:00:00+00,391/AG14,29.0,144440.00,224099.00,5,T7 - ALUVIÕES DO TEJO,,BENAVENTE,2025-07-17 14:15:54.575671+00
4608,2009-09-22 00:00:00+00,391/AG14,53.16,144440.00,224099.00,5,T7 - ALUVIÕES DO TEJO,,BENAVENTE,2025-07-17 14:15:54.575671+00
4609,2010-06-22 17:40:00+00,391/AG14,110.0,144440.00,224099.00,5,T7 - ALUVIÕES DO TEJO,,BENAVENTE,2025-07-17 14:15:54.575671+00
4610,2012-11-26 09:05:00+00,391/AG14,59.0,144440.00,224099.00,5,T7 - ALUVIÕES DO TEJO,,BENAVENTE,2025-07-17 14:15:54.575671+00
4611,2013-04-01 08:50:00+00,391/AG14,57.0,144440.00,224099.00,5,T7 - ALUVIÕES DO TEJO,,BENAVENTE,2025-07-17 14:15:54.575671+00
4612,2013-11-19 10:00:00+00,391/AG14,54.0,144440.00,224099.00,5,T7 - ALUVIÕES DO TEJO,,BENAVENTE,2025-07-17 14:15:54.575671+00
4613,2014-03-24 11:15:00+00,391/AG14,11.0,144440.00,224099.00,5,T7 - ALUVIÕES DO TEJO,,BENAVENTE,2025-07-17 14:15:54.575671+00
4614,2014-10-13 10:30:00+00,391/AG14,15.0,144440.00,224099.00,5,T7 - ALUVIÕES DO TEJO,,BENAVENTE,2025-07-17 14:15:54.575671+00
4615,2015-03-16 12:10:00+00,391/AG14,48.0,144440.00,224099.00,5,T7 - ALUVIÕES DO TEJO,,BENAVENTE,2025-07-17 14:15:54.575671+00
4616,2015-10-13 11:45:00+00,391/AG14,33.0,144440.00,224099.00,5,T7 - ALUVIÕES DO TEJO,,BENAVENTE,2025-07-17 14:15:54.575671+00
4617,2016-03-15 00:00:00+00,391/AG14,40.0,144440.00,224099.00,5,T7 - ALUVIÕES DO TEJO,,BENAVENTE,2025-07-17 14:15:54.575671+00
4618,2016-10-11 12:05:00+00,391/AG14,40.0,144440.00,224099.00,5,T7 - ALUVIÕES DO TEJO,,BENAVENTE,2025-07-17 14:15:54.575671+00
4619,2017-03-22 11:35:00+00,391/AG14,40.0,144440.00,224099.00,5,T7 - ALUVIÕES DO TEJO,,BENAVENTE,2025-07-17 14:15:54.575671+00
4620,2017-09-25 10:50:00+00,391/AG14,35.0,144440.00,224099.00,5,T7 - ALUVIÕES DO TEJO,,BENAVENTE,2025-07-17 14:15:54.575671+00
4621,2018-05-10 10:40:00+00,391/AG14,66.0,144440.00,224099.00,5,T7 - ALUVIÕES DO TEJO,,BENAVENTE,2025-07-17 14:15:54.575671+00
4622,2018-09-24 11:05:00+00,391/AG14,40.0,144440.00,224099.00,5,T7 - ALUVIÕES DO TEJO,,BENAVENTE,2025-07-17 14:15:54.575671+00
4623,2019-03-18 11:15:00+00,391/AG14,44.0,144440.00,224099.00,5,T7 - ALUVIÕES DO TEJO,,BENAVENTE,2025-07-17 14:15:54.575671+00
4624,2019-10-08 11:15:00+00,391/AG14,31.0,144440.00,224099.00,5,T7 - ALUVIÕES DO TEJO,,BENAVENTE,2025-07-17 14:15:54.575671+00
4625,2020-03-04 11:15:00+00,391/AG14,50.0,144440.00,224099.00,5,T7 - ALUVIÕES DO TEJO,,BENAVENTE,2025-07-17 14:15:54.575671+00
4626,2020-09-07 12:30:00+00,391/AG14,43.0,144440.00,224099.00,5,T7 - ALUVIÕES DO TEJO,,BENAVENTE,2025-07-17 14:15:54.575671+00
4627,2021-02-23 11:10:00+00,391/AG14,98.0,144440.00,224099.00,5,T7 - ALUVIÕES DO TEJO,,BENAVENTE,2025-07-17 14:15:54.575671+00
4628,2021-09-28 11:00:00+00,391/AG14,50.0,144440.00,224099.00,5,T7 - ALUVIÕES DO TEJO,,BENAVENTE,2025-07-17 14:15:54.575671+00
4629,2022-03-15 10:50:00+00,391/AG14,42.0,144440.00,224099.00,5,T7 - ALUVIÕES DO TEJO,,BENAVENTE,2025-07-17 14:15:54.575671+00
4630,2022-09-27 10:30:00+00,391/AG14,50.0,144440.00,224099.00,5,T7 - ALUVIÕES DO TEJO,,BENAVENTE,2025-07-17 14:15:54.575671+00
4631,2023-09-18 11:00:00+00,391/AG14,40.0,144440.00,224099.00,5,T7 - ALUVIÕES DO TEJO,,BENAVENTE,2025-07-17 14:15:54.575671+00
4632,2000-03-13 00:00:00+00,404/69,0.46,134850.00,210870.00,5,T7 - ALUVIÕES DO TEJO,,SAMORA CORREIA,2025-07-17 14:15:54.575671+00
4633,2000-10-02 00:00:00+00,404/69,0.18,134850.00,210870.00,5,T7 - ALUVIÕES DO TEJO,,SAMORA CORREIA,2025-07-17 14:15:54.575671+00
4634,2001-03-05 00:00:00+00,404/69,0.18,134850.00,210870.00,5,T7 - ALUVIÕES DO TEJO,,SAMORA CORREIA,2025-07-17 14:15:54.575671+00
4635,2002-03-04 00:00:00+00,404/69,1.78,134850.00,210870.00,5,T7 - ALUVIÕES DO TEJO,,SAMORA CORREIA,2025-07-17 14:15:54.575671+00
4636,2002-10-28 00:00:00+00,404/69,1.48,134850.00,210870.00,5,T7 - ALUVIÕES DO TEJO,,SAMORA CORREIA,2025-07-17 14:15:54.575671+00
4637,2004-10-06 00:00:00+00,404/69,0.664,134850.00,210870.00,5,T7 - ALUVIÕES DO TEJO,,SAMORA CORREIA,2025-07-17 14:15:54.575671+00
4638,2005-04-06 00:00:00+00,404/69,0.66,134850.00,210870.00,5,T7 - ALUVIÕES DO TEJO,,SAMORA CORREIA,2025-07-17 14:15:54.575671+00
4639,2005-10-11 00:00:00+00,404/69,0.73,134850.00,210870.00,5,T7 - ALUVIÕES DO TEJO,,SAMORA CORREIA,2025-07-17 14:15:54.575671+00
4640,2006-03-20 00:00:00+00,404/69,0.87,134850.00,210870.00,5,T7 - ALUVIÕES DO TEJO,,SAMORA CORREIA,2025-07-17 14:15:54.575671+00
4641,2006-10-11 00:00:00+00,404/69,0.200,134850.00,210870.00,5,T7 - ALUVIÕES DO TEJO,,SAMORA CORREIA,2025-07-17 14:15:54.575671+00
4642,2007-03-28 00:00:00+00,404/69,0.84,134850.00,210870.00,5,T7 - ALUVIÕES DO TEJO,,SAMORA CORREIA,2025-07-17 14:15:54.575671+00
4643,2007-11-05 00:00:00+00,404/69,0.7,134850.00,210870.00,5,T7 - ALUVIÕES DO TEJO,,SAMORA CORREIA,2025-07-17 14:15:54.575671+00
4644,2008-04-03 00:00:00+00,404/69,0.83,134850.00,210870.00,5,T7 - ALUVIÕES DO TEJO,,SAMORA CORREIA,2025-07-17 14:15:54.575671+00
4645,2008-10-20 00:00:00+00,404/69,5.3,134850.00,210870.00,5,T7 - ALUVIÕES DO TEJO,,SAMORA CORREIA,2025-07-17 14:15:54.575671+00
4646,2009-03-17 00:00:00+00,404/69,0.9,134850.00,210870.00,5,T7 - ALUVIÕES DO TEJO,,SAMORA CORREIA,2025-07-17 14:15:54.575671+00
4647,2009-10-26 00:00:00+00,404/69,0.89,134850.00,210870.00,5,T7 - ALUVIÕES DO TEJO,,SAMORA CORREIA,2025-07-17 14:15:54.575671+00
4648,2010-06-22 15:45:00+00,404/69,5.0,134850.00,210870.00,5,T7 - ALUVIÕES DO TEJO,,SAMORA CORREIA,2025-07-17 14:15:54.575671+00
4649,2011-03-29 15:50:00+00,404/69,2.0,134850.00,210870.00,5,T7 - ALUVIÕES DO TEJO,,SAMORA CORREIA,2025-07-17 14:15:54.575671+00
4650,2012-12-17 09:15:00+00,404/69,1.0,134850.00,210870.00,5,T7 - ALUVIÕES DO TEJO,,SAMORA CORREIA,2025-07-17 14:15:54.575671+00
4651,2013-04-02 09:40:00+00,404/69,2.0,134850.00,210870.00,5,T7 - ALUVIÕES DO TEJO,,SAMORA CORREIA,2025-07-17 14:15:54.575671+00
4652,2000-03-13 00:00:00+00,405/17,38.98,136600.00,219500.00,7,T7 - ALUVIÕES DO TEJO,,SAMORA CORREIA,2025-07-17 14:15:54.575671+00
4653,2000-10-02 00:00:00+00,405/17,27.91,136600.00,219500.00,7,T7 - ALUVIÕES DO TEJO,,SAMORA CORREIA,2025-07-17 14:15:54.575671+00
4654,2001-03-05 00:00:00+00,405/17,26.34,136600.00,219500.00,7,T7 - ALUVIÕES DO TEJO,,SAMORA CORREIA,2025-07-17 14:15:54.575671+00
4655,2002-10-28 00:00:00+00,405/17,23.02,136600.00,219500.00,7,T7 - ALUVIÕES DO TEJO,,SAMORA CORREIA,2025-07-17 14:15:54.575671+00
4656,2003-03-10 00:00:00+00,405/17,51.19,136600.00,219500.00,7,T7 - ALUVIÕES DO TEJO,,SAMORA CORREIA,2025-07-17 14:15:54.575671+00
4657,2005-05-03 00:00:00+00,405/17,4.96,136600.00,219500.00,7,T7 - ALUVIÕES DO TEJO,,SAMORA CORREIA,2025-07-17 14:15:54.575671+00
4658,2005-10-11 00:00:00+00,405/17,2.8,136600.00,219500.00,7,T7 - ALUVIÕES DO TEJO,,SAMORA CORREIA,2025-07-17 14:15:54.575671+00
4659,2006-03-20 00:00:00+00,405/17,57.0,136600.00,219500.00,7,T7 - ALUVIÕES DO TEJO,,SAMORA CORREIA,2025-07-17 14:15:54.575671+00
4660,2006-10-11 00:00:00+00,405/17,4.39,136600.00,219500.00,7,T7 - ALUVIÕES DO TEJO,,SAMORA CORREIA,2025-07-17 14:15:54.575671+00
4661,2007-03-28 00:00:00+00,405/17,39.38,136600.00,219500.00,7,T7 - ALUVIÕES DO TEJO,,SAMORA CORREIA,2025-07-17 14:15:54.575671+00
4662,2007-11-05 00:00:00+00,405/17,1.8,136600.00,219500.00,7,T7 - ALUVIÕES DO TEJO,,SAMORA CORREIA,2025-07-17 14:15:54.575671+00
4663,2008-04-03 00:00:00+00,405/17,10.15,136600.00,219500.00,7,T7 - ALUVIÕES DO TEJO,,SAMORA CORREIA,2025-07-17 14:15:54.575671+00
4664,2008-10-20 00:00:00+00,405/17,1.24,136600.00,219500.00,7,T7 - ALUVIÕES DO TEJO,,SAMORA CORREIA,2025-07-17 14:15:54.575671+00
4665,2009-03-17 00:00:00+00,405/17,8.2,136600.00,219500.00,7,T7 - ALUVIÕES DO TEJO,,SAMORA CORREIA,2025-07-17 14:15:54.575671+00
4666,2009-10-26 00:00:00+00,405/17,1.0,136600.00,219500.00,7,T7 - ALUVIÕES DO TEJO,,SAMORA CORREIA,2025-07-17 14:15:54.575671+00
4667,2010-06-22 17:15:00+00,405/17,2.000,136600.00,219500.00,7,T7 - ALUVIÕES DO TEJO,,SAMORA CORREIA,2025-07-17 14:15:54.575671+00
4668,2011-03-29 13:30:00+00,405/17,2.000,136600.00,219500.00,7,T7 - ALUVIÕES DO TEJO,,SAMORA CORREIA,2025-07-17 14:15:54.575671+00
4669,2012-12-17 08:55:00+00,405/17,0.890,136600.00,219500.00,7,T7 - ALUVIÕES DO TEJO,,SAMORA CORREIA,2025-07-17 14:15:54.575671+00
4670,2013-04-02 09:20:00+00,405/17,0.890,136600.00,219500.00,7,T7 - ALUVIÕES DO TEJO,,SAMORA CORREIA,2025-07-17 14:15:54.575671+00
4671,2013-11-19 11:50:00+00,405/17,2.000,136600.00,219500.00,7,T7 - ALUVIÕES DO TEJO,,SAMORA CORREIA,2025-07-17 14:15:54.575671+00
4672,2014-04-14 09:30:00+00,405/17,0.890,136600.00,219500.00,7,T7 - ALUVIÕES DO TEJO,,SAMORA CORREIA,2025-07-17 14:15:54.575671+00
4673,2014-10-27 09:00:00+00,405/17,1.5,136600.00,219500.00,7,T7 - ALUVIÕES DO TEJO,,SAMORA CORREIA,2025-07-17 14:15:54.575671+00
4674,2015-04-13 12:10:00+00,405/17,8.1,136600.00,219500.00,7,T7 - ALUVIÕES DO TEJO,,SAMORA CORREIA,2025-07-17 14:15:54.575671+00
4675,2015-11-10 11:30:00+00,405/17,10.0,136600.00,219500.00,7,T7 - ALUVIÕES DO TEJO,,SAMORA CORREIA,2025-07-17 14:15:54.575671+00
4676,2016-04-14 10:50:00+00,405/17,0.890,136600.00,219500.00,7,T7 - ALUVIÕES DO TEJO,,SAMORA CORREIA,2025-07-17 14:15:54.575671+00
4677,2016-11-03 11:10:00+00,405/17,0.890,136600.00,219500.00,7,T7 - ALUVIÕES DO TEJO,,SAMORA CORREIA,2025-07-17 14:15:54.575671+00
4678,2017-03-08 16:00:00+00,405/17,1.2,136600.00,219500.00,7,T7 - ALUVIÕES DO TEJO,,SAMORA CORREIA,2025-07-17 14:15:54.575671+00
4679,2017-10-17 00:00:00+00,405/17,0.890,136600.00,219500.00,7,T7 - ALUVIÕES DO TEJO,,SAMORA CORREIA,2025-07-17 14:15:54.575671+00
4680,2018-05-02 11:40:00+00,405/17,26.0,136600.00,219500.00,7,T7 - ALUVIÕES DO TEJO,,SAMORA CORREIA,2025-07-17 14:15:54.575671+00
4681,2018-09-17 11:15:00+00,405/17,0.890,136600.00,219500.00,7,T7 - ALUVIÕES DO TEJO,,SAMORA CORREIA,2025-07-17 14:15:54.575671+00
4682,2019-03-18 11:40:00+00,405/17,15.0,136600.00,219500.00,7,T7 - ALUVIÕES DO TEJO,,SAMORA CORREIA,2025-07-17 14:15:54.575671+00
4683,2019-10-08 11:40:00+00,405/17,0.890,136600.00,219500.00,7,T7 - ALUVIÕES DO TEJO,,SAMORA CORREIA,2025-07-17 14:15:54.575671+00
4684,2020-03-04 11:30:00+00,405/17,2.1,136600.00,219500.00,7,T7 - ALUVIÕES DO TEJO,,SAMORA CORREIA,2025-07-17 14:15:54.575671+00
4685,2020-09-07 13:30:00+00,405/17,0.890,136600.00,219500.00,7,T7 - ALUVIÕES DO TEJO,,SAMORA CORREIA,2025-07-17 14:15:54.575671+00
4686,2021-02-23 11:45:00+00,405/17,48.0,136600.00,219500.00,7,T7 - ALUVIÕES DO TEJO,,SAMORA CORREIA,2025-07-17 14:15:54.575671+00
4687,2021-09-28 11:45:00+00,405/17,0.890,136600.00,219500.00,7,T7 - ALUVIÕES DO TEJO,,SAMORA CORREIA,2025-07-17 14:15:54.575671+00
4688,2022-03-15 11:35:00+00,405/17,0.890,136600.00,219500.00,7,T7 - ALUVIÕES DO TEJO,,SAMORA CORREIA,2025-07-17 14:15:54.575671+00
4689,2022-09-27 11:00:00+00,405/17,26.0,136600.00,219500.00,7,T7 - ALUVIÕES DO TEJO,,SAMORA CORREIA,2025-07-17 14:15:54.575671+00
4690,2023-04-11 00:00:00+00,405/17,0.890,136600.00,219500.00,7,T7 - ALUVIÕES DO TEJO,,SAMORA CORREIA,2025-07-17 14:15:54.575671+00
4691,2023-09-18 11:55:00+00,405/17,0.890,136600.00,219500.00,7,T7 - ALUVIÕES DO TEJO,,SAMORA CORREIA,2025-07-17 14:15:54.575671+00
4692,2018-05-02 11:10:00+00,405/32,0.890,136682.00,212681.00,,T7 - ALUVIÕES DO TEJO,EM SERVIÇO,SAMORA CORREIA,2025-07-17 14:15:54.575671+00
4693,2018-09-17 10:45:00+00,405/32,0.890,136682.00,212681.00,,T7 - ALUVIÕES DO TEJO,EM SERVIÇO,SAMORA CORREIA,2025-07-17 14:15:54.575671+00
4694,2019-03-19 11:55:00+00,405/32,1.3,136682.00,212681.00,,T7 - ALUVIÕES DO TEJO,EM SERVIÇO,SAMORA CORREIA,2025-07-17 14:15:54.575671+00
4695,2020-03-05 00:00:00+00,405/32,1.1,136682.00,212681.00,,T7 - ALUVIÕES DO TEJO,EM SERVIÇO,SAMORA CORREIA,2025-07-17 14:15:54.575671+00
4696,2020-10-12 10:25:00+00,405/32,0.890,136682.00,212681.00,,T7 - ALUVIÕES DO TEJO,EM SERVIÇO,SAMORA CORREIA,2025-07-17 14:15:54.575671+00
4697,2021-09-27 11:50:00+00,405/32,0.890,136682.00,212681.00,,T7 - ALUVIÕES DO TEJO,EM SERVIÇO,SAMORA CORREIA,2025-07-17 14:15:54.575671+00
4698,2022-03-16 11:35:00+00,405/32,0.890,136682.00,212681.00,,T7 - ALUVIÕES DO TEJO,EM SERVIÇO,SAMORA CORREIA,2025-07-17 14:15:54.575671+00
4699,2022-09-28 11:30:00+00,405/32,1.9,136682.00,212681.00,,T7 - ALUVIÕES DO TEJO,EM SERVIÇO,SAMORA CORREIA,2025-07-17 14:15:54.575671+00
4700,2023-04-05 11:35:00+00,405/32,0.890,136682.00,212681.00,,T7 - ALUVIÕES DO TEJO,EM SERVIÇO,SAMORA CORREIA,2025-07-17 14:15:54.575671+00
4701,2023-10-11 11:40:00+00,405/32,0.890,136682.00,212681.00,,T7 - ALUVIÕES DO TEJO,EM SERVIÇO,SAMORA CORREIA,2025-07-17 14:15:54.575671+00
4702,2006-03-20 00:00:00+00,405/AG6,110.0,139649.00,211339.00,35,T7 - ALUVIÕES DO TEJO,,SAMORA CORREIA,2025-07-17 14:15:54.575671+00
4703,2007-03-28 00:00:00+00,405/AG6,84.0,139649.00,211339.00,35,T7 - ALUVIÕES DO TEJO,,SAMORA CORREIA,2025-07-17 14:15:54.575671+00
4704,2008-04-03 00:00:00+00,405/AG6,66.0,139649.00,211339.00,35,T7 - ALUVIÕES DO TEJO,,SAMORA CORREIA,2025-07-17 14:15:54.575671+00
4705,2008-10-20 00:00:00+00,405/AG6,32.0,139649.00,211339.00,35,T7 - ALUVIÕES DO TEJO,,SAMORA CORREIA,2025-07-17 14:15:54.575671+00
4706,2009-03-17 00:00:00+00,405/AG6,37.0,139649.00,211339.00,35,T7 - ALUVIÕES DO TEJO,,SAMORA CORREIA,2025-07-17 14:15:54.575671+00
4707,2009-10-26 00:00:00+00,405/AG6,24.808,139649.00,211339.00,35,T7 - ALUVIÕES DO TEJO,,SAMORA CORREIA,2025-07-17 14:15:54.575671+00
4708,2018-03-27 09:20:00+00,418/15,6.2,132260.00,207520.00,9,T7 - ALUVIÕES DO TEJO,EM SERVIÇO,SAMORA CORREIA,2025-07-17 14:15:54.575671+00
4709,2018-09-17 12:10:00+00,418/15,1.9,132260.00,207520.00,9,T7 - ALUVIÕES DO TEJO,EM SERVIÇO,SAMORA CORREIA,2025-07-17 14:15:54.575671+00
4710,2019-03-19 12:10:00+00,418/15,1.3,132260.00,207520.00,9,T7 - ALUVIÕES DO TEJO,EM SERVIÇO,SAMORA CORREIA,2025-07-17 14:15:54.575671+00
4711,2020-03-05 00:00:00+00,418/15,1.2,132260.00,207520.00,9,T7 - ALUVIÕES DO TEJO,EM SERVIÇO,SAMORA CORREIA,2025-07-17 14:15:54.575671+00
4712,2020-10-12 11:25:00+00,418/15,1.3,132260.00,207520.00,9,T7 - ALUVIÕES DO TEJO,EM SERVIÇO,SAMORA CORREIA,2025-07-17 14:15:54.575671+00
4713,2021-02-22 12:30:00+00,418/15,1.2,132260.00,207520.00,9,T7 - ALUVIÕES DO TEJO,EM SERVIÇO,SAMORA CORREIA,2025-07-17 14:15:54.575671+00
4714,2022-09-28 12:20:00+00,418/15,8.5,132260.00,207520.00,9,T7 - ALUVIÕES DO TEJO,EM SERVIÇO,SAMORA CORREIA,2025-07-17 14:15:54.575671+00
4715,2023-04-05 12:20:00+00,418/15,0.890,132260.00,207520.00,9,T7 - ALUVIÕES DO TEJO,EM SERVIÇO,SAMORA CORREIA,2025-07-17 14:15:54.575671+00
4716,2023-10-11 12:50:00+00,418/15,0.890,132260.00,207520.00,9,T7 - ALUVIÕES DO TEJO,EM SERVIÇO,SAMORA CORREIA,2025-07-17 14:15:54.575671+00
4717,2000-03-13 00:00:00+00,418/4,0.22,135060.00,204980.00,16,T7 - ALUVIÕES DO TEJO,SELADO,SAMORA CORREIA,2025-07-17 14:15:54.575671+00
4718,2000-10-02 00:00:00+00,418/4,0.75,135060.00,204980.00,16,T7 - ALUVIÕES DO TEJO,SELADO,SAMORA CORREIA,2025-07-17 14:15:54.575671+00
4719,2001-03-05 00:00:00+00,418/4,0.7,135060.00,204980.00,16,T7 - ALUVIÕES DO TEJO,SELADO,SAMORA CORREIA,2025-07-17 14:15:54.575671+00
4720,2002-03-04 00:00:00+00,418/4,0.97,135060.00,204980.00,16,T7 - ALUVIÕES DO TEJO,SELADO,SAMORA CORREIA,2025-07-17 14:15:54.575671+00
4721,2002-10-28 00:00:00+00,418/4,0.84,135060.00,204980.00,16,T7 - ALUVIÕES DO TEJO,SELADO,SAMORA CORREIA,2025-07-17 14:15:54.575671+00
4722,2003-03-10 00:00:00+00,418/4,0.84,135060.00,204980.00,16,T7 - ALUVIÕES DO TEJO,SELADO,SAMORA CORREIA,2025-07-17 14:15:54.575671+00
4723,2004-03-01 00:00:00+00,418/4,0.66,135060.00,204980.00,16,T7 - ALUVIÕES DO TEJO,SELADO,SAMORA CORREIA,2025-07-17 14:15:54.575671+00
4724,2005-04-06 00:00:00+00,418/4,0.66,135060.00,204980.00,16,T7 - ALUVIÕES DO TEJO,SELADO,SAMORA CORREIA,2025-07-17 14:15:54.575671+00
4725,2005-10-11 00:00:00+00,418/4,0.71,135060.00,204980.00,16,T7 - ALUVIÕES DO TEJO,SELADO,SAMORA CORREIA,2025-07-17 14:15:54.575671+00
4726,2006-03-20 00:00:00+00,418/4,0.64,135060.00,204980.00,16,T7 - ALUVIÕES DO TEJO,SELADO,SAMORA CORREIA,2025-07-17 14:15:54.575671+00
4727,2006-10-11 00:00:00+00,418/4,0.84,135060.00,204980.00,16,T7 - ALUVIÕES DO TEJO,SELADO,SAMORA CORREIA,2025-07-17 14:15:54.575671+00
4728,2007-03-28 00:00:00+00,418/4,0.84,135060.00,204980.00,16,T7 - ALUVIÕES DO TEJO,SELADO,SAMORA CORREIA,2025-07-17 14:15:54.575671+00
4729,2007-11-05 00:00:00+00,418/4,0.84,135060.00,204980.00,16,T7 - ALUVIÕES DO TEJO,SELADO,SAMORA CORREIA,2025-07-17 14:15:54.575671+00
4730,2008-04-03 00:00:00+00,418/4,0.84,135060.00,204980.00,16,T7 - ALUVIÕES DO TEJO,SELADO,SAMORA CORREIA,2025-07-17 14:15:54.575671+00
4731,2008-10-20 00:00:00+00,418/4,0.84,135060.00,204980.00,16,T7 - ALUVIÕES DO TEJO,SELADO,SAMORA CORREIA,2025-07-17 14:15:54.575671+00
4732,2009-03-17 00:00:00+00,418/4,0.886,135060.00,204980.00,16,T7 - ALUVIÕES DO TEJO,SELADO,SAMORA CORREIA,2025-07-17 14:15:54.575671+00
4733,2009-10-26 00:00:00+00,418/4,0.886,135060.00,204980.00,16,T7 - ALUVIÕES DO TEJO,SELADO,SAMORA CORREIA,2025-07-17 14:15:54.575671+00
4734,2010-06-22 14:45:00+00,418/4,2.000,135060.00,204980.00,16,T7 - ALUVIÕES DO TEJO,SELADO,SAMORA CORREIA,2025-07-17 14:15:54.575671+00
4735,2011-03-29 16:20:00+00,418/4,2.000,135060.00,204980.00,16,T7 - ALUVIÕES DO TEJO,SELADO,SAMORA CORREIA,2025-07-17 14:15:54.575671+00
4736,2012-12-17 09:50:00+00,418/4,0.890,135060.00,204980.00,16,T7 - ALUVIÕES DO TEJO,SELADO,SAMORA CORREIA,2025-07-17 14:15:54.575671+00
4737,2013-04-02 10:20:00+00,418/4,0.890,135060.00,204980.00,16,T7 - ALUVIÕES DO TEJO,SELADO,SAMORA CORREIA,2025-07-17 14:15:54.575671+00
4738,2013-11-19 11:30:00+00,418/4,2.0,135060.00,204980.00,16,T7 - ALUVIÕES DO TEJO,SELADO,SAMORA CORREIA,2025-07-17 14:15:54.575671+00
4739,2014-04-14 10:30:00+00,418/4,0.890,135060.00,204980.00,16,T7 - ALUVIÕES DO TEJO,SELADO,SAMORA CORREIA,2025-07-17 14:15:54.575671+00
4740,2014-10-27 10:50:00+00,418/4,0.890,135060.00,204980.00,16,T7 - ALUVIÕES DO TEJO,SELADO,SAMORA CORREIA,2025-07-17 14:15:54.575671+00
4741,2015-04-13 11:10:00+00,418/4,0.890,135060.00,204980.00,16,T7 - ALUVIÕES DO TEJO,SELADO,SAMORA CORREIA,2025-07-17 14:15:54.575671+00
4742,2015-11-10 10:30:00+00,418/4,1.3,135060.00,204980.00,16,T7 - ALUVIÕES DO TEJO,SELADO,SAMORA CORREIA,2025-07-17 14:15:54.575671+00
4743,2016-04-14 12:10:00+00,418/4,0.890,135060.00,204980.00,16,T7 - ALUVIÕES DO TEJO,SELADO,SAMORA CORREIA,2025-07-17 14:15:54.575671+00
4744,2016-11-03 12:10:00+00,418/4,0.890,135060.00,204980.00,16,T7 - ALUVIÕES DO TEJO,SELADO,SAMORA CORREIA,2025-07-17 14:15:54.575671+00
4745,2006-03-20 00:00:00+00,418/AG49,160.0,131467.00,204958.00,7,T7 - ALUVIÕES DO TEJO,,SAMORA CORREIA,2025-07-17 14:15:54.575671+00
4746,2007-03-28 00:00:00+00,418/AG49,150.0,131467.00,204958.00,7,T7 - ALUVIÕES DO TEJO,,SAMORA CORREIA,2025-07-17 14:15:54.575671+00
4747,2007-11-05 00:00:00+00,418/AG49,120.0,131467.00,204958.00,7,T7 - ALUVIÕES DO TEJO,,SAMORA CORREIA,2025-07-17 14:15:54.575671+00
4748,2008-04-03 00:00:00+00,418/AG49,22.0,131467.00,204958.00,7,T7 - ALUVIÕES DO TEJO,,SAMORA CORREIA,2025-07-17 14:15:54.575671+00
4749,2008-10-20 00:00:00+00,418/AG49,76.0,131467.00,204958.00,7,T7 - ALUVIÕES DO TEJO,,SAMORA CORREIA,2025-07-17 14:15:54.575671+00
4750,2009-03-17 00:00:00+00,418/AG49,160.0,131467.00,204958.00,7,T7 - ALUVIÕES DO TEJO,,SAMORA CORREIA,2025-07-17 14:15:54.575671+00
4751,2009-10-26 00:00:00+00,418/AG49,130.0,131467.00,204958.00,7,T7 - ALUVIÕES DO TEJO,,SAMORA CORREIA,2025-07-17 14:15:54.575671+00
4752,2010-06-22 15:15:00+00,418/AG49,12.0,131467.00,204958.00,7,T7 - ALUVIÕES DO TEJO,,SAMORA CORREIA,2025-07-17 14:15:54.575671+00
4753,2011-03-29 17:00:00+00,418/AG49,18.0,131467.00,204958.00,7,T7 - ALUVIÕES DO TEJO,,SAMORA CORREIA,2025-07-17 14:15:54.575671+00
4754,2012-12-17 09:35:00+00,418/AG49,59.0,131467.00,204958.00,7,T7 - ALUVIÕES DO TEJO,,SAMORA CORREIA,2025-07-17 14:15:54.575671+00
4755,2013-04-02 10:00:00+00,418/AG49,23.0,131467.00,204958.00,7,T7 - ALUVIÕES DO TEJO,,SAMORA CORREIA,2025-07-17 14:15:54.575671+00
4756,2013-11-19 12:50:00+00,418/AG49,14.0,131467.00,204958.00,7,T7 - ALUVIÕES DO TEJO,,SAMORA CORREIA,2025-07-17 14:15:54.575671+00
4757,2014-04-14 10:05:00+00,418/AG49,28.0,131467.00,204958.00,7,T7 - ALUVIÕES DO TEJO,,SAMORA CORREIA,2025-07-17 14:15:54.575671+00
4758,2014-10-27 09:30:00+00,418/AG49,36.0,131467.00,204958.00,7,T7 - ALUVIÕES DO TEJO,,SAMORA CORREIA,2025-07-17 14:15:54.575671+00
4759,2015-04-13 10:50:00+00,418/AG49,42.0,131467.00,204958.00,7,T7 - ALUVIÕES DO TEJO,,SAMORA CORREIA,2025-07-17 14:15:54.575671+00
4760,2015-11-10 10:15:00+00,418/AG49,40.0,131467.00,204958.00,7,T7 - ALUVIÕES DO TEJO,,SAMORA CORREIA,2025-07-17 14:15:54.575671+00
4761,2016-04-14 11:25:00+00,418/AG49,67.0,131467.00,204958.00,7,T7 - ALUVIÕES DO TEJO,,SAMORA CORREIA,2025-07-17 14:15:54.575671+00
4762,2016-11-03 11:35:00+00,418/AG49,95.0,131467.00,204958.00,7,T7 - ALUVIÕES DO TEJO,,SAMORA CORREIA,2025-07-17 14:15:54.575671+00
4763,2017-03-08 11:00:00+00,418/AG49,98.0,131467.00,204958.00,7,T7 - ALUVIÕES DO TEJO,,SAMORA CORREIA,2025-07-17 14:15:54.575671+00
4764,2017-10-17 11:15:00+00,418/AG49,130.0,131467.00,204958.00,7,T7 - ALUVIÕES DO TEJO,,SAMORA CORREIA,2025-07-17 14:15:54.575671+00
4765,2018-05-02 12:10:00+00,418/AG49,95.0,131467.00,204958.00,7,T7 - ALUVIÕES DO TEJO,,SAMORA CORREIA,2025-07-17 14:15:54.575671+00
4766,2018-09-17 11:40:00+00,418/AG49,92.0,131467.00,204958.00,7,T7 - ALUVIÕES DO TEJO,,SAMORA CORREIA,2025-07-17 14:15:54.575671+00
4767,2019-03-19 12:40:00+00,418/AG49,140.0,131467.00,204958.00,7,T7 - ALUVIÕES DO TEJO,,SAMORA CORREIA,2025-07-17 14:15:54.575671+00
4768,2020-10-12 11:05:00+00,418/AG49,170.0,131467.00,204958.00,7,T7 - ALUVIÕES DO TEJO,,SAMORA CORREIA,2025-07-17 14:15:54.575671+00
4769,2021-02-22 12:05:00+00,418/AG49,100.0,131467.00,204958.00,7,T7 - ALUVIÕES DO TEJO,,SAMORA CORREIA,2025-07-17 14:15:54.575671+00
4770,2021-09-27 12:25:00+00,418/AG49,51.0,131467.00,204958.00,7,T7 - ALUVIÕES DO TEJO,,SAMORA CORREIA,2025-07-17 14:15:54.575671+00
4771,2022-03-16 11:55:00+00,418/AG49,170.0,131467.00,204958.00,7,T7 - ALUVIÕES DO TEJO,,SAMORA CORREIA,2025-07-17 14:15:54.575671+00
4772,2022-09-28 12:00:00+00,418/AG49,140.0,131467.00,204958.00,7,T7 - ALUVIÕES DO TEJO,,SAMORA CORREIA,2025-07-17 14:15:54.575671+00
4773,2023-04-05 12:05:00+00,418/AG49,120.0,131467.00,204958.00,7,T7 - ALUVIÕES DO TEJO,,SAMORA CORREIA,2025-07-17 14:15:54.575671+00
4774,2023-10-11 12:10:00+00,418/AG49,160.0,131467.00,204958.00,7,T7 - ALUVIÕES DO TEJO,,SAMORA CORREIA,2025-07-17 14:15:54.575671+00
4775,2006-11-09 00:00:00+00,419/AG3,100.0,136088.00,204799.00,19,T7 - ALUVIÕES DO TEJO,,SAMORA CORREIA,2025-07-17 14:15:54.575671+00
4776,2007-03-28 00:00:00+00,419/AG3,98.0,136088.00,204799.00,19,T7 - ALUVIÕES DO TEJO,,SAMORA CORREIA,2025-07-17 14:15:54.575671+00
4777,2010-06-22 13:45:00+00,419/AG3,130.0,136088.00,204799.00,19,T7 - ALUVIÕES DO TEJO,,SAMORA CORREIA,2025-07-17 14:15:54.575671+00
4778,2014-04-14 11:10:00+00,419/AG3,66.0,136088.00,204799.00,19,T7 - ALUVIÕES DO TEJO,,SAMORA CORREIA,2025-07-17 14:15:54.575671+00
4779,2014-10-27 10:30:00+00,419/AG3,59.0,136088.00,204799.00,19,T7 - ALUVIÕES DO TEJO,,SAMORA CORREIA,2025-07-17 14:15:54.575671+00
4780,2015-04-13 11:30:00+00,419/AG3,84.0,136088.00,204799.00,19,T7 - ALUVIÕES DO TEJO,,SAMORA CORREIA,2025-07-17 14:15:54.575671+00
4781,2015-11-10 10:55:00+00,419/AG3,73.0,136088.00,204799.00,19,T7 - ALUVIÕES DO TEJO,,SAMORA CORREIA,2025-07-17 14:15:54.575671+00
4782,2016-04-14 11:45:00+00,419/AG3,91.0,136088.00,204799.00,19,T7 - ALUVIÕES DO TEJO,,SAMORA CORREIA,2025-07-17 14:15:54.575671+00
4783,2017-03-08 17:00:00+00,419/AG3,71.0,136088.00,204799.00,19,T7 - ALUVIÕES DO TEJO,,SAMORA CORREIA,2025-07-17 14:15:54.575671+00
4784,2017-10-17 00:00:00+00,419/AG3,62.0,136088.00,204799.00,19,T7 - ALUVIÕES DO TEJO,,SAMORA CORREIA,2025-07-17 14:15:54.575671+00
4785,2018-05-02 10:25:00+00,419/AG3,67.0,136088.00,204799.00,19,T7 - ALUVIÕES DO TEJO,,SAMORA CORREIA,2025-07-17 14:15:54.575671+00
4786,2019-03-19 11:25:00+00,419/AG3,80.0,136088.00,204799.00,19,T7 - ALUVIÕES DO TEJO,,SAMORA CORREIA,2025-07-17 14:15:54.575671+00
4787,2020-03-05 00:00:00+00,419/AG3,76.0,136088.00,204799.00,19,T7 - ALUVIÕES DO TEJO,,SAMORA CORREIA,2025-07-17 14:15:54.575671+00
4788,2021-02-22 11:10:00+00,419/AG3,100.0,136088.00,204799.00,19,T7 - ALUVIÕES DO TEJO,,SAMORA CORREIA,2025-07-17 14:15:54.575671+00
4789,2021-09-27 11:10:00+00,419/AG3,110.0,136088.00,204799.00,19,T7 - ALUVIÕES DO TEJO,,SAMORA CORREIA,2025-07-17 14:15:54.575671+00
4790,2022-03-16 11:05:00+00,419/AG3,110.0,136088.00,204799.00,19,T7 - ALUVIÕES DO TEJO,,SAMORA CORREIA,2025-07-17 14:15:54.575671+00
4791,2022-09-28 11:00:00+00,419/AG3,120.0,136088.00,204799.00,19,T7 - ALUVIÕES DO TEJO,,SAMORA CORREIA,2025-07-17 14:15:54.575671+00
4792,2023-04-05 11:10:00+00,419/AG3,66.0,136088.00,204799.00,19,T7 - ALUVIÕES DO TEJO,,SAMORA CORREIA,2025-07-17 14:15:54.575671+00
4793,2023-10-11 11:15:00+00,419/AG3,56.0,136088.00,204799.00,19,T7 - ALUVIÕES DO TEJO,,SAMORA CORREIA,2025-07-17 14:15:54.575671+00