id,data,codigo,condutividade,condcamp20c,coord_x_m,coord_y_m,altitude_m,sistema_aquifero,estado,freguesia,created_at
1,2003-10-13 00:00:00+00,330/231,,407.00,175050.00,275180.00,,T7 - ALUVIÕES DO TEJO,,,2025-07-17 14:16:15.142609+00
2,2004-10-19 00:00:00+00,330/231,,479.00,175050.00,275180.00,,T7 - ALUVIÕES DO TEJO,,,2025-07-17 14:16:15.142609+00
3,2006-05-15 00:00:00+00,330/231,,517.00,175050.00,275180.00,,T7 - ALUVIÕES DO TEJO,,,2025-07-17 14:16:15.142609+00
58,2002-03-11 00:00:00+00,329/10,,417.00,167430.00,271260.00,,T1 - BACIA DO TEJO-SADO / MARGEM DIREITA,,GOLEGÃ,2025-07-17 14:16:15.142609+00
121,2000-04-12 00:00:00+00,329/10,,500.00,167430.00,271260.00,,T1 - BACIA DO TEJO-SADO / MARGEM DIREITA,,GOLEGÃ,2025-07-17 14:16:15.142609+00
122,2000-10-25 00:00:00+00,329/10,,412.00,167430.00,271260.00,,T1 - BACIA DO TEJO-SADO / MARGEM DIREITA,,GOLEGÃ,2025-07-17 14:16:15.142609+00
123,2001-10-23 11:40:00+00,329/10,,480.00,167430.00,271260.00,,T1 - BACIA DO TEJO-SADO / MARGEM DIREITA,,GOLEGÃ,2025-07-17 14:16:15.142609+00
124,2006-09-13 00:00:00+00,330/231,,421.00,175050.00,275180.00,,T7 - ALUVIÕES DO TEJO,,,2025-07-17 14:16:15.142609+00
125,2002-10-29 00:00:00+00,329/10,,458.00,167430.00,271260.00,,T1 - BACIA DO TEJO-SADO / MARGEM DIREITA,,GOLEGÃ,2025-07-17 14:16:15.142609+00
126,2003-03-17 00:00:00+00,329/10,,489.00,167430.00,271260.00,,T1 - BACIA DO TEJO-SADO / MARGEM DIREITA,,GOLEGÃ,2025-07-17 14:16:15.142609+00
127,2003-11-17 00:00:00+00,329/10,,469.00,167430.00,271260.00,,T1 - BACIA DO TEJO-SADO / MARGEM DIREITA,,GOLEGÃ,2025-07-17 14:16:15.142609+00
128,2004-04-14 00:00:00+00,329/10,,432.00,167430.00,271260.00,,T1 - BACIA DO TEJO-SADO / MARGEM DIREITA,,GOLEGÃ,2025-07-17 14:16:15.142609+00
129,2004-10-19 00:00:00+00,329/10,,547.00,167430.00,271260.00,,T1 - BACIA DO TEJO-SADO / MARGEM DIREITA,,GOLEGÃ,2025-07-17 14:16:15.142609+00
130,2006-03-27 00:00:00+00,329/10,,534.00,167430.00,271260.00,,T1 - BACIA DO TEJO-SADO / MARGEM DIREITA,,GOLEGÃ,2025-07-17 14:16:15.142609+00
131,2006-10-03 00:00:00+00,329/10,,530.00,167430.00,271260.00,,T1 - BACIA DO TEJO-SADO / MARGEM DIREITA,,GOLEGÃ,2025-07-17 14:16:15.142609+00
132,2007-04-04 00:00:00+00,329/10,,500.00,167430.00,271260.00,,T1 - BACIA DO TEJO-SADO / MARGEM DIREITA,,GOLEGÃ,2025-07-17 14:16:15.142609+00
133,2007-10-15 00:00:00+00,329/10,,550.00,167430.00,271260.00,,T1 - BACIA DO TEJO-SADO / MARGEM DIREITA,,GOLEGÃ,2025-07-17 14:16:15.142609+00
134,2008-02-27 00:00:00+00,329/10,,540.00,167430.00,271260.00,,T1 - BACIA DO TEJO-SADO / MARGEM DIREITA,,GOLEGÃ,2025-07-17 14:16:15.142609+00
135,2008-10-01 00:00:00+00,329/10,,500.00,167430.00,271260.00,,T1 - BACIA DO TEJO-SADO / MARGEM DIREITA,,GOLEGÃ,2025-07-17 14:16:15.142609+00
161,2000-04-12 00:00:00+00,329/150,,580.00,167360.00,271230.00,,T1 - BACIA DO TEJO-SADO / MARGEM DIREITA,,GOLEGÃ,2025-07-17 14:16:15.142609+00
162,2000-10-25 00:00:00+00,329/150,,484.00,167360.00,271230.00,,T1 - BACIA DO TEJO-SADO / MARGEM DIREITA,,GOLEGÃ,2025-07-17 14:16:15.142609+00
163,2001-10-23 11:20:00+00,329/150,,563.00,167360.00,271230.00,,T1 - BACIA DO TEJO-SADO / MARGEM DIREITA,,GOLEGÃ,2025-07-17 14:16:15.142609+00
164,2002-03-11 00:00:00+00,329/150,,479.00,167360.00,271230.00,,T1 - BACIA DO TEJO-SADO / MARGEM DIREITA,,GOLEGÃ,2025-07-17 14:16:15.142609+00
165,2002-10-29 00:00:00+00,329/150,,532.00,167360.00,271230.00,,T1 - BACIA DO TEJO-SADO / MARGEM DIREITA,,GOLEGÃ,2025-07-17 14:16:15.142609+00
166,2003-03-17 00:00:00+00,329/150,,581.00,167360.00,271230.00,,T1 - BACIA DO TEJO-SADO / MARGEM DIREITA,,GOLEGÃ,2025-07-17 14:16:15.142609+00
167,2003-11-17 00:00:00+00,329/150,,554.00,167360.00,271230.00,,T1 - BACIA DO TEJO-SADO / MARGEM DIREITA,,GOLEGÃ,2025-07-17 14:16:15.142609+00
168,2004-04-14 00:00:00+00,329/150,,492.00,167360.00,271230.00,,T1 - BACIA DO TEJO-SADO / MARGEM DIREITA,,GOLEGÃ,2025-07-17 14:16:15.142609+00
169,2004-10-19 00:00:00+00,329/150,,599.00,167360.00,271230.00,,T1 - BACIA DO TEJO-SADO / MARGEM DIREITA,,GOLEGÃ,2025-07-17 14:16:15.142609+00
440,2000-04-12 00:00:00+00,341/240,,193.00,165584.00,264987.00,,T1 - BACIA DO TEJO-SADO / MARGEM DIREITA,,AZINHAGA,2025-07-17 14:16:15.142609+00
441,2000-10-25 00:00:00+00,341/240,,185.00,165584.00,264987.00,,T1 - BACIA DO TEJO-SADO / MARGEM DIREITA,,AZINHAGA,2025-07-17 14:16:15.142609+00
442,2001-10-23 14:40:00+00,341/240,,225.00,165584.00,264987.00,,T1 - BACIA DO TEJO-SADO / MARGEM DIREITA,,AZINHAGA,2025-07-17 14:16:15.142609+00
443,2002-03-11 00:00:00+00,341/240,,188.00,165584.00,264987.00,,T1 - BACIA DO TEJO-SADO / MARGEM DIREITA,,AZINHAGA,2025-07-17 14:16:15.142609+00
444,2002-10-29 00:00:00+00,341/240,,190.00,165584.00,264987.00,,T1 - BACIA DO TEJO-SADO / MARGEM DIREITA,,AZINHAGA,2025-07-17 14:16:15.142609+00
445,2003-03-18 00:00:00+00,341/240,,194.00,165584.00,264987.00,,T1 - BACIA DO TEJO-SADO / MARGEM DIREITA,,AZINHAGA,2025-07-17 14:16:15.142609+00
446,2003-11-17 00:00:00+00,341/240,,222.00,165584.00,264987.00,,T1 - BACIA DO TEJO-SADO / MARGEM DIREITA,,AZINHAGA,2025-07-17 14:16:15.142609+00
447,2004-04-14 00:00:00+00,341/240,,194.00,165584.00,264987.00,,T1 - BACIA DO TEJO-SADO / MARGEM DIREITA,,AZINHAGA,2025-07-17 14:16:15.142609+00
448,2004-11-15 00:00:00+00,341/240,,198.00,165584.00,264987.00,,T1 - BACIA DO TEJO-SADO / MARGEM DIREITA,,AZINHAGA,2025-07-17 14:16:15.142609+00
449,2006-10-03 00:00:00+00,341/240,,216.00,165584.00,264987.00,,T1 - BACIA DO TEJO-SADO / MARGEM DIREITA,,AZINHAGA,2025-07-17 14:16:15.142609+00
450,2007-04-04 00:00:00+00,341/240,,210.00,165584.00,264987.00,,T1 - BACIA DO TEJO-SADO / MARGEM DIREITA,,AZINHAGA,2025-07-17 14:16:15.142609+00
451,2000-04-12 00:00:00+00,341/241,,289.00,165643.00,266170.00,,T1 - BACIA DO TEJO-SADO / MARGEM DIREITA,EM SERVIÇO,AZINHAGA,2025-07-17 14:16:15.142609+00
452,2000-10-25 00:00:00+00,341/241,,215.00,165643.00,266170.00,,T1 - BACIA DO TEJO-SADO / MARGEM DIREITA,EM SERVIÇO,AZINHAGA,2025-07-17 14:16:15.142609+00
453,2001-10-23 14:20:00+00,341/241,,256.00,165643.00,266170.00,,T1 - BACIA DO TEJO-SADO / MARGEM DIREITA,EM SERVIÇO,AZINHAGA,2025-07-17 14:16:15.142609+00
454,2002-03-11 00:00:00+00,341/241,,214.00,165643.00,266170.00,,T1 - BACIA DO TEJO-SADO / MARGEM DIREITA,EM SERVIÇO,AZINHAGA,2025-07-17 14:16:15.142609+00
455,2002-10-29 00:00:00+00,341/241,,245.00,165643.00,266170.00,,T1 - BACIA DO TEJO-SADO / MARGEM DIREITA,EM SERVIÇO,AZINHAGA,2025-07-17 14:16:15.142609+00
456,2003-03-18 00:00:00+00,341/241,,198.00,165643.00,266170.00,,T1 - BACIA DO TEJO-SADO / MARGEM DIREITA,EM SERVIÇO,AZINHAGA,2025-07-17 14:16:15.142609+00
457,2003-11-17 00:00:00+00,341/241,,221.00,165643.00,266170.00,,T1 - BACIA DO TEJO-SADO / MARGEM DIREITA,EM SERVIÇO,AZINHAGA,2025-07-17 14:16:15.142609+00
458,2004-04-14 00:00:00+00,341/241,,223.00,165643.00,266170.00,,T1 - BACIA DO TEJO-SADO / MARGEM DIREITA,EM SERVIÇO,AZINHAGA,2025-07-17 14:16:15.142609+00
459,2004-11-15 00:00:00+00,341/241,,229.00,165643.00,266170.00,,T1 - BACIA DO TEJO-SADO / MARGEM DIREITA,EM SERVIÇO,AZINHAGA,2025-07-17 14:16:15.142609+00
460,2006-10-03 00:00:00+00,341/241,,211.00,165643.00,266170.00,,T1 - BACIA DO TEJO-SADO / MARGEM DIREITA,EM SERVIÇO,AZINHAGA,2025-07-17 14:16:15.142609+00
461,2007-04-04 00:00:00+00,341/241,,210.00,165643.00,266170.00,,T1 - BACIA DO TEJO-SADO / MARGEM DIREITA,EM SERVIÇO,AZINHAGA,2025-07-17 14:16:15.142609+00
462,2009-06-03 00:00:00+00,341/241,,260.00,165643.00,266170.00,,T1 - BACIA DO TEJO-SADO / MARGEM DIREITA,EM SERVIÇO,AZINHAGA,2025-07-17 14:16:15.142609+00
463,2009-10-28 00:00:00+00,341/241,,220.00,165643.00,266170.00,,T1 - BACIA DO TEJO-SADO / MARGEM DIREITA,EM SERVIÇO,AZINHAGA,2025-07-17 14:16:15.142609+00
464,2012-12-10 10:15:00+00,341/241,260.00,,165643.00,266170.00,,T1 - BACIA DO TEJO-SADO / MARGEM DIREITA,EM SERVIÇO,AZINHAGA,2025-07-17 14:16:15.142609+00
465,2000-03-20 00:00:00+00,341/242,,316.00,163850.00,263000.00,,T1 - BACIA DO TEJO-SADO / MARGEM DIREITA,,POMBALINHO,2025-07-17 14:16:15.142609+00
466,2000-10-09 00:00:00+00,341/242,,267.00,163850.00,263000.00,,T1 - BACIA DO TEJO-SADO / MARGEM DIREITA,,POMBALINHO,2025-07-17 14:16:15.142609+00
467,2002-03-25 00:00:00+00,341/242,,290.00,163850.00,263000.00,,T1 - BACIA DO TEJO-SADO / MARGEM DIREITA,,POMBALINHO,2025-07-17 14:16:15.142609+00
468,2002-10-07 00:00:00+00,341/242,,268.00,163850.00,263000.00,,T1 - BACIA DO TEJO-SADO / MARGEM DIREITA,,POMBALINHO,2025-07-17 14:16:15.142609+00
469,2003-03-25 00:00:00+00,341/242,,292.00,163850.00,263000.00,,T1 - BACIA DO TEJO-SADO / MARGEM DIREITA,,POMBALINHO,2025-07-17 14:16:15.142609+00
470,2003-11-26 00:00:00+00,341/242,,308.00,163850.00,263000.00,,T1 - BACIA DO TEJO-SADO / MARGEM DIREITA,,POMBALINHO,2025-07-17 14:16:15.142609+00
471,2004-04-05 00:00:00+00,341/242,,310.00,163850.00,263000.00,,T1 - BACIA DO TEJO-SADO / MARGEM DIREITA,,POMBALINHO,2025-07-17 14:16:15.142609+00
472,2004-10-25 00:00:00+00,341/242,,308.00,163850.00,263000.00,,T1 - BACIA DO TEJO-SADO / MARGEM DIREITA,,POMBALINHO,2025-07-17 14:16:15.142609+00
473,2006-03-13 00:00:00+00,341/242,,309.00,163850.00,263000.00,,T1 - BACIA DO TEJO-SADO / MARGEM DIREITA,,POMBALINHO,2025-07-17 14:16:15.142609+00
474,2006-11-14 00:00:00+00,341/242,,296.00,163850.00,263000.00,,T1 - BACIA DO TEJO-SADO / MARGEM DIREITA,,POMBALINHO,2025-07-17 14:16:15.142609+00
475,2007-04-11 00:00:00+00,341/242,,310.00,163850.00,263000.00,,T1 - BACIA DO TEJO-SADO / MARGEM DIREITA,,POMBALINHO,2025-07-17 14:16:15.142609+00
476,2007-11-26 00:00:00+00,341/242,,310.00,163850.00,263000.00,,T1 - BACIA DO TEJO-SADO / MARGEM DIREITA,,POMBALINHO,2025-07-17 14:16:15.142609+00
477,2008-04-29 00:00:00+00,341/242,,290.00,163850.00,263000.00,,T1 - BACIA DO TEJO-SADO / MARGEM DIREITA,,POMBALINHO,2025-07-17 14:16:15.142609+00
478,2008-11-05 00:00:00+00,341/242,,290.00,163850.00,263000.00,,T1 - BACIA DO TEJO-SADO / MARGEM DIREITA,,POMBALINHO,2025-07-17 14:16:15.142609+00
479,2009-05-11 00:00:00+00,341/242,,290.00,163850.00,263000.00,,T1 - BACIA DO TEJO-SADO / MARGEM DIREITA,,POMBALINHO,2025-07-17 14:16:15.142609+00
480,2009-10-19 00:00:00+00,341/242,,260.00,163850.00,263000.00,,T1 - BACIA DO TEJO-SADO / MARGEM DIREITA,,POMBALINHO,2025-07-17 14:16:15.142609+00
584,2007-03-26 00:00:00+00,330/231,,630.00,175050.00,275180.00,,T7 - ALUVIÕES DO TEJO,,,2025-07-17 14:16:15.142609+00
660,2000-03-20 00:00:00+00,353/30,,362.00,153980.00,253010.00,,T1 - BACIA DO TEJO-SADO / MARGEM DIREITA,,SANTA IRIA DA RIBEIRA DE SANTARÉM,2025-07-17 14:16:15.142609+00
661,2000-10-09 00:00:00+00,353/30,,314.00,153980.00,253010.00,,T1 - BACIA DO TEJO-SADO / MARGEM DIREITA,,SANTA IRIA DA RIBEIRA DE SANTARÉM,2025-07-17 14:16:15.142609+00
662,2001-03-21 00:00:00+00,353/30,,312.00,153980.00,253010.00,,T1 - BACIA DO TEJO-SADO / MARGEM DIREITA,,SANTA IRIA DA RIBEIRA DE SANTARÉM,2025-07-17 14:16:15.142609+00
663,2002-03-25 00:00:00+00,353/30,,340.00,153980.00,253010.00,,T1 - BACIA DO TEJO-SADO / MARGEM DIREITA,,SANTA IRIA DA RIBEIRA DE SANTARÉM,2025-07-17 14:16:15.142609+00
664,2002-10-07 00:00:00+00,353/30,,303.00,153980.00,253010.00,,T1 - BACIA DO TEJO-SADO / MARGEM DIREITA,,SANTA IRIA DA RIBEIRA DE SANTARÉM,2025-07-17 14:16:15.142609+00
665,2003-03-25 00:00:00+00,353/30,,332.00,153980.00,253010.00,,T1 - BACIA DO TEJO-SADO / MARGEM DIREITA,,SANTA IRIA DA RIBEIRA DE SANTARÉM,2025-07-17 14:16:15.142609+00
666,2003-11-26 00:00:00+00,353/30,,340.00,153980.00,253010.00,,T1 - BACIA DO TEJO-SADO / MARGEM DIREITA,,SANTA IRIA DA RIBEIRA DE SANTARÉM,2025-07-17 14:16:15.142609+00
667,2004-10-25 00:00:00+00,353/30,,351.00,153980.00,253010.00,,T1 - BACIA DO TEJO-SADO / MARGEM DIREITA,,SANTA IRIA DA RIBEIRA DE SANTARÉM,2025-07-17 14:16:15.142609+00
668,2006-03-13 00:00:00+00,353/30,,339.00,153980.00,253010.00,,T1 - BACIA DO TEJO-SADO / MARGEM DIREITA,,SANTA IRIA DA RIBEIRA DE SANTARÉM,2025-07-17 14:16:15.142609+00
669,2006-11-14 00:00:00+00,353/30,,345.00,153980.00,253010.00,,T1 - BACIA DO TEJO-SADO / MARGEM DIREITA,,SANTA IRIA DA RIBEIRA DE SANTARÉM,2025-07-17 14:16:15.142609+00
670,2007-04-11 00:00:00+00,353/30,,350.00,153980.00,253010.00,,T1 - BACIA DO TEJO-SADO / MARGEM DIREITA,,SANTA IRIA DA RIBEIRA DE SANTARÉM,2025-07-17 14:16:15.142609+00
671,2007-11-26 00:00:00+00,353/30,,360.00,153980.00,253010.00,,T1 - BACIA DO TEJO-SADO / MARGEM DIREITA,,SANTA IRIA DA RIBEIRA DE SANTARÉM,2025-07-17 14:16:15.142609+00
672,2008-04-29 00:00:00+00,353/30,,350.00,153980.00,253010.00,,T1 - BACIA DO TEJO-SADO / MARGEM DIREITA,,SANTA IRIA DA RIBEIRA DE SANTARÉM,2025-07-17 14:16:15.142609+00
673,2008-11-05 00:00:00+00,353/30,,330.00,153980.00,253010.00,,T1 - BACIA DO TEJO-SADO / MARGEM DIREITA,,SANTA IRIA DA RIBEIRA DE SANTARÉM,2025-07-17 14:16:15.142609+00
674,2009-10-19 00:00:00+00,353/30,,320.00,153980.00,253010.00,,T1 - BACIA DO TEJO-SADO / MARGEM DIREITA,,SANTA IRIA DA RIBEIRA DE SANTARÉM,2025-07-17 14:16:15.142609+00
675,2014-03-03 00:00:00+00,353/30,269.00,,153980.00,253010.00,,T1 - BACIA DO TEJO-SADO / MARGEM DIREITA,,SANTA IRIA DA RIBEIRA DE SANTARÉM,2025-07-17 14:16:15.142609+00
676,2014-09-01 00:00:00+00,353/30,375.00,,153980.00,253010.00,,T1 - BACIA DO TEJO-SADO / MARGEM DIREITA,,SANTA IRIA DA RIBEIRA DE SANTARÉM,2025-07-17 14:16:15.142609+00
677,2016-09-05 00:00:00+00,353/30,242.00,,153980.00,253010.00,,T1 - BACIA DO TEJO-SADO / MARGEM DIREITA,,SANTA IRIA DA RIBEIRA DE SANTARÉM,2025-07-17 14:16:15.142609+00
678,2017-09-04 00:00:00+00,353/30,520.00,,153980.00,253010.00,,T1 - BACIA DO TEJO-SADO / MARGEM DIREITA,,SANTA IRIA DA RIBEIRA DE SANTARÉM,2025-07-17 14:16:15.142609+00
679,2018-03-05 00:00:00+00,353/30,435.00,,153980.00,253010.00,,T1 - BACIA DO TEJO-SADO / MARGEM DIREITA,,SANTA IRIA DA RIBEIRA DE SANTARÉM,2025-07-17 14:16:15.142609+00
680,2018-09-03 00:00:00+00,353/30,510.00,,153980.00,253010.00,,T1 - BACIA DO TEJO-SADO / MARGEM DIREITA,,SANTA IRIA DA RIBEIRA DE SANTARÉM,2025-07-17 14:16:15.142609+00
681,2020-03-02 00:00:00+00,353/30,437.00,,153980.00,253010.00,,T1 - BACIA DO TEJO-SADO / MARGEM DIREITA,,SANTA IRIA DA RIBEIRA DE SANTARÉM,2025-07-17 14:16:15.142609+00
682,2020-09-07 00:00:00+00,353/30,507.00,,153980.00,253010.00,,T1 - BACIA DO TEJO-SADO / MARGEM DIREITA,,SANTA IRIA DA RIBEIRA DE SANTARÉM,2025-07-17 14:16:15.142609+00
683,2021-03-01 00:00:00+00,353/30,452.00,,153980.00,253010.00,,T1 - BACIA DO TEJO-SADO / MARGEM DIREITA,,SANTA IRIA DA RIBEIRA DE SANTARÉM,2025-07-17 14:16:15.142609+00
684,2021-09-06 00:00:00+00,353/30,481.00,,153980.00,253010.00,,T1 - BACIA DO TEJO-SADO / MARGEM DIREITA,,SANTA IRIA DA RIBEIRA DE SANTARÉM,2025-07-17 14:16:15.142609+00
685,2023-03-27 00:00:00+00,353/30,794.00,,153980.00,253010.00,,T1 - BACIA DO TEJO-SADO / MARGEM DIREITA,,SANTA IRIA DA RIBEIRA DE SANTARÉM,2025-07-17 14:16:15.142609+00
686,2023-09-04 00:00:00+00,353/30,864.00,,153980.00,253010.00,,T1 - BACIA DO TEJO-SADO / MARGEM DIREITA,,SANTA IRIA DA RIBEIRA DE SANTARÉM,2025-07-17 14:16:15.142609+00
806,2004-03-10 00:00:00+00,330/230,,214.00,174000.00,271850.00,,T7 - ALUVIÕES DO TEJO,,,2025-07-17 14:16:15.142609+00
1062,2006-03-13 00:00:00+00,330/230,,262.00,174000.00,271850.00,,T7 - ALUVIÕES DO TEJO,,,2025-07-17 14:16:16.360211+00
1119,2014-05-15 00:00:00+00,330/22,256.00,,174332.00,270792.00,25,T3 - BACIA DO TEJO-SADO / MARGEM ESQUERDA,,PINHEIRO GRANDE,2025-07-17 14:16:16.360211+00
1181,2006-09-11 00:00:00+00,330/230,,227.00,174000.00,271850.00,,T7 - ALUVIÕES DO TEJO,,,2025-07-17 14:16:16.360211+00
1269,2000-04-17 00:00:00+00,353/26,,163.00,166310.00,258300.00,,T3 - BACIA DO TEJO-SADO / MARGEM ESQUERDA,,VALE DE CAVALOS,2025-07-17 14:16:16.360211+00
1270,2000-09-25 00:00:00+00,353/26,,131.00,166310.00,258300.00,,T3 - BACIA DO TEJO-SADO / MARGEM ESQUERDA,,VALE DE CAVALOS,2025-07-17 14:16:16.360211+00
1271,2001-02-19 00:00:00+00,353/26,,131.00,166310.00,258300.00,,T3 - BACIA DO TEJO-SADO / MARGEM ESQUERDA,,VALE DE CAVALOS,2025-07-17 14:16:16.360211+00
1272,2001-10-11 13:00:00+00,353/26,,138.00,166310.00,258300.00,,T3 - BACIA DO TEJO-SADO / MARGEM ESQUERDA,,VALE DE CAVALOS,2025-07-17 14:16:16.360211+00
1273,2002-02-25 12:30:00+00,353/26,,133.00,166310.00,258300.00,,T3 - BACIA DO TEJO-SADO / MARGEM ESQUERDA,,VALE DE CAVALOS,2025-07-17 14:16:16.360211+00
1274,2002-10-02 00:00:00+00,353/26,,164.00,166310.00,258300.00,,T3 - BACIA DO TEJO-SADO / MARGEM ESQUERDA,,VALE DE CAVALOS,2025-07-17 14:16:16.360211+00
1275,2003-09-29 00:00:00+00,353/26,,135.00,166310.00,258300.00,,T3 - BACIA DO TEJO-SADO / MARGEM ESQUERDA,,VALE DE CAVALOS,2025-07-17 14:16:16.360211+00
1276,2004-03-30 00:00:00+00,353/26,,140.00,166310.00,258300.00,,T3 - BACIA DO TEJO-SADO / MARGEM ESQUERDA,,VALE DE CAVALOS,2025-07-17 14:16:16.360211+00
1277,2004-09-27 00:00:00+00,353/26,,238.00,166310.00,258300.00,,T3 - BACIA DO TEJO-SADO / MARGEM ESQUERDA,,VALE DE CAVALOS,2025-07-17 14:16:16.360211+00
1284,2013-01-31 00:00:00+00,353/687,283.00,,163432.00,252892.00,49,T3 - BACIA DO TEJO-SADO / MARGEM ESQUERDA,SELADO,,2025-07-17 14:16:16.360211+00
1303,2007-03-26 00:00:00+00,330/230,,250.00,174000.00,271850.00,,T7 - ALUVIÕES DO TEJO,,,2025-07-17 14:16:16.360211+00
1318,2000-03-27 00:00:00+00,365/18,,202.00,156920.00,248280.00,,T3 - BACIA DO TEJO-SADO / MARGEM ESQUERDA,,ALMEIRIM,2025-07-17 14:16:16.360211+00
1319,2000-10-16 00:00:00+00,365/18,,208.00,156920.00,248280.00,,T3 - BACIA DO TEJO-SADO / MARGEM ESQUERDA,,ALMEIRIM,2025-07-17 14:16:16.360211+00
1320,2001-04-16 11:25:00+00,365/18,,234.00,156920.00,248280.00,,T3 - BACIA DO TEJO-SADO / MARGEM ESQUERDA,,ALMEIRIM,2025-07-17 14:16:16.360211+00
1321,2000-03-27 00:00:00+00,365/27,,200.00,161520.00,244710.00,,T3 - BACIA DO TEJO-SADO / MARGEM ESQUERDA,,FAZENDAS DE ALMEIRIM,2025-07-17 14:16:16.360211+00
1322,2000-10-16 00:00:00+00,365/27,,207.00,161520.00,244710.00,,T3 - BACIA DO TEJO-SADO / MARGEM ESQUERDA,,FAZENDAS DE ALMEIRIM,2025-07-17 14:16:16.360211+00
1323,2001-04-16 10:10:00+00,365/27,,242.00,161520.00,244710.00,,T3 - BACIA DO TEJO-SADO / MARGEM ESQUERDA,,FAZENDAS DE ALMEIRIM,2025-07-17 14:16:16.360211+00
1324,2001-10-10 11:05:00+00,365/27,,239.00,161520.00,244710.00,,T3 - BACIA DO TEJO-SADO / MARGEM ESQUERDA,,FAZENDAS DE ALMEIRIM,2025-07-17 14:16:16.360211+00
1325,2002-04-10 00:00:00+00,365/27,,234.00,161520.00,244710.00,,T3 - BACIA DO TEJO-SADO / MARGEM ESQUERDA,,FAZENDAS DE ALMEIRIM,2025-07-17 14:16:16.360211+00
1326,2002-10-22 00:00:00+00,365/27,,242.00,161520.00,244710.00,,T3 - BACIA DO TEJO-SADO / MARGEM ESQUERDA,,FAZENDAS DE ALMEIRIM,2025-07-17 14:16:16.360211+00
1327,2003-04-15 00:00:00+00,365/27,,222.00,161520.00,244710.00,,T3 - BACIA DO TEJO-SADO / MARGEM ESQUERDA,,FAZENDAS DE ALMEIRIM,2025-07-17 14:16:16.360211+00
1328,2003-11-10 00:00:00+00,365/27,,240.00,161520.00,244710.00,,T3 - BACIA DO TEJO-SADO / MARGEM ESQUERDA,,FAZENDAS DE ALMEIRIM,2025-07-17 14:16:16.360211+00
1329,2004-04-06 00:00:00+00,365/27,,247.00,161520.00,244710.00,,T3 - BACIA DO TEJO-SADO / MARGEM ESQUERDA,,FAZENDAS DE ALMEIRIM,2025-07-17 14:16:16.360211+00
1330,2004-10-11 00:00:00+00,365/27,,228.00,161520.00,244710.00,,T3 - BACIA DO TEJO-SADO / MARGEM ESQUERDA,,FAZENDAS DE ALMEIRIM,2025-07-17 14:16:16.360211+00
1331,2006-10-23 00:00:00+00,365/27,,226.00,161520.00,244710.00,,T3 - BACIA DO TEJO-SADO / MARGEM ESQUERDA,,FAZENDAS DE ALMEIRIM,2025-07-17 14:16:16.360211+00
1332,2007-03-27 00:00:00+00,365/27,,230.00,161520.00,244710.00,,T3 - BACIA DO TEJO-SADO / MARGEM ESQUERDA,,FAZENDAS DE ALMEIRIM,2025-07-17 14:16:16.360211+00
1333,2007-11-14 00:00:00+00,365/27,,240.00,161520.00,244710.00,,T3 - BACIA DO TEJO-SADO / MARGEM ESQUERDA,,FAZENDAS DE ALMEIRIM,2025-07-17 14:16:16.360211+00
1334,2008-04-07 00:00:00+00,365/27,,220.00,161520.00,244710.00,,T3 - BACIA DO TEJO-SADO / MARGEM ESQUERDA,,FAZENDAS DE ALMEIRIM,2025-07-17 14:16:16.360211+00
1335,2009-10-26 00:00:00+00,365/27,,220.00,161520.00,244710.00,,T3 - BACIA DO TEJO-SADO / MARGEM ESQUERDA,,FAZENDAS DE ALMEIRIM,2025-07-17 14:16:16.360211+00
1336,2012-11-12 10:15:00+00,365/27,240.00,,161520.00,244710.00,,T3 - BACIA DO TEJO-SADO / MARGEM ESQUERDA,,FAZENDAS DE ALMEIRIM,2025-07-17 14:16:16.360211+00
1337,2014-05-07 00:00:00+00,365/27,242.00,,161520.00,244710.00,,T3 - BACIA DO TEJO-SADO / MARGEM ESQUERDA,,FAZENDAS DE ALMEIRIM,2025-07-17 14:16:16.360211+00
1338,2017-06-14 00:00:00+00,365/27,244.00,,161520.00,244710.00,,T3 - BACIA DO TEJO-SADO / MARGEM ESQUERDA,,FAZENDAS DE ALMEIRIM,2025-07-17 14:16:16.360211+00
1339,2017-09-28 00:00:00+00,365/27,241.00,,161520.00,244710.00,,T3 - BACIA DO TEJO-SADO / MARGEM ESQUERDA,,FAZENDAS DE ALMEIRIM,2025-07-17 14:16:16.360211+00
1340,2018-05-24 00:00:00+00,365/27,225.00,,161520.00,244710.00,,T3 - BACIA DO TEJO-SADO / MARGEM ESQUERDA,,FAZENDAS DE ALMEIRIM,2025-07-17 14:16:16.360211+00
1341,2018-10-31 00:00:00+00,365/27,242.00,,161520.00,244710.00,,T3 - BACIA DO TEJO-SADO / MARGEM ESQUERDA,,FAZENDAS DE ALMEIRIM,2025-07-17 14:16:16.360211+00
1342,2019-05-14 00:00:00+00,365/27,266.00,,161520.00,244710.00,,T3 - BACIA DO TEJO-SADO / MARGEM ESQUERDA,,FAZENDAS DE ALMEIRIM,2025-07-17 14:16:16.360211+00
1343,2019-09-10 00:00:00+00,365/27,243.00,,161520.00,244710.00,,T3 - BACIA DO TEJO-SADO / MARGEM ESQUERDA,,FAZENDAS DE ALMEIRIM,2025-07-17 14:16:16.360211+00
1344,2020-06-18 00:00:00+00,365/27,249.00,,161520.00,244710.00,,T3 - BACIA DO TEJO-SADO / MARGEM ESQUERDA,,FAZENDAS DE ALMEIRIM,2025-07-17 14:16:16.360211+00
1345,2020-10-14 00:00:00+00,365/27,238.00,,161520.00,244710.00,,T3 - BACIA DO TEJO-SADO / MARGEM ESQUERDA,,FAZENDAS DE ALMEIRIM,2025-07-17 14:16:16.360211+00
1346,2021-04-29 00:00:00+00,365/27,248.00,,161520.00,244710.00,,T3 - BACIA DO TEJO-SADO / MARGEM ESQUERDA,,FAZENDAS DE ALMEIRIM,2025-07-17 14:16:16.360211+00
1347,2021-09-22 00:00:00+00,365/27,235.00,,161520.00,244710.00,,T3 - BACIA DO TEJO-SADO / MARGEM ESQUERDA,,FAZENDAS DE ALMEIRIM,2025-07-17 14:16:16.360211+00
1348,2022-04-06 00:00:00+00,365/27,263.00,,161520.00,244710.00,,T3 - BACIA DO TEJO-SADO / MARGEM ESQUERDA,,FAZENDAS DE ALMEIRIM,2025-07-17 14:16:16.360211+00
1349,2022-09-07 00:00:00+00,365/27,362.00,,161520.00,244710.00,,T3 - BACIA DO TEJO-SADO / MARGEM ESQUERDA,,FAZENDAS DE ALMEIRIM,2025-07-17 14:16:16.360211+00
1350,2023-05-10 00:00:00+00,365/27,260.00,,161520.00,244710.00,,T3 - BACIA DO TEJO-SADO / MARGEM ESQUERDA,,FAZENDAS DE ALMEIRIM,2025-07-17 14:16:16.360211+00
1351,2005-10-06 00:00:00+00,365/AG18,,536.00,167341.00,243744.00,52,T3 - BACIA DO TEJO-SADO / MARGEM ESQUERDA,,FAZENDAS DE ALMEIRIM,2025-07-17 14:16:16.360211+00
1352,2007-03-27 00:00:00+00,365/AG18,,770.00,167341.00,243744.00,52,T3 - BACIA DO TEJO-SADO / MARGEM ESQUERDA,,FAZENDAS DE ALMEIRIM,2025-07-17 14:16:16.360211+00
1353,2007-11-14 00:00:00+00,365/AG18,,870.00,167341.00,243744.00,52,T3 - BACIA DO TEJO-SADO / MARGEM ESQUERDA,,FAZENDAS DE ALMEIRIM,2025-07-17 14:16:16.360211+00
1354,2008-04-07 00:00:00+00,365/AG18,,720.00,167341.00,243744.00,52,T3 - BACIA DO TEJO-SADO / MARGEM ESQUERDA,,FAZENDAS DE ALMEIRIM,2025-07-17 14:16:16.360211+00
1355,2005-10-06 00:00:00+00,365/AG19,,383.00,167982.00,244383.00,51,T3 - BACIA DO TEJO-SADO / MARGEM ESQUERDA,,FAZENDAS DE ALMEIRIM,2025-07-17 14:16:16.360211+00
1356,2007-03-27 00:00:00+00,365/AG19,,330.00,167982.00,244383.00,51,T3 - BACIA DO TEJO-SADO / MARGEM ESQUERDA,,FAZENDAS DE ALMEIRIM,2025-07-17 14:16:16.360211+00
1357,2007-11-14 00:00:00+00,365/AG19,,380.00,167982.00,244383.00,51,T3 - BACIA DO TEJO-SADO / MARGEM ESQUERDA,,FAZENDAS DE ALMEIRIM,2025-07-17 14:16:16.360211+00
1358,2008-04-07 00:00:00+00,365/AG19,,370.00,167982.00,244383.00,51,T3 - BACIA DO TEJO-SADO / MARGEM ESQUERDA,,FAZENDAS DE ALMEIRIM,2025-07-17 14:16:16.360211+00
1359,2005-10-06 00:00:00+00,365/AG25,,1515.00,166194.00,242603.00,50,T3 - BACIA DO TEJO-SADO / MARGEM ESQUERDA,,FAZENDAS DE ALMEIRIM,2025-07-17 14:16:16.360211+00
1360,2007-03-27 00:00:00+00,365/AG25,,310.00,166194.00,242603.00,50,T3 - BACIA DO TEJO-SADO / MARGEM ESQUERDA,,FAZENDAS DE ALMEIRIM,2025-07-17 14:16:16.360211+00
1361,2007-11-14 00:00:00+00,365/AG25,,530.00,166194.00,242603.00,50,T3 - BACIA DO TEJO-SADO / MARGEM ESQUERDA,,FAZENDAS DE ALMEIRIM,2025-07-17 14:16:16.360211+00
1362,2008-04-07 00:00:00+00,365/AG25,,490.00,166194.00,242603.00,50,T3 - BACIA DO TEJO-SADO / MARGEM ESQUERDA,,FAZENDAS DE ALMEIRIM,2025-07-17 14:16:16.360211+00
1363,2008-03-06 00:00:00+00,330/230,,320.00,174000.00,271850.00,,T7 - ALUVIÕES DO TEJO,,,2025-07-17 14:16:16.360211+00
1364,2009-10-26 00:00:00+00,365/AG25,,320.00,166194.00,242603.00,50,T3 - BACIA DO TEJO-SADO / MARGEM ESQUERDA,,FAZENDAS DE ALMEIRIM,2025-07-17 14:16:16.360211+00
1385,2000-03-27 00:00:00+00,377/236,,477.00,150150.00,237050.00,,T3 - BACIA DO TEJO-SADO / MARGEM ESQUERDA,,MUGE,2025-07-17 14:16:16.360211+00
1386,2001-04-16 12:30:00+00,377/236,,362.00,150150.00,237050.00,,T3 - BACIA DO TEJO-SADO / MARGEM ESQUERDA,,MUGE,2025-07-17 14:16:16.360211+00
1387,2001-10-10 14:45:00+00,377/236,,401.00,150150.00,237050.00,,T3 - BACIA DO TEJO-SADO / MARGEM ESQUERDA,,MUGE,2025-07-17 14:16:16.360211+00
1388,2002-04-08 00:00:00+00,377/236,,362.00,150150.00,237050.00,,T3 - BACIA DO TEJO-SADO / MARGEM ESQUERDA,,MUGE,2025-07-17 14:16:16.360211+00
1389,2002-10-22 00:00:00+00,377/236,,363.00,150150.00,237050.00,,T3 - BACIA DO TEJO-SADO / MARGEM ESQUERDA,,MUGE,2025-07-17 14:16:16.360211+00
1390,2003-11-10 00:00:00+00,377/236,,402.00,150150.00,237050.00,,T3 - BACIA DO TEJO-SADO / MARGEM ESQUERDA,,MUGE,2025-07-17 14:16:16.360211+00
1391,2006-04-10 00:00:00+00,377/236,,388.00,150150.00,237050.00,,T3 - BACIA DO TEJO-SADO / MARGEM ESQUERDA,,MUGE,2025-07-17 14:16:16.360211+00
1392,2006-10-24 00:00:00+00,377/236,,387.00,150150.00,237050.00,,T3 - BACIA DO TEJO-SADO / MARGEM ESQUERDA,,MUGE,2025-07-17 14:16:16.360211+00
1393,2007-03-20 00:00:00+00,377/236,,210.00,150150.00,237050.00,,T3 - BACIA DO TEJO-SADO / MARGEM ESQUERDA,,MUGE,2025-07-17 14:16:16.360211+00
1394,2007-11-15 00:00:00+00,377/236,,380.00,150150.00,237050.00,,T3 - BACIA DO TEJO-SADO / MARGEM ESQUERDA,,MUGE,2025-07-17 14:16:16.360211+00
1395,2008-04-14 00:00:00+00,377/236,,330.00,150150.00,237050.00,,T3 - BACIA DO TEJO-SADO / MARGEM ESQUERDA,,MUGE,2025-07-17 14:16:16.360211+00
1396,2009-04-27 00:00:00+00,377/236,,340.00,150150.00,237050.00,,T3 - BACIA DO TEJO-SADO / MARGEM ESQUERDA,,MUGE,2025-07-17 14:16:16.360211+00
1397,2009-09-23 00:00:00+00,377/236,,340.00,150150.00,237050.00,,T3 - BACIA DO TEJO-SADO / MARGEM ESQUERDA,,MUGE,2025-07-17 14:16:16.360211+00
1409,2000-03-27 00:00:00+00,378/57,,261.00,152550.00,231100.00,,T3 - BACIA DO TEJO-SADO / MARGEM ESQUERDA,,MARINHAIS,2025-07-17 14:16:16.360211+00
1410,2000-10-16 00:00:00+00,378/57,,194.00,152550.00,231100.00,,T3 - BACIA DO TEJO-SADO / MARGEM ESQUERDA,,MARINHAIS,2025-07-17 14:16:16.360211+00
1411,2001-04-16 11:30:00+00,378/57,,221.00,152550.00,231100.00,,T3 - BACIA DO TEJO-SADO / MARGEM ESQUERDA,,MARINHAIS,2025-07-17 14:16:16.360211+00
1412,2001-10-10 15:20:00+00,378/57,,251.00,152550.00,231100.00,,T3 - BACIA DO TEJO-SADO / MARGEM ESQUERDA,,MARINHAIS,2025-07-17 14:16:16.360211+00
1413,2002-04-08 00:00:00+00,378/57,,206.00,152550.00,231100.00,,T3 - BACIA DO TEJO-SADO / MARGEM ESQUERDA,,MARINHAIS,2025-07-17 14:16:16.360211+00
1414,2002-10-22 00:00:00+00,378/57,,248.00,152550.00,231100.00,,T3 - BACIA DO TEJO-SADO / MARGEM ESQUERDA,,MARINHAIS,2025-07-17 14:16:16.360211+00
1415,2003-04-09 00:00:00+00,378/57,,269.00,152550.00,231100.00,,T3 - BACIA DO TEJO-SADO / MARGEM ESQUERDA,,MARINHAIS,2025-07-17 14:16:16.360211+00
1416,2004-10-11 00:00:00+00,378/57,,218.00,152550.00,231100.00,,T3 - BACIA DO TEJO-SADO / MARGEM ESQUERDA,,MARINHAIS,2025-07-17 14:16:16.360211+00
1417,2006-04-10 00:00:00+00,378/57,,218.00,152550.00,231100.00,,T3 - BACIA DO TEJO-SADO / MARGEM ESQUERDA,,MARINHAIS,2025-07-17 14:16:16.360211+00
1418,2006-10-24 00:00:00+00,378/57,,234.00,152550.00,231100.00,,T3 - BACIA DO TEJO-SADO / MARGEM ESQUERDA,,MARINHAIS,2025-07-17 14:16:16.360211+00
1419,2007-03-20 00:00:00+00,378/57,,260.00,152550.00,231100.00,,T3 - BACIA DO TEJO-SADO / MARGEM ESQUERDA,,MARINHAIS,2025-07-17 14:16:16.360211+00
1420,2007-11-15 00:00:00+00,378/57,,210.00,152550.00,231100.00,,T3 - BACIA DO TEJO-SADO / MARGEM ESQUERDA,,MARINHAIS,2025-07-17 14:16:16.360211+00
1421,2008-04-14 00:00:00+00,378/57,,240.00,152550.00,231100.00,,T3 - BACIA DO TEJO-SADO / MARGEM ESQUERDA,,MARINHAIS,2025-07-17 14:16:16.360211+00
1422,2009-04-27 00:00:00+00,378/57,,250.00,152550.00,231100.00,,T3 - BACIA DO TEJO-SADO / MARGEM ESQUERDA,,MARINHAIS,2025-07-17 14:16:16.360211+00
1423,2009-09-23 00:00:00+00,378/57,,240.00,152550.00,231100.00,,T3 - BACIA DO TEJO-SADO / MARGEM ESQUERDA,,MARINHAIS,2025-07-17 14:16:16.360211+00
1424,2012-12-05 10:45:00+00,378/57,240.00,,152550.00,231100.00,,T3 - BACIA DO TEJO-SADO / MARGEM ESQUERDA,,MARINHAIS,2025-07-17 14:16:16.360211+00
1428,2008-10-06 00:00:00+00,330/230,,200.00,174000.00,271850.00,,T7 - ALUVIÕES DO TEJO,,,2025-07-17 14:16:16.360211+00
1432,2000-03-27 00:00:00+00,378/63,,105.00,161400.00,238350.00,,T3 - BACIA DO TEJO-SADO / MARGEM ESQUERDA,,RAPOSA,2025-07-17 14:16:16.360211+00
1433,2000-10-16 00:00:00+00,378/63,,116.00,161400.00,238350.00,,T3 - BACIA DO TEJO-SADO / MARGEM ESQUERDA,,RAPOSA,2025-07-17 14:16:16.360211+00
1434,2001-04-16 10:45:00+00,378/63,,130.00,161400.00,238350.00,,T3 - BACIA DO TEJO-SADO / MARGEM ESQUERDA,,RAPOSA,2025-07-17 14:16:16.360211+00
1435,2001-10-10 11:45:00+00,378/63,,165.00,161400.00,238350.00,,T3 - BACIA DO TEJO-SADO / MARGEM ESQUERDA,,RAPOSA,2025-07-17 14:16:16.360211+00
1436,2002-04-10 00:00:00+00,378/63,,113.00,161400.00,238350.00,,T3 - BACIA DO TEJO-SADO / MARGEM ESQUERDA,,RAPOSA,2025-07-17 14:16:16.360211+00
1437,2002-10-22 00:00:00+00,378/63,,125.00,161400.00,238350.00,,T3 - BACIA DO TEJO-SADO / MARGEM ESQUERDA,,RAPOSA,2025-07-17 14:16:16.360211+00
1438,2003-04-15 00:00:00+00,378/63,,125.00,161400.00,238350.00,,T3 - BACIA DO TEJO-SADO / MARGEM ESQUERDA,,RAPOSA,2025-07-17 14:16:16.360211+00
1439,2003-11-10 00:00:00+00,378/63,,140.00,161400.00,238350.00,,T3 - BACIA DO TEJO-SADO / MARGEM ESQUERDA,,RAPOSA,2025-07-17 14:16:16.360211+00
1440,2004-04-06 00:00:00+00,378/63,,141.00,161400.00,238350.00,,T3 - BACIA DO TEJO-SADO / MARGEM ESQUERDA,,RAPOSA,2025-07-17 14:16:16.360211+00
1441,2004-10-11 00:00:00+00,378/63,,130.00,161400.00,238350.00,,T3 - BACIA DO TEJO-SADO / MARGEM ESQUERDA,,RAPOSA,2025-07-17 14:16:16.360211+00
1442,2006-10-23 00:00:00+00,378/63,,129.00,161400.00,238350.00,,T3 - BACIA DO TEJO-SADO / MARGEM ESQUERDA,,RAPOSA,2025-07-17 14:16:16.360211+00
1443,2007-03-27 00:00:00+00,378/63,,130.00,161400.00,238350.00,,T3 - BACIA DO TEJO-SADO / MARGEM ESQUERDA,,RAPOSA,2025-07-17 14:16:16.360211+00
1444,2007-11-14 00:00:00+00,378/63,,130.00,161400.00,238350.00,,T3 - BACIA DO TEJO-SADO / MARGEM ESQUERDA,,RAPOSA,2025-07-17 14:16:16.360211+00
1445,2008-04-07 00:00:00+00,378/63,,120.00,161400.00,238350.00,,T3 - BACIA DO TEJO-SADO / MARGEM ESQUERDA,,RAPOSA,2025-07-17 14:16:16.360211+00
1446,2009-10-26 00:00:00+00,378/63,,130.00,161400.00,238350.00,,T3 - BACIA DO TEJO-SADO / MARGEM ESQUERDA,,RAPOSA,2025-07-17 14:16:16.360211+00
1512,2016-01-27 00:00:00+00,390/106,476.00,,133919.00,217770.00,,T3 - BACIA DO TEJO-SADO / MARGEM ESQUERDA,,VILA FRANCA DE XIRA,2025-07-17 14:16:16.360211+00
1513,2016-06-30 00:00:00+00,390/106,417.00,,133919.00,217770.00,,T3 - BACIA DO TEJO-SADO / MARGEM ESQUERDA,,VILA FRANCA DE XIRA,2025-07-17 14:16:16.360211+00
1514,2017-04-26 00:00:00+00,390/106,461.00,,133919.00,217770.00,,T3 - BACIA DO TEJO-SADO / MARGEM ESQUERDA,,VILA FRANCA DE XIRA,2025-07-17 14:16:16.360211+00
1515,2017-10-25 00:00:00+00,390/106,566.00,,133919.00,217770.00,,T3 - BACIA DO TEJO-SADO / MARGEM ESQUERDA,,VILA FRANCA DE XIRA,2025-07-17 14:16:16.360211+00
1516,2018-01-24 00:00:00+00,390/106,507.00,,133919.00,217770.00,,T3 - BACIA DO TEJO-SADO / MARGEM ESQUERDA,,VILA FRANCA DE XIRA,2025-07-17 14:16:16.360211+00
1517,2018-04-12 00:00:00+00,390/106,472.00,,133919.00,217770.00,,T3 - BACIA DO TEJO-SADO / MARGEM ESQUERDA,,VILA FRANCA DE XIRA,2025-07-17 14:16:16.360211+00
1518,2018-10-24 00:00:00+00,390/106,555.00,,133919.00,217770.00,,T3 - BACIA DO TEJO-SADO / MARGEM ESQUERDA,,VILA FRANCA DE XIRA,2025-07-17 14:16:16.360211+00
1519,2019-02-27 00:00:00+00,390/106,413.00,,133919.00,217770.00,,T3 - BACIA DO TEJO-SADO / MARGEM ESQUERDA,,VILA FRANCA DE XIRA,2025-07-17 14:16:16.360211+00
1520,2019-04-24 00:00:00+00,390/106,416.00,,133919.00,217770.00,,T3 - BACIA DO TEJO-SADO / MARGEM ESQUERDA,,VILA FRANCA DE XIRA,2025-07-17 14:16:16.360211+00
1521,2019-10-23 00:00:00+00,390/106,569.00,,133919.00,217770.00,,T3 - BACIA DO TEJO-SADO / MARGEM ESQUERDA,,VILA FRANCA DE XIRA,2025-07-17 14:16:16.360211+00
1522,2020-06-17 00:00:00+00,390/106,430.00,,133919.00,217770.00,,T3 - BACIA DO TEJO-SADO / MARGEM ESQUERDA,,VILA FRANCA DE XIRA,2025-07-17 14:16:16.360211+00
1523,2020-09-16 00:00:00+00,390/106,618.00,,133919.00,217770.00,,T3 - BACIA DO TEJO-SADO / MARGEM ESQUERDA,,VILA FRANCA DE XIRA,2025-07-17 14:16:16.360211+00
1524,2022-04-28 00:00:00+00,390/106,466.00,,133919.00,217770.00,,T3 - BACIA DO TEJO-SADO / MARGEM ESQUERDA,,VILA FRANCA DE XIRA,2025-07-17 14:16:16.360211+00
1525,2022-10-26 00:00:00+00,390/106,658.00,,133919.00,217770.00,,T3 - BACIA DO TEJO-SADO / MARGEM ESQUERDA,,VILA FRANCA DE XIRA,2025-07-17 14:16:16.360211+00
1526,2023-04-26 00:00:00+00,390/106,441.00,,133919.00,217770.00,,T3 - BACIA DO TEJO-SADO / MARGEM ESQUERDA,,VILA FRANCA DE XIRA,2025-07-17 14:16:16.360211+00
1527,2016-04-13 00:00:00+00,390/116,692.00,,133220.00,222600.00,2,T3 - BACIA DO TEJO-SADO / MARGEM ESQUERDA,,VILA FRANCA DE XIRA,2025-07-17 14:16:16.360211+00
1528,2017-10-11 00:00:00+00,390/116,596.00,,133220.00,222600.00,2,T3 - BACIA DO TEJO-SADO / MARGEM ESQUERDA,,VILA FRANCA DE XIRA,2025-07-17 14:16:16.360211+00
1529,2018-04-11 00:00:00+00,390/116,543.00,,133220.00,222600.00,2,T3 - BACIA DO TEJO-SADO / MARGEM ESQUERDA,,VILA FRANCA DE XIRA,2025-07-17 14:16:16.360211+00
1530,2018-10-17 00:00:00+00,390/116,559.00,,133220.00,222600.00,2,T3 - BACIA DO TEJO-SADO / MARGEM ESQUERDA,,VILA FRANCA DE XIRA,2025-07-17 14:16:16.360211+00
1531,2019-02-13 00:00:00+00,390/116,569.00,,133220.00,222600.00,2,T3 - BACIA DO TEJO-SADO / MARGEM ESQUERDA,,VILA FRANCA DE XIRA,2025-07-17 14:16:16.360211+00
1532,2019-10-09 00:00:00+00,390/116,605.00,,133220.00,222600.00,2,T3 - BACIA DO TEJO-SADO / MARGEM ESQUERDA,,VILA FRANCA DE XIRA,2025-07-17 14:16:16.360211+00
1533,2020-06-17 00:00:00+00,390/116,542.00,,133220.00,222600.00,2,T3 - BACIA DO TEJO-SADO / MARGEM ESQUERDA,,VILA FRANCA DE XIRA,2025-07-17 14:16:16.360211+00
1534,2020-09-28 00:00:00+00,390/116,571.00,,133220.00,222600.00,2,T3 - BACIA DO TEJO-SADO / MARGEM ESQUERDA,,VILA FRANCA DE XIRA,2025-07-17 14:16:16.360211+00
1535,2022-04-21 00:00:00+00,390/116,665.00,,133220.00,222600.00,2,T3 - BACIA DO TEJO-SADO / MARGEM ESQUERDA,,VILA FRANCA DE XIRA,2025-07-17 14:16:16.360211+00
1536,2022-10-12 00:00:00+00,390/116,608.00,,133220.00,222600.00,2,T3 - BACIA DO TEJO-SADO / MARGEM ESQUERDA,,VILA FRANCA DE XIRA,2025-07-17 14:16:16.360211+00
1537,2023-04-12 00:00:00+00,390/116,713.00,,133220.00,222600.00,2,T3 - BACIA DO TEJO-SADO / MARGEM ESQUERDA,,VILA FRANCA DE XIRA,2025-07-17 14:16:16.360211+00
1538,2016-03-16 00:00:00+00,390/125,565.00,,132573.00,222106.00,2,T3 - BACIA DO TEJO-SADO / MARGEM ESQUERDA,,VILA FRANCA DE XIRA,2025-07-17 14:16:16.360211+00
1539,2016-10-12 00:00:00+00,390/125,589.00,,132573.00,222106.00,2,T3 - BACIA DO TEJO-SADO / MARGEM ESQUERDA,,VILA FRANCA DE XIRA,2025-07-17 14:16:16.360211+00
1540,2017-04-19 00:00:00+00,390/125,618.00,,132573.00,222106.00,2,T3 - BACIA DO TEJO-SADO / MARGEM ESQUERDA,,VILA FRANCA DE XIRA,2025-07-17 14:16:16.360211+00
1541,2017-10-18 00:00:00+00,390/125,570.00,,132573.00,222106.00,2,T3 - BACIA DO TEJO-SADO / MARGEM ESQUERDA,,VILA FRANCA DE XIRA,2025-07-17 14:16:16.360211+00
1542,2018-01-17 00:00:00+00,390/125,648.00,,132573.00,222106.00,2,T3 - BACIA DO TEJO-SADO / MARGEM ESQUERDA,,VILA FRANCA DE XIRA,2025-07-17 14:16:16.360211+00
1543,2018-04-18 00:00:00+00,390/125,669.00,,132573.00,222106.00,2,T3 - BACIA DO TEJO-SADO / MARGEM ESQUERDA,,VILA FRANCA DE XIRA,2025-07-17 14:16:16.360211+00
1544,2018-10-10 00:00:00+00,390/125,665.00,,132573.00,222106.00,2,T3 - BACIA DO TEJO-SADO / MARGEM ESQUERDA,,VILA FRANCA DE XIRA,2025-07-17 14:16:16.360211+00
1545,2019-04-17 00:00:00+00,390/125,608.00,,132573.00,222106.00,2,T3 - BACIA DO TEJO-SADO / MARGEM ESQUERDA,,VILA FRANCA DE XIRA,2025-07-17 14:16:16.360211+00
1546,2019-10-09 00:00:00+00,390/125,667.00,,132573.00,222106.00,2,T3 - BACIA DO TEJO-SADO / MARGEM ESQUERDA,,VILA FRANCA DE XIRA,2025-07-17 14:16:16.360211+00
1547,2020-06-02 00:00:00+00,390/125,690.00,,132573.00,222106.00,2,T3 - BACIA DO TEJO-SADO / MARGEM ESQUERDA,,VILA FRANCA DE XIRA,2025-07-17 14:16:16.360211+00
1548,2020-09-24 00:00:00+00,390/125,667.00,,132573.00,222106.00,2,T3 - BACIA DO TEJO-SADO / MARGEM ESQUERDA,,VILA FRANCA DE XIRA,2025-07-17 14:16:16.360211+00
1549,2022-04-20 00:00:00+00,390/125,701.00,,132573.00,222106.00,2,T3 - BACIA DO TEJO-SADO / MARGEM ESQUERDA,,VILA FRANCA DE XIRA,2025-07-17 14:16:16.360211+00
1550,2022-10-19 00:00:00+00,390/125,571.00,,132573.00,222106.00,2,T3 - BACIA DO TEJO-SADO / MARGEM ESQUERDA,,VILA FRANCA DE XIRA,2025-07-17 14:16:16.360211+00
1551,2023-04-17 00:00:00+00,390/125,709.00,,132573.00,222106.00,2,T3 - BACIA DO TEJO-SADO / MARGEM ESQUERDA,,VILA FRANCA DE XIRA,2025-07-17 14:16:16.360211+00
1552,2016-03-09 00:00:00+00,390/95,1131.00,,133310.00,222676.00,2,T3 - BACIA DO TEJO-SADO / MARGEM ESQUERDA,,VILA FRANCA DE XIRA,2025-07-17 14:16:16.360211+00
1553,2016-09-14 00:00:00+00,390/95,967.00,,133310.00,222676.00,2,T3 - BACIA DO TEJO-SADO / MARGEM ESQUERDA,,VILA FRANCA DE XIRA,2025-07-17 14:16:16.360211+00
1554,2017-04-12 00:00:00+00,390/95,768.00,,133310.00,222676.00,2,T3 - BACIA DO TEJO-SADO / MARGEM ESQUERDA,,VILA FRANCA DE XIRA,2025-07-17 14:16:16.360211+00
1555,2017-10-11 00:00:00+00,390/95,993.00,,133310.00,222676.00,2,T3 - BACIA DO TEJO-SADO / MARGEM ESQUERDA,,VILA FRANCA DE XIRA,2025-07-17 14:16:16.360211+00
1556,2018-04-11 00:00:00+00,390/95,720.00,,133310.00,222676.00,2,T3 - BACIA DO TEJO-SADO / MARGEM ESQUERDA,,VILA FRANCA DE XIRA,2025-07-17 14:16:16.360211+00
1557,2018-10-17 00:00:00+00,390/95,982.00,,133310.00,222676.00,2,T3 - BACIA DO TEJO-SADO / MARGEM ESQUERDA,,VILA FRANCA DE XIRA,2025-07-17 14:16:16.360211+00
1558,2019-02-13 00:00:00+00,390/95,777.00,,133310.00,222676.00,2,T3 - BACIA DO TEJO-SADO / MARGEM ESQUERDA,,VILA FRANCA DE XIRA,2025-07-17 14:16:16.360211+00
1559,2022-04-21 00:00:00+00,390/95,650.00,,133310.00,222676.00,2,T3 - BACIA DO TEJO-SADO / MARGEM ESQUERDA,,VILA FRANCA DE XIRA,2025-07-17 14:16:16.360211+00
1560,2022-10-12 00:00:00+00,390/95,1051.00,,133310.00,222676.00,2,T3 - BACIA DO TEJO-SADO / MARGEM ESQUERDA,,VILA FRANCA DE XIRA,2025-07-17 14:16:16.360211+00
1561,2000-03-27 00:00:00+00,391/266,,378.00,147560.00,225430.00,34,T3 - BACIA DO TEJO-SADO / MARGEM ESQUERDA,,FOROS DE SALVATERRA,2025-07-17 14:16:16.360211+00
1562,2000-10-16 00:00:00+00,391/266,,325.00,147560.00,225430.00,34,T3 - BACIA DO TEJO-SADO / MARGEM ESQUERDA,,FOROS DE SALVATERRA,2025-07-17 14:16:16.360211+00
1563,2001-04-16 10:50:00+00,391/266,,339.00,147560.00,225430.00,34,T3 - BACIA DO TEJO-SADO / MARGEM ESQUERDA,,FOROS DE SALVATERRA,2025-07-17 14:16:16.360211+00
1564,2002-04-08 00:00:00+00,391/266,,341.00,147560.00,225430.00,34,T3 - BACIA DO TEJO-SADO / MARGEM ESQUERDA,,FOROS DE SALVATERRA,2025-07-17 14:16:16.360211+00
1565,2002-10-22 00:00:00+00,391/266,,354.00,147560.00,225430.00,34,T3 - BACIA DO TEJO-SADO / MARGEM ESQUERDA,,FOROS DE SALVATERRA,2025-07-17 14:16:16.360211+00
1566,2003-04-09 00:00:00+00,391/266,,409.00,147560.00,225430.00,34,T3 - BACIA DO TEJO-SADO / MARGEM ESQUERDA,,FOROS DE SALVATERRA,2025-07-17 14:16:16.360211+00
1567,2003-11-10 00:00:00+00,391/266,,397.00,147560.00,225430.00,34,T3 - BACIA DO TEJO-SADO / MARGEM ESQUERDA,,FOROS DE SALVATERRA,2025-07-17 14:16:16.360211+00
1568,2004-10-11 00:00:00+00,391/266,,327.00,147560.00,225430.00,34,T3 - BACIA DO TEJO-SADO / MARGEM ESQUERDA,,FOROS DE SALVATERRA,2025-07-17 14:16:16.360211+00
1569,2006-10-24 00:00:00+00,391/266,,367.00,147560.00,225430.00,34,T3 - BACIA DO TEJO-SADO / MARGEM ESQUERDA,,FOROS DE SALVATERRA,2025-07-17 14:16:16.360211+00
1570,2007-11-15 00:00:00+00,391/266,,360.00,147560.00,225430.00,34,T3 - BACIA DO TEJO-SADO / MARGEM ESQUERDA,,FOROS DE SALVATERRA,2025-07-17 14:16:16.360211+00
1571,2008-04-14 00:00:00+00,391/266,,360.00,147560.00,225430.00,34,T3 - BACIA DO TEJO-SADO / MARGEM ESQUERDA,,FOROS DE SALVATERRA,2025-07-17 14:16:16.360211+00
1572,2009-04-27 00:00:00+00,391/266,,380.00,147560.00,225430.00,34,T3 - BACIA DO TEJO-SADO / MARGEM ESQUERDA,,FOROS DE SALVATERRA,2025-07-17 14:16:16.360211+00
1573,2009-09-23 00:00:00+00,391/266,,350.00,147560.00,225430.00,34,T3 - BACIA DO TEJO-SADO / MARGEM ESQUERDA,,FOROS DE SALVATERRA,2025-07-17 14:16:16.360211+00
1574,2000-03-13 00:00:00+00,391/280,,508.00,141270.00,223620.00,,T3 - BACIA DO TEJO-SADO / MARGEM ESQUERDA,,BENAVENTE,2025-07-17 14:16:16.360211+00
1575,2000-10-02 00:00:00+00,391/280,,489.00,141270.00,223620.00,,T3 - BACIA DO TEJO-SADO / MARGEM ESQUERDA,,BENAVENTE,2025-07-17 14:16:16.360211+00
1576,2001-03-05 00:00:00+00,391/280,,494.00,141270.00,223620.00,,T3 - BACIA DO TEJO-SADO / MARGEM ESQUERDA,,BENAVENTE,2025-07-17 14:16:16.360211+00
1577,2001-10-22 09:44:00+00,391/280,,478.00,141270.00,223620.00,,T3 - BACIA DO TEJO-SADO / MARGEM ESQUERDA,,BENAVENTE,2025-07-17 14:16:16.360211+00
1578,2002-03-04 00:00:00+00,391/280,,464.00,141270.00,223620.00,,T3 - BACIA DO TEJO-SADO / MARGEM ESQUERDA,,BENAVENTE,2025-07-17 14:16:16.360211+00
1579,2002-10-28 00:00:00+00,391/280,,501.00,141270.00,223620.00,,T3 - BACIA DO TEJO-SADO / MARGEM ESQUERDA,,BENAVENTE,2025-07-17 14:16:16.360211+00
1580,2003-03-10 00:00:00+00,391/280,,529.00,141270.00,223620.00,,T3 - BACIA DO TEJO-SADO / MARGEM ESQUERDA,,BENAVENTE,2025-07-17 14:16:16.360211+00
1581,2004-03-01 00:00:00+00,391/280,,458.00,141270.00,223620.00,,T3 - BACIA DO TEJO-SADO / MARGEM ESQUERDA,,BENAVENTE,2025-07-17 14:16:16.360211+00
1582,2004-10-06 00:00:00+00,391/280,,687.00,141270.00,223620.00,,T3 - BACIA DO TEJO-SADO / MARGEM ESQUERDA,,BENAVENTE,2025-07-17 14:16:16.360211+00
1583,2006-10-11 00:00:00+00,391/280,,711.00,141270.00,223620.00,,T3 - BACIA DO TEJO-SADO / MARGEM ESQUERDA,,BENAVENTE,2025-07-17 14:16:16.360211+00
1584,2007-03-28 00:00:00+00,391/280,,560.00,141270.00,223620.00,,T3 - BACIA DO TEJO-SADO / MARGEM ESQUERDA,,BENAVENTE,2025-07-17 14:16:16.360211+00
1585,2012-05-31 00:00:00+00,391/312,240.00,,151239.00,224433.00,41,T3 - BACIA DO TEJO-SADO / MARGEM ESQUERDA,,FOROS DE SALVATERRA,2025-07-17 14:16:16.360211+00
1586,2013-02-20 00:00:00+00,391/312,265.00,,151239.00,224433.00,41,T3 - BACIA DO TEJO-SADO / MARGEM ESQUERDA,,FOROS DE SALVATERRA,2025-07-17 14:16:16.360211+00
1587,2014-06-05 00:00:00+00,391/477,780.00,,141296.94,223636.03,,T3 - BACIA DO TEJO-SADO / MARGEM ESQUERDA,EM SERVIÇO,BENAVENTE,2025-07-17 14:16:16.360211+00
1588,2017-06-01 00:00:00+00,391/477,850.00,,141296.94,223636.03,,T3 - BACIA DO TEJO-SADO / MARGEM ESQUERDA,EM SERVIÇO,BENAVENTE,2025-07-17 14:16:16.360211+00
1589,2017-10-26 00:00:00+00,391/477,792.00,,141296.94,223636.03,,T3 - BACIA DO TEJO-SADO / MARGEM ESQUERDA,EM SERVIÇO,BENAVENTE,2025-07-17 14:16:16.360211+00
1590,2018-06-21 00:00:00+00,391/477,811.00,,141296.94,223636.03,,T3 - BACIA DO TEJO-SADO / MARGEM ESQUERDA,EM SERVIÇO,BENAVENTE,2025-07-17 14:16:16.360211+00
1591,2018-11-08 00:00:00+00,391/477,799.00,,141296.94,223636.03,,T3 - BACIA DO TEJO-SADO / MARGEM ESQUERDA,EM SERVIÇO,BENAVENTE,2025-07-17 14:16:16.360211+00
1592,2019-05-23 00:00:00+00,391/477,838.00,,141296.94,223636.03,,T3 - BACIA DO TEJO-SADO / MARGEM ESQUERDA,EM SERVIÇO,BENAVENTE,2025-07-17 14:16:16.360211+00
1593,2019-09-17 00:00:00+00,391/477,797.00,,141296.94,223636.03,,T3 - BACIA DO TEJO-SADO / MARGEM ESQUERDA,EM SERVIÇO,BENAVENTE,2025-07-17 14:16:16.360211+00
1594,2020-06-04 00:00:00+00,391/477,775.00,,141296.94,223636.03,,T3 - BACIA DO TEJO-SADO / MARGEM ESQUERDA,EM SERVIÇO,BENAVENTE,2025-07-17 14:16:16.360211+00
1595,2020-10-08 00:00:00+00,391/477,767.00,,141296.94,223636.03,,T3 - BACIA DO TEJO-SADO / MARGEM ESQUERDA,EM SERVIÇO,BENAVENTE,2025-07-17 14:16:16.360211+00
1596,2021-05-04 00:00:00+00,391/477,773.00,,141296.94,223636.03,,T3 - BACIA DO TEJO-SADO / MARGEM ESQUERDA,EM SERVIÇO,BENAVENTE,2025-07-17 14:16:16.360211+00
1597,2021-10-06 00:00:00+00,391/477,778.00,,141296.94,223636.03,,T3 - BACIA DO TEJO-SADO / MARGEM ESQUERDA,EM SERVIÇO,BENAVENTE,2025-07-17 14:16:16.360211+00
1598,2022-10-18 00:00:00+00,391/477,790.00,,141296.94,223636.03,,T3 - BACIA DO TEJO-SADO / MARGEM ESQUERDA,EM SERVIÇO,BENAVENTE,2025-07-17 14:16:16.360211+00
1599,2023-05-09 00:00:00+00,391/477,796.00,,141296.94,223636.03,,T3 - BACIA DO TEJO-SADO / MARGEM ESQUERDA,EM SERVIÇO,BENAVENTE,2025-07-17 14:16:16.360211+00
1600,2013-02-26 00:00:00+00,392/106,179.00,,159869.50,222574.20,37,T3 - BACIA DO TEJO-SADO / MARGEM ESQUERDA,,,2025-07-17 14:16:16.360211+00
1601,2014-06-24 00:00:00+00,392/106,188.00,,159869.50,222574.20,37,T3 - BACIA DO TEJO-SADO / MARGEM ESQUERDA,,,2025-07-17 14:16:16.360211+00
1602,2014-10-21 00:00:00+00,392/106,201.00,,159869.50,222574.20,37,T3 - BACIA DO TEJO-SADO / MARGEM ESQUERDA,,,2025-07-17 14:16:16.360211+00
1603,2015-07-01 00:00:00+00,392/106,229.00,,159869.50,222574.20,37,T3 - BACIA DO TEJO-SADO / MARGEM ESQUERDA,,,2025-07-17 14:16:16.360211+00
1604,2016-06-02 00:00:00+00,392/106,205.00,,159869.50,222574.20,37,T3 - BACIA DO TEJO-SADO / MARGEM ESQUERDA,,,2025-07-17 14:16:16.360211+00
1605,2016-09-20 00:00:00+00,392/106,220.00,,159869.50,222574.20,37,T3 - BACIA DO TEJO-SADO / MARGEM ESQUERDA,,,2025-07-17 14:16:16.360211+00
1672,2000-04-10 00:00:00+00,404/73,,640.00,133900.00,217770.00,,T3 - BACIA DO TEJO-SADO / MARGEM ESQUERDA,,VILA FRANCA DE XIRA,2025-07-17 14:16:16.360211+00
1673,2000-10-23 00:00:00+00,404/73,,760.00,133900.00,217770.00,,T3 - BACIA DO TEJO-SADO / MARGEM ESQUERDA,,VILA FRANCA DE XIRA,2025-07-17 14:16:16.360211+00
1674,2001-03-26 00:00:00+00,404/73,,784.00,133900.00,217770.00,,T3 - BACIA DO TEJO-SADO / MARGEM ESQUERDA,,VILA FRANCA DE XIRA,2025-07-17 14:16:16.360211+00
1675,2001-09-18 10:15:00+00,404/73,,785.00,133900.00,217770.00,,T3 - BACIA DO TEJO-SADO / MARGEM ESQUERDA,,VILA FRANCA DE XIRA,2025-07-17 14:16:16.360211+00
1676,2002-03-04 00:00:00+00,404/73,,775.00,133900.00,217770.00,,T3 - BACIA DO TEJO-SADO / MARGEM ESQUERDA,,VILA FRANCA DE XIRA,2025-07-17 14:16:16.360211+00
1677,2016-02-24 00:00:00+00,404/73,1082.00,,133900.00,217770.00,,T3 - BACIA DO TEJO-SADO / MARGEM ESQUERDA,,VILA FRANCA DE XIRA,2025-07-17 14:16:16.360211+00
1678,2016-08-24 00:00:00+00,404/73,1063.00,,133900.00,217770.00,,T3 - BACIA DO TEJO-SADO / MARGEM ESQUERDA,,VILA FRANCA DE XIRA,2025-07-17 14:16:16.360211+00
1679,2017-04-26 00:00:00+00,404/73,814.00,,133900.00,217770.00,,T3 - BACIA DO TEJO-SADO / MARGEM ESQUERDA,,VILA FRANCA DE XIRA,2025-07-17 14:16:16.360211+00
1680,2017-10-25 00:00:00+00,404/73,1082.00,,133900.00,217770.00,,T3 - BACIA DO TEJO-SADO / MARGEM ESQUERDA,,VILA FRANCA DE XIRA,2025-07-17 14:16:16.360211+00
1681,2018-04-12 00:00:00+00,404/73,960.00,,133900.00,217770.00,,T3 - BACIA DO TEJO-SADO / MARGEM ESQUERDA,,VILA FRANCA DE XIRA,2025-07-17 14:16:16.360211+00
1682,2018-10-24 00:00:00+00,404/73,1076.00,,133900.00,217770.00,,T3 - BACIA DO TEJO-SADO / MARGEM ESQUERDA,,VILA FRANCA DE XIRA,2025-07-17 14:16:16.360211+00
1683,2019-02-27 00:00:00+00,404/73,1076.00,,133900.00,217770.00,,T3 - BACIA DO TEJO-SADO / MARGEM ESQUERDA,,VILA FRANCA DE XIRA,2025-07-17 14:16:16.360211+00
1684,2019-04-24 00:00:00+00,404/73,1082.00,,133900.00,217770.00,,T3 - BACIA DO TEJO-SADO / MARGEM ESQUERDA,,VILA FRANCA DE XIRA,2025-07-17 14:16:16.360211+00
1685,2019-10-16 00:00:00+00,404/73,1067.00,,133900.00,217770.00,,T3 - BACIA DO TEJO-SADO / MARGEM ESQUERDA,,VILA FRANCA DE XIRA,2025-07-17 14:16:16.360211+00
1686,2020-06-17 00:00:00+00,404/73,790.00,,133900.00,217770.00,,T3 - BACIA DO TEJO-SADO / MARGEM ESQUERDA,,VILA FRANCA DE XIRA,2025-07-17 14:16:16.360211+00
1687,2020-09-16 00:00:00+00,404/73,1012.00,,133900.00,217770.00,,T3 - BACIA DO TEJO-SADO / MARGEM ESQUERDA,,VILA FRANCA DE XIRA,2025-07-17 14:16:16.360211+00
1688,2022-10-26 00:00:00+00,404/73,1089.00,,133900.00,217770.00,,T3 - BACIA DO TEJO-SADO / MARGEM ESQUERDA,,VILA FRANCA DE XIRA,2025-07-17 14:16:16.360211+00
1689,2023-04-26 00:00:00+00,404/73,1066.00,,133900.00,217770.00,,T3 - BACIA DO TEJO-SADO / MARGEM ESQUERDA,,VILA FRANCA DE XIRA,2025-07-17 14:16:16.360211+00
1690,2013-02-21 00:00:00+00,405/166,283.00,,147609.00,210931.00,21,T3 - BACIA DO TEJO-SADO / MARGEM ESQUERDA,,SANTO ESTÊVÃO,2025-07-17 14:16:16.360211+00
1691,2014-05-22 00:00:00+00,405/166,306.00,,147609.00,210931.00,21,T3 - BACIA DO TEJO-SADO / MARGEM ESQUERDA,,SANTO ESTÊVÃO,2025-07-17 14:16:16.360211+00
1692,2016-12-22 00:00:00+00,405/166,305.00,,147609.00,210931.00,21,T3 - BACIA DO TEJO-SADO / MARGEM ESQUERDA,,SANTO ESTÊVÃO,2025-07-17 14:16:16.360211+00
1693,2017-06-01 00:00:00+00,405/166,330.00,,147609.00,210931.00,21,T3 - BACIA DO TEJO-SADO / MARGEM ESQUERDA,,SANTO ESTÊVÃO,2025-07-17 14:16:16.360211+00
1694,2017-10-26 00:00:00+00,405/166,312.00,,147609.00,210931.00,21,T3 - BACIA DO TEJO-SADO / MARGEM ESQUERDA,,SANTO ESTÊVÃO,2025-07-17 14:16:16.360211+00
1695,2018-06-27 00:00:00+00,405/166,312.00,,147609.00,210931.00,21,T3 - BACIA DO TEJO-SADO / MARGEM ESQUERDA,,SANTO ESTÊVÃO,2025-07-17 14:16:16.360211+00
1696,2018-10-18 00:00:00+00,405/166,318.00,,147609.00,210931.00,21,T3 - BACIA DO TEJO-SADO / MARGEM ESQUERDA,,SANTO ESTÊVÃO,2025-07-17 14:16:16.360211+00
1697,2019-05-21 00:00:00+00,405/166,324.00,,147609.00,210931.00,21,T3 - BACIA DO TEJO-SADO / MARGEM ESQUERDA,,SANTO ESTÊVÃO,2025-07-17 14:16:16.360211+00
1698,2019-10-15 00:00:00+00,405/166,420.00,,147609.00,210931.00,21,T3 - BACIA DO TEJO-SADO / MARGEM ESQUERDA,,SANTO ESTÊVÃO,2025-07-17 14:16:16.360211+00
1699,2020-07-16 00:00:00+00,405/166,452.00,,147609.00,210931.00,21,T3 - BACIA DO TEJO-SADO / MARGEM ESQUERDA,,SANTO ESTÊVÃO,2025-07-17 14:16:16.360211+00
1700,2020-11-12 00:00:00+00,405/166,321.00,,147609.00,210931.00,21,T3 - BACIA DO TEJO-SADO / MARGEM ESQUERDA,,SANTO ESTÊVÃO,2025-07-17 14:16:16.360211+00
1701,2021-04-06 00:00:00+00,405/166,315.00,,147609.00,210931.00,21,T3 - BACIA DO TEJO-SADO / MARGEM ESQUERDA,,SANTO ESTÊVÃO,2025-07-17 14:16:16.360211+00
1702,2021-09-07 00:00:00+00,405/166,351.00,,147609.00,210931.00,21,T3 - BACIA DO TEJO-SADO / MARGEM ESQUERDA,,SANTO ESTÊVÃO,2025-07-17 14:16:16.360211+00
1703,2022-04-19 00:00:00+00,405/166,332.00,,147609.00,210931.00,21,T3 - BACIA DO TEJO-SADO / MARGEM ESQUERDA,,SANTO ESTÊVÃO,2025-07-17 14:16:16.360211+00
1704,2022-09-20 00:00:00+00,405/166,331.00,,147609.00,210931.00,21,T3 - BACIA DO TEJO-SADO / MARGEM ESQUERDA,,SANTO ESTÊVÃO,2025-07-17 14:16:16.360211+00
1705,2023-05-23 00:00:00+00,405/166,329.00,,147609.00,210931.00,21,T3 - BACIA DO TEJO-SADO / MARGEM ESQUERDA,,SANTO ESTÊVÃO,2025-07-17 14:16:16.360211+00
1706,2000-03-13 00:00:00+00,405/86,,282.00,147250.00,210230.00,,T3 - BACIA DO TEJO-SADO / MARGEM ESQUERDA,,SANTO ESTÊVÃO,2025-07-17 14:16:16.360211+00
1707,2000-10-02 00:00:00+00,405/86,,220.00,147250.00,210230.00,,T3 - BACIA DO TEJO-SADO / MARGEM ESQUERDA,,SANTO ESTÊVÃO,2025-07-17 14:16:16.360211+00
1708,2001-03-05 00:00:00+00,405/86,,205.00,147250.00,210230.00,,T3 - BACIA DO TEJO-SADO / MARGEM ESQUERDA,,SANTO ESTÊVÃO,2025-07-17 14:16:16.360211+00
1709,2001-10-22 12:14:00+00,405/86,,285.00,147250.00,210230.00,,T3 - BACIA DO TEJO-SADO / MARGEM ESQUERDA,,SANTO ESTÊVÃO,2025-07-17 14:16:16.360211+00
1710,2002-03-04 00:00:00+00,405/86,,220.00,147250.00,210230.00,,T3 - BACIA DO TEJO-SADO / MARGEM ESQUERDA,,SANTO ESTÊVÃO,2025-07-17 14:16:16.360211+00
1711,2002-10-28 00:00:00+00,405/86,,241.00,147250.00,210230.00,,T3 - BACIA DO TEJO-SADO / MARGEM ESQUERDA,,SANTO ESTÊVÃO,2025-07-17 14:16:16.360211+00
1712,2003-03-10 00:00:00+00,405/86,,313.00,147250.00,210230.00,,T3 - BACIA DO TEJO-SADO / MARGEM ESQUERDA,,SANTO ESTÊVÃO,2025-07-17 14:16:16.360211+00
1713,2004-03-01 00:00:00+00,405/86,,222.00,147250.00,210230.00,,T3 - BACIA DO TEJO-SADO / MARGEM ESQUERDA,,SANTO ESTÊVÃO,2025-07-17 14:16:16.360211+00
1714,2004-10-06 00:00:00+00,405/86,,270.00,147250.00,210230.00,,T3 - BACIA DO TEJO-SADO / MARGEM ESQUERDA,,SANTO ESTÊVÃO,2025-07-17 14:16:16.360211+00
1715,2006-03-20 00:00:00+00,405/86,,245.00,147250.00,210230.00,,T3 - BACIA DO TEJO-SADO / MARGEM ESQUERDA,,SANTO ESTÊVÃO,2025-07-17 14:16:16.360211+00
1716,2006-10-11 00:00:00+00,405/86,,242.00,147250.00,210230.00,,T3 - BACIA DO TEJO-SADO / MARGEM ESQUERDA,,SANTO ESTÊVÃO,2025-07-17 14:16:16.360211+00
1717,2007-03-28 00:00:00+00,405/86,,250.00,147250.00,210230.00,,T3 - BACIA DO TEJO-SADO / MARGEM ESQUERDA,,SANTO ESTÊVÃO,2025-07-17 14:16:16.360211+00
1718,2008-04-03 00:00:00+00,405/86,,250.00,147250.00,210230.00,,T3 - BACIA DO TEJO-SADO / MARGEM ESQUERDA,,SANTO ESTÊVÃO,2025-07-17 14:16:16.360211+00
1719,2008-10-20 00:00:00+00,405/86,,260.00,147250.00,210230.00,,T3 - BACIA DO TEJO-SADO / MARGEM ESQUERDA,,SANTO ESTÊVÃO,2025-07-17 14:16:16.360211+00
1720,2012-11-26 10:20:00+00,405/86,270.00,,147250.00,210230.00,,T3 - BACIA DO TEJO-SADO / MARGEM ESQUERDA,,SANTO ESTÊVÃO,2025-07-17 14:16:16.360211+00
1721,2014-05-22 00:00:00+00,405/86,259.00,,147250.00,210230.00,,T3 - BACIA DO TEJO-SADO / MARGEM ESQUERDA,,SANTO ESTÊVÃO,2025-07-17 14:16:16.360211+00
1722,2015-06-04 00:00:00+00,405/86,312.00,,147250.00,210230.00,,T3 - BACIA DO TEJO-SADO / MARGEM ESQUERDA,,SANTO ESTÊVÃO,2025-07-17 14:16:16.360211+00
1723,2016-06-21 00:00:00+00,405/86,277.00,,147250.00,210230.00,,T3 - BACIA DO TEJO-SADO / MARGEM ESQUERDA,,SANTO ESTÊVÃO,2025-07-17 14:16:16.360211+00
1724,2016-09-29 00:00:00+00,405/86,290.00,,147250.00,210230.00,,T3 - BACIA DO TEJO-SADO / MARGEM ESQUERDA,,SANTO ESTÊVÃO,2025-07-17 14:16:16.360211+00
1725,2017-06-01 00:00:00+00,405/86,274.00,,147250.00,210230.00,,T3 - BACIA DO TEJO-SADO / MARGEM ESQUERDA,,SANTO ESTÊVÃO,2025-07-17 14:16:16.360211+00
1726,2017-10-26 00:00:00+00,405/86,299.00,,147250.00,210230.00,,T3 - BACIA DO TEJO-SADO / MARGEM ESQUERDA,,SANTO ESTÊVÃO,2025-07-17 14:16:16.360211+00
1727,2018-06-27 00:00:00+00,405/86,261.00,,147250.00,210230.00,,T3 - BACIA DO TEJO-SADO / MARGEM ESQUERDA,,SANTO ESTÊVÃO,2025-07-17 14:16:16.360211+00
1728,2018-10-18 00:00:00+00,405/86,281.00,,147250.00,210230.00,,T3 - BACIA DO TEJO-SADO / MARGEM ESQUERDA,,SANTO ESTÊVÃO,2025-07-17 14:16:16.360211+00
1774,2006-03-29 00:00:00+00,420/105,,234.00,154278.70,204500.40,30,T3 - BACIA DO TEJO-SADO / MARGEM ESQUERDA,,CANHA,2025-07-17 14:16:16.360211+00
1775,2007-03-13 00:00:00+00,420/105,,230.00,154278.70,204500.40,30,T3 - BACIA DO TEJO-SADO / MARGEM ESQUERDA,,CANHA,2025-07-17 14:16:16.360211+00
1776,2007-10-22 00:00:00+00,420/105,,230.00,154278.70,204500.40,30,T3 - BACIA DO TEJO-SADO / MARGEM ESQUERDA,,CANHA,2025-07-17 14:16:16.360211+00
1777,2008-03-31 00:00:00+00,420/105,,230.00,154278.70,204500.40,30,T3 - BACIA DO TEJO-SADO / MARGEM ESQUERDA,,CANHA,2025-07-17 14:16:16.360211+00
1821,2000-03-08 00:00:00+00,432/549,,406.00,130280.00,197120.00,,T3 - BACIA DO TEJO-SADO / MARGEM ESQUERDA,,ALCOCHETE,2025-07-17 14:16:16.360211+00
1822,2000-09-25 00:00:00+00,432/549,,353.00,130280.00,197120.00,,T3 - BACIA DO TEJO-SADO / MARGEM ESQUERDA,,ALCOCHETE,2025-07-17 14:16:16.360211+00
1823,2001-02-19 00:00:00+00,432/549,,274.00,130280.00,197120.00,,T3 - BACIA DO TEJO-SADO / MARGEM ESQUERDA,,ALCOCHETE,2025-07-17 14:16:16.360211+00
1824,2001-09-19 15:00:00+00,432/549,,350.00,130280.00,197120.00,,T3 - BACIA DO TEJO-SADO / MARGEM ESQUERDA,,ALCOCHETE,2025-07-17 14:16:16.360211+00
1825,2002-02-25 14:30:00+00,432/549,,355.00,130280.00,197120.00,,T3 - BACIA DO TEJO-SADO / MARGEM ESQUERDA,,ALCOCHETE,2025-07-17 14:16:16.360211+00
1826,2002-09-18 00:00:00+00,432/549,,306.00,130280.00,197120.00,,T3 - BACIA DO TEJO-SADO / MARGEM ESQUERDA,,ALCOCHETE,2025-07-17 14:16:16.360211+00
1827,2003-03-24 00:00:00+00,432/549,,185.00,130280.00,197120.00,,T3 - BACIA DO TEJO-SADO / MARGEM ESQUERDA,,ALCOCHETE,2025-07-17 14:16:16.360211+00
1828,2003-09-23 00:00:00+00,432/549,,399.00,130280.00,197120.00,,T3 - BACIA DO TEJO-SADO / MARGEM ESQUERDA,,ALCOCHETE,2025-07-17 14:16:16.360211+00
1829,2004-02-17 00:00:00+00,432/549,,310.00,130280.00,197120.00,,T3 - BACIA DO TEJO-SADO / MARGEM ESQUERDA,,ALCOCHETE,2025-07-17 14:16:16.360211+00
1830,2004-09-22 00:00:00+00,432/549,,321.00,130280.00,197120.00,,T3 - BACIA DO TEJO-SADO / MARGEM ESQUERDA,,ALCOCHETE,2025-07-17 14:16:16.360211+00
1831,2006-03-20 00:00:00+00,432/549,,372.00,130280.00,197120.00,,T3 - BACIA DO TEJO-SADO / MARGEM ESQUERDA,,ALCOCHETE,2025-07-17 14:16:16.360211+00
1832,2006-11-08 00:00:00+00,432/549,,372.00,130280.00,197120.00,,T3 - BACIA DO TEJO-SADO / MARGEM ESQUERDA,,ALCOCHETE,2025-07-17 14:16:16.360211+00
1833,2007-03-01 00:00:00+00,432/549,,370.00,130280.00,197120.00,,T3 - BACIA DO TEJO-SADO / MARGEM ESQUERDA,,ALCOCHETE,2025-07-17 14:16:16.360211+00
1834,2007-09-27 00:00:00+00,432/549,,380.00,130280.00,197120.00,,T3 - BACIA DO TEJO-SADO / MARGEM ESQUERDA,,ALCOCHETE,2025-07-17 14:16:16.360211+00
1835,2008-03-03 00:00:00+00,432/549,,370.00,130280.00,197120.00,,T3 - BACIA DO TEJO-SADO / MARGEM ESQUERDA,,ALCOCHETE,2025-07-17 14:16:16.360211+00
1836,2008-09-22 00:00:00+00,432/549,,400.00,130280.00,197120.00,,T3 - BACIA DO TEJO-SADO / MARGEM ESQUERDA,,ALCOCHETE,2025-07-17 14:16:16.360211+00
1837,2017-09-27 00:00:00+00,432/549,350.00,,130280.00,197120.00,,T3 - BACIA DO TEJO-SADO / MARGEM ESQUERDA,,ALCOCHETE,2025-07-17 14:16:16.360211+00
1838,2019-05-22 00:00:00+00,432/549,360.00,,130280.00,197120.00,,T3 - BACIA DO TEJO-SADO / MARGEM ESQUERDA,,ALCOCHETE,2025-07-17 14:16:16.360211+00
1839,2019-09-25 00:00:00+00,432/549,350.00,,130280.00,197120.00,,T3 - BACIA DO TEJO-SADO / MARGEM ESQUERDA,,ALCOCHETE,2025-07-17 14:16:16.360211+00
1840,2020-06-23 00:00:00+00,432/549,540.00,,130280.00,197120.00,,T3 - BACIA DO TEJO-SADO / MARGEM ESQUERDA,,ALCOCHETE,2025-07-17 14:16:16.360211+00
1841,2020-09-30 00:00:00+00,432/549,490.00,,130280.00,197120.00,,T3 - BACIA DO TEJO-SADO / MARGEM ESQUERDA,,ALCOCHETE,2025-07-17 14:16:16.360211+00
1842,2021-06-23 00:00:00+00,432/549,466.00,,130280.00,197120.00,,T3 - BACIA DO TEJO-SADO / MARGEM ESQUERDA,,ALCOCHETE,2025-07-17 14:16:16.360211+00
1843,2021-09-29 00:00:00+00,432/549,391.00,,130280.00,197120.00,,T3 - BACIA DO TEJO-SADO / MARGEM ESQUERDA,,ALCOCHETE,2025-07-17 14:16:16.360211+00
1844,2022-05-25 00:00:00+00,432/549,365.00,,130280.00,197120.00,,T3 - BACIA DO TEJO-SADO / MARGEM ESQUERDA,,ALCOCHETE,2025-07-17 14:16:16.360211+00
1845,2022-08-31 00:00:00+00,432/549,397.00,,130280.00,197120.00,,T3 - BACIA DO TEJO-SADO / MARGEM ESQUERDA,,ALCOCHETE,2025-07-17 14:16:16.360211+00
1846,2023-05-24 00:00:00+00,432/549,428.00,,130280.00,197120.00,,T3 - BACIA DO TEJO-SADO / MARGEM ESQUERDA,,ALCOCHETE,2025-07-17 14:16:16.360211+00
1847,2023-08-30 00:00:00+00,432/549,405.00,,130280.00,197120.00,,T3 - BACIA DO TEJO-SADO / MARGEM ESQUERDA,,ALCOCHETE,2025-07-17 14:16:16.360211+00
1848,2000-03-08 00:00:00+00,432/724,,318.00,124200.00,194930.00,,T3 - BACIA DO TEJO-SADO / MARGEM ESQUERDA,,SAMOUCO,2025-07-17 14:16:16.360211+00
1849,2000-09-25 00:00:00+00,432/724,,350.00,124200.00,194930.00,,T3 - BACIA DO TEJO-SADO / MARGEM ESQUERDA,,SAMOUCO,2025-07-17 14:16:16.360211+00
1850,2001-02-19 00:00:00+00,432/724,,407.00,124200.00,194930.00,,T3 - BACIA DO TEJO-SADO / MARGEM ESQUERDA,,SAMOUCO,2025-07-17 14:16:16.360211+00
1851,2001-09-19 14:30:00+00,432/724,,369.00,124200.00,194930.00,,T3 - BACIA DO TEJO-SADO / MARGEM ESQUERDA,,SAMOUCO,2025-07-17 14:16:16.905772+00
1852,2002-02-25 14:00:00+00,432/724,,380.00,124200.00,194930.00,,T3 - BACIA DO TEJO-SADO / MARGEM ESQUERDA,,SAMOUCO,2025-07-17 14:16:16.905772+00
1853,2003-03-24 00:00:00+00,432/724,,334.00,124200.00,194930.00,,T3 - BACIA DO TEJO-SADO / MARGEM ESQUERDA,,SAMOUCO,2025-07-17 14:16:16.905772+00
1854,2003-09-23 00:00:00+00,432/724,,334.00,124200.00,194930.00,,T3 - BACIA DO TEJO-SADO / MARGEM ESQUERDA,,SAMOUCO,2025-07-17 14:16:16.905772+00
1855,2004-02-17 00:00:00+00,432/724,,350.00,124200.00,194930.00,,T3 - BACIA DO TEJO-SADO / MARGEM ESQUERDA,,SAMOUCO,2025-07-17 14:16:16.905772+00
1856,2004-09-22 00:00:00+00,432/724,,315.00,124200.00,194930.00,,T3 - BACIA DO TEJO-SADO / MARGEM ESQUERDA,,SAMOUCO,2025-07-17 14:16:16.905772+00
1857,2006-03-20 00:00:00+00,432/724,,338.00,124200.00,194930.00,,T3 - BACIA DO TEJO-SADO / MARGEM ESQUERDA,,SAMOUCO,2025-07-17 14:16:16.905772+00
1858,2006-11-08 00:00:00+00,432/724,,367.00,124200.00,194930.00,,T3 - BACIA DO TEJO-SADO / MARGEM ESQUERDA,,SAMOUCO,2025-07-17 14:16:16.905772+00
1859,2007-03-01 00:00:00+00,432/724,,340.00,124200.00,194930.00,,T3 - BACIA DO TEJO-SADO / MARGEM ESQUERDA,,SAMOUCO,2025-07-17 14:16:16.905772+00
1860,2007-09-27 00:00:00+00,432/724,,350.00,124200.00,194930.00,,T3 - BACIA DO TEJO-SADO / MARGEM ESQUERDA,,SAMOUCO,2025-07-17 14:16:16.905772+00
1861,2008-09-22 00:00:00+00,432/724,,360.00,124200.00,194930.00,,T3 - BACIA DO TEJO-SADO / MARGEM ESQUERDA,,SAMOUCO,2025-07-17 14:16:16.905772+00
1862,2000-04-03 00:00:00+00,432/740,,377.00,129370.00,191470.00,,T3 - BACIA DO TEJO-SADO / MARGEM ESQUERDA,,ALTO-ESTANQUEIRO-JARDIA,2025-07-17 14:16:16.905772+00
1863,2000-10-23 00:00:00+00,432/740,,345.00,129370.00,191470.00,,T3 - BACIA DO TEJO-SADO / MARGEM ESQUERDA,,ALTO-ESTANQUEIRO-JARDIA,2025-07-17 14:16:16.905772+00
1864,2001-03-26 00:00:00+00,432/740,,349.00,129370.00,191470.00,,T3 - BACIA DO TEJO-SADO / MARGEM ESQUERDA,,ALTO-ESTANQUEIRO-JARDIA,2025-07-17 14:16:16.905772+00
1865,2001-10-22 11:10:00+00,432/740,,388.00,129370.00,191470.00,,T3 - BACIA DO TEJO-SADO / MARGEM ESQUERDA,,ALTO-ESTANQUEIRO-JARDIA,2025-07-17 14:16:16.905772+00
1866,2002-10-28 00:00:00+00,432/740,,354.00,129370.00,191470.00,,T3 - BACIA DO TEJO-SADO / MARGEM ESQUERDA,,ALTO-ESTANQUEIRO-JARDIA,2025-07-17 14:16:16.905772+00
1867,2003-03-24 00:00:00+00,432/740,,347.00,129370.00,191470.00,,T3 - BACIA DO TEJO-SADO / MARGEM ESQUERDA,,ALTO-ESTANQUEIRO-JARDIA,2025-07-17 14:16:16.905772+00
1868,2004-09-22 00:00:00+00,432/740,,413.00,129370.00,191470.00,,T3 - BACIA DO TEJO-SADO / MARGEM ESQUERDA,,ALTO-ESTANQUEIRO-JARDIA,2025-07-17 14:16:16.905772+00
1869,2006-03-29 00:00:00+00,432/740,,462.00,129370.00,191470.00,,T3 - BACIA DO TEJO-SADO / MARGEM ESQUERDA,,ALTO-ESTANQUEIRO-JARDIA,2025-07-17 14:16:16.905772+00
1870,2006-11-13 00:00:00+00,432/740,,436.00,129370.00,191470.00,,T3 - BACIA DO TEJO-SADO / MARGEM ESQUERDA,,ALTO-ESTANQUEIRO-JARDIA,2025-07-17 14:16:16.905772+00
1871,2007-03-13 00:00:00+00,432/740,,400.00,129370.00,191470.00,,T3 - BACIA DO TEJO-SADO / MARGEM ESQUERDA,,ALTO-ESTANQUEIRO-JARDIA,2025-07-17 14:16:16.905772+00
1872,2007-10-22 00:00:00+00,432/740,,410.00,129370.00,191470.00,,T3 - BACIA DO TEJO-SADO / MARGEM ESQUERDA,,ALTO-ESTANQUEIRO-JARDIA,2025-07-17 14:16:16.905772+00
1873,2008-03-27 00:00:00+00,432/740,,410.00,129370.00,191470.00,,T3 - BACIA DO TEJO-SADO / MARGEM ESQUERDA,,ALTO-ESTANQUEIRO-JARDIA,2025-07-17 14:16:16.905772+00
1874,2012-11-05 14:50:00+00,432/740,440.00,,129370.00,191470.00,,T3 - BACIA DO TEJO-SADO / MARGEM ESQUERDA,,ALTO-ESTANQUEIRO-JARDIA,2025-07-17 14:16:16.905772+00
1875,2004-09-22 00:00:00+00,432/787,,651.00,131320.00,193850.00,,T3 - BACIA DO TEJO-SADO / MARGEM ESQUERDA,,ATALAIA,2025-07-17 14:16:16.905772+00
1876,2018-01-03 00:00:00+00,432/963,980.00,,123946.40,194839.57,,T3 - BACIA DO TEJO-SADO / MARGEM ESQUERDA,EM SERVIÇO,SAMOUCO,2025-07-17 14:16:16.905772+00
1877,2019-04-23 00:00:00+00,432/963,710.00,,123946.40,194839.57,,T3 - BACIA DO TEJO-SADO / MARGEM ESQUERDA,EM SERVIÇO,SAMOUCO,2025-07-17 14:16:16.905772+00
1878,2019-10-10 00:00:00+00,432/963,900.00,,123946.40,194839.57,,T3 - BACIA DO TEJO-SADO / MARGEM ESQUERDA,EM SERVIÇO,SAMOUCO,2025-07-17 14:16:16.905772+00
1879,2020-05-27 00:00:00+00,432/963,730.00,,123946.40,194839.57,,T3 - BACIA DO TEJO-SADO / MARGEM ESQUERDA,EM SERVIÇO,SAMOUCO,2025-07-17 14:16:16.905772+00
1880,2020-09-16 00:00:00+00,432/963,720.00,,123946.40,194839.57,,T3 - BACIA DO TEJO-SADO / MARGEM ESQUERDA,EM SERVIÇO,SAMOUCO,2025-07-17 14:16:16.905772+00
1881,2021-05-26 00:00:00+00,432/963,771.00,,123946.40,194839.57,,T3 - BACIA DO TEJO-SADO / MARGEM ESQUERDA,EM SERVIÇO,SAMOUCO,2025-07-17 14:16:16.905772+00
1882,2021-09-15 00:00:00+00,432/963,555.00,,123946.40,194839.57,,T3 - BACIA DO TEJO-SADO / MARGEM ESQUERDA,EM SERVIÇO,SAMOUCO,2025-07-17 14:16:16.905772+00
1883,2022-06-08 00:00:00+00,432/963,1215.00,,123946.40,194839.57,,T3 - BACIA DO TEJO-SADO / MARGEM ESQUERDA,EM SERVIÇO,SAMOUCO,2025-07-17 14:16:16.905772+00
1884,2022-09-14 00:00:00+00,432/963,1027.00,,123946.40,194839.57,,T3 - BACIA DO TEJO-SADO / MARGEM ESQUERDA,EM SERVIÇO,SAMOUCO,2025-07-17 14:16:16.905772+00
1885,2023-06-21 00:00:00+00,432/963,1306.00,,123946.40,194839.57,,T3 - BACIA DO TEJO-SADO / MARGEM ESQUERDA,EM SERVIÇO,SAMOUCO,2025-07-17 14:16:16.905772+00
1886,2023-09-13 00:00:00+00,432/963,937.00,,123946.40,194839.57,,T3 - BACIA DO TEJO-SADO / MARGEM ESQUERDA,EM SERVIÇO,SAMOUCO,2025-07-17 14:16:16.905772+00
1887,2005-10-07 00:00:00+00,433/AG50,,430.00,145744.00,194794.00,44,T3 - BACIA DO TEJO-SADO / MARGEM ESQUERDA,DESTRUÍDO,POCEIRÃO,2025-07-17 14:16:16.905772+00
1888,2006-04-19 00:00:00+00,433/AG50,,664.00,145744.00,194794.00,44,T3 - BACIA DO TEJO-SADO / MARGEM ESQUERDA,DESTRUÍDO,POCEIRÃO,2025-07-17 14:16:16.905772+00
1889,2007-03-22 00:00:00+00,433/AG50,,720.00,145744.00,194794.00,44,T3 - BACIA DO TEJO-SADO / MARGEM ESQUERDA,DESTRUÍDO,POCEIRÃO,2025-07-17 14:16:16.905772+00
1890,2007-11-15 00:00:00+00,433/AG50,,470.00,145744.00,194794.00,44,T3 - BACIA DO TEJO-SADO / MARGEM ESQUERDA,DESTRUÍDO,POCEIRÃO,2025-07-17 14:16:16.905772+00
1891,2008-04-21 00:00:00+00,433/AG50,,240.00,145744.00,194794.00,44,T3 - BACIA DO TEJO-SADO / MARGEM ESQUERDA,DESTRUÍDO,POCEIRÃO,2025-07-17 14:16:16.905772+00
1892,2005-10-07 00:00:00+00,433/AG74,,219.00,140237.00,197293.00,35,T3 - BACIA DO TEJO-SADO / MARGEM ESQUERDA,,ALCOCHETE,2025-07-17 14:16:16.905772+00
1893,2006-03-20 00:00:00+00,433/AG74,,201.00,140237.00,197293.00,35,T3 - BACIA DO TEJO-SADO / MARGEM ESQUERDA,,ALCOCHETE,2025-07-17 14:16:16.905772+00
1894,2007-09-27 00:00:00+00,433/AG74,,200.00,140237.00,197293.00,35,T3 - BACIA DO TEJO-SADO / MARGEM ESQUERDA,,ALCOCHETE,2025-07-17 14:16:16.905772+00
1895,2008-03-03 00:00:00+00,433/AG74,,200.00,140237.00,197293.00,35,T3 - BACIA DO TEJO-SADO / MARGEM ESQUERDA,,ALCOCHETE,2025-07-17 14:16:16.905772+00
1896,2008-09-22 00:00:00+00,433/AG74,,210.00,140237.00,197293.00,35,T3 - BACIA DO TEJO-SADO / MARGEM ESQUERDA,,ALCOCHETE,2025-07-17 14:16:16.905772+00
1897,2005-10-07 00:00:00+00,433/AG76,,828.00,149725.00,195039.00,66,T3 - BACIA DO TEJO-SADO / MARGEM ESQUERDA,DESTRUÍDO,POCEIRÃO,2025-07-17 14:16:16.905772+00
1898,2006-04-19 00:00:00+00,433/AG76,,1043.00,149725.00,195039.00,66,T3 - BACIA DO TEJO-SADO / MARGEM ESQUERDA,DESTRUÍDO,POCEIRÃO,2025-07-17 14:16:16.905772+00
1899,2007-03-22 00:00:00+00,433/AG76,,620.00,149725.00,195039.00,66,T3 - BACIA DO TEJO-SADO / MARGEM ESQUERDA,DESTRUÍDO,POCEIRÃO,2025-07-17 14:16:16.905772+00
1900,2007-11-15 00:00:00+00,433/AG76,,610.00,149725.00,195039.00,66,T3 - BACIA DO TEJO-SADO / MARGEM ESQUERDA,DESTRUÍDO,POCEIRÃO,2025-07-17 14:16:16.905772+00
1901,2008-04-21 00:00:00+00,433/AG76,,670.00,149725.00,195039.00,66,T3 - BACIA DO TEJO-SADO / MARGEM ESQUERDA,DESTRUÍDO,POCEIRÃO,2025-07-17 14:16:16.905772+00
1902,2021-04-19 00:00:00+00,434/2,383.00,,167936.00,194380.00,70,T3 - BACIA DO TEJO-SADO / MARGEM ESQUERDA,,VENDAS NOVAS,2025-07-17 14:16:16.905772+00
1903,2021-10-04 00:00:00+00,434/2,385.00,,167936.00,194380.00,70,T3 - BACIA DO TEJO-SADO / MARGEM ESQUERDA,,VENDAS NOVAS,2025-07-17 14:16:16.905772+00
1904,2022-04-19 00:00:00+00,434/2,400.00,,167936.00,194380.00,70,T3 - BACIA DO TEJO-SADO / MARGEM ESQUERDA,,VENDAS NOVAS,2025-07-17 14:16:16.905772+00
1905,2022-10-24 00:00:00+00,434/2,402.00,,167936.00,194380.00,70,T3 - BACIA DO TEJO-SADO / MARGEM ESQUERDA,,VENDAS NOVAS,2025-07-17 14:16:16.905772+00
1906,2023-04-10 00:00:00+00,434/2,408.00,,167936.00,194380.00,70,T3 - BACIA DO TEJO-SADO / MARGEM ESQUERDA,,VENDAS NOVAS,2025-07-17 14:16:16.905772+00
1907,2021-04-19 00:00:00+00,434/3,192.00,,167631.00,194815.00,70,T3 - BACIA DO TEJO-SADO / MARGEM ESQUERDA,,VENDAS NOVAS,2025-07-17 14:16:16.905772+00
1908,2021-10-04 00:00:00+00,434/3,302.00,,167631.00,194815.00,70,T3 - BACIA DO TEJO-SADO / MARGEM ESQUERDA,,VENDAS NOVAS,2025-07-17 14:16:16.905772+00
1909,2022-04-19 00:00:00+00,434/3,288.00,,167631.00,194815.00,70,T3 - BACIA DO TEJO-SADO / MARGEM ESQUERDA,,VENDAS NOVAS,2025-07-17 14:16:16.905772+00
1910,2022-10-24 00:00:00+00,434/3,262.10,,167631.00,194815.00,70,T3 - BACIA DO TEJO-SADO / MARGEM ESQUERDA,,VENDAS NOVAS,2025-07-17 14:16:16.905772+00
1911,2023-04-10 00:00:00+00,434/3,294.00,,167631.00,194815.00,70,T3 - BACIA DO TEJO-SADO / MARGEM ESQUERDA,,VENDAS NOVAS,2025-07-17 14:16:16.905772+00
1912,2021-04-19 00:00:00+00,434/307,289.00,,167360.00,195200.00,56,T3 - BACIA DO TEJO-SADO / MARGEM ESQUERDA,,VENDAS NOVAS,2025-07-17 14:16:16.905772+00
1913,2021-10-04 00:00:00+00,434/307,320.00,,167360.00,195200.00,56,T3 - BACIA DO TEJO-SADO / MARGEM ESQUERDA,,VENDAS NOVAS,2025-07-17 14:16:16.905772+00
1914,2022-04-19 00:00:00+00,434/307,322.00,,167360.00,195200.00,56,T3 - BACIA DO TEJO-SADO / MARGEM ESQUERDA,,VENDAS NOVAS,2025-07-17 14:16:16.905772+00
1915,2022-10-24 00:00:00+00,434/307,322.00,,167360.00,195200.00,56,T3 - BACIA DO TEJO-SADO / MARGEM ESQUERDA,,VENDAS NOVAS,2025-07-17 14:16:16.905772+00
1916,2023-04-10 00:00:00+00,434/307,324.00,,167360.00,195200.00,56,T3 - BACIA DO TEJO-SADO / MARGEM ESQUERDA,,VENDAS NOVAS,2025-07-17 14:16:16.905772+00
1921,2009-05-28 00:00:00+00,330/230,,230.00,174000.00,271850.00,,T7 - ALUVIÕES DO TEJO,,,2025-07-17 14:16:16.905772+00
1923,2005-10-07 00:00:00+00,434/AG54,,268.00,165002.00,193207.00,88,T3 - BACIA DO TEJO-SADO / MARGEM ESQUERDA,,CANHA,2025-07-17 14:16:16.905772+00
1924,2006-03-29 00:00:00+00,434/AG54,,147.00,165002.00,193207.00,88,T3 - BACIA DO TEJO-SADO / MARGEM ESQUERDA,,CANHA,2025-07-17 14:16:16.905772+00
1925,2007-03-13 00:00:00+00,434/AG54,,160.00,165002.00,193207.00,88,T3 - BACIA DO TEJO-SADO / MARGEM ESQUERDA,,CANHA,2025-07-17 14:16:16.905772+00
1926,2007-10-22 00:00:00+00,434/AG54,,170.00,165002.00,193207.00,88,T3 - BACIA DO TEJO-SADO / MARGEM ESQUERDA,,CANHA,2025-07-17 14:16:16.905772+00
1927,2008-03-31 00:00:00+00,434/AG54,,160.00,165002.00,193207.00,88,T3 - BACIA DO TEJO-SADO / MARGEM ESQUERDA,,CANHA,2025-07-17 14:16:16.905772+00
1984,2009-10-29 00:00:00+00,330/230,,250.00,174000.00,271850.00,,T7 - ALUVIÕES DO TEJO,,,2025-07-17 14:16:16.905772+00
2050,2002-11-06 00:00:00+00,330/231,,363.00,175050.00,275180.00,,T7 - ALUVIÕES DO TEJO,,,2025-07-17 14:16:16.905772+00
2133,2006-02-22 00:00:00+00,443/1118,,129.00,124269.00,184417.00,,T3 - BACIA DO TEJO-SADO / MARGEM ESQUERDA,,ALHOS VEDROS,2025-07-17 14:16:16.905772+00
2134,2007-02-26 00:00:00+00,443/1118,,120.00,124269.00,184417.00,,T3 - BACIA DO TEJO-SADO / MARGEM ESQUERDA,,ALHOS VEDROS,2025-07-17 14:16:16.905772+00
2135,2008-02-25 00:00:00+00,443/1118,,120.00,124269.00,184417.00,,T3 - BACIA DO TEJO-SADO / MARGEM ESQUERDA,,ALHOS VEDROS,2025-07-17 14:16:16.905772+00
2136,2008-09-30 00:00:00+00,443/1118,,120.00,124269.00,184417.00,,T3 - BACIA DO TEJO-SADO / MARGEM ESQUERDA,,ALHOS VEDROS,2025-07-17 14:16:16.905772+00
2137,2000-03-20 00:00:00+00,443/263,,174.00,132250.00,183270.00,,T3 - BACIA DO TEJO-SADO / MARGEM ESQUERDA,,PINHAL NOVO,2025-07-17 14:16:16.905772+00
2138,2000-10-09 00:00:00+00,443/263,,152.00,132250.00,183270.00,,T3 - BACIA DO TEJO-SADO / MARGEM ESQUERDA,,PINHAL NOVO,2025-07-17 14:16:16.905772+00
2139,2001-03-21 00:00:00+00,443/263,,178.00,132250.00,183270.00,,T3 - BACIA DO TEJO-SADO / MARGEM ESQUERDA,,PINHAL NOVO,2025-07-17 14:16:16.905772+00
2140,2001-10-08 10:10:00+00,443/263,,163.00,132250.00,183270.00,,T3 - BACIA DO TEJO-SADO / MARGEM ESQUERDA,,PINHAL NOVO,2025-07-17 14:16:16.905772+00
2141,2002-03-25 00:00:00+00,443/263,,175.00,132250.00,183270.00,,T3 - BACIA DO TEJO-SADO / MARGEM ESQUERDA,,PINHAL NOVO,2025-07-17 14:16:16.905772+00
2142,2002-10-07 00:00:00+00,443/263,,159.00,132250.00,183270.00,,T3 - BACIA DO TEJO-SADO / MARGEM ESQUERDA,,PINHAL NOVO,2025-07-17 14:16:16.905772+00
2143,2003-03-31 00:00:00+00,443/263,,173.00,132250.00,183270.00,,T3 - BACIA DO TEJO-SADO / MARGEM ESQUERDA,,PINHAL NOVO,2025-07-17 14:16:16.905772+00
2144,2003-10-13 00:00:00+00,443/263,,188.00,132250.00,183270.00,,T3 - BACIA DO TEJO-SADO / MARGEM ESQUERDA,,PINHAL NOVO,2025-07-17 14:16:16.905772+00
2145,2004-04-26 00:00:00+00,443/263,,173.00,132250.00,183270.00,,T3 - BACIA DO TEJO-SADO / MARGEM ESQUERDA,,PINHAL NOVO,2025-07-17 14:16:16.905772+00
2146,2004-10-18 00:00:00+00,443/263,,173.00,132250.00,183270.00,,T3 - BACIA DO TEJO-SADO / MARGEM ESQUERDA,,PINHAL NOVO,2025-07-17 14:16:16.905772+00
2147,2006-04-10 00:00:00+00,443/263,,218.00,132250.00,183270.00,,T3 - BACIA DO TEJO-SADO / MARGEM ESQUERDA,,PINHAL NOVO,2025-07-17 14:16:16.905772+00
2148,2006-10-23 00:00:00+00,443/263,,222.00,132250.00,183270.00,,T3 - BACIA DO TEJO-SADO / MARGEM ESQUERDA,,PINHAL NOVO,2025-07-17 14:16:16.905772+00
2149,2007-11-14 00:00:00+00,443/263,,180.00,132250.00,183270.00,,T3 - BACIA DO TEJO-SADO / MARGEM ESQUERDA,,PINHAL NOVO,2025-07-17 14:16:16.905772+00
2150,2008-04-08 00:00:00+00,443/263,,180.00,132250.00,183270.00,,T3 - BACIA DO TEJO-SADO / MARGEM ESQUERDA,,PINHAL NOVO,2025-07-17 14:16:16.905772+00
2161,2000-03-20 00:00:00+00,443/46,,628.00,131860.00,180060.00,,T3 - BACIA DO TEJO-SADO / MARGEM ESQUERDA,,PALMELA,2025-07-17 14:16:16.905772+00
2162,2000-10-09 00:00:00+00,443/46,,535.00,131860.00,180060.00,,T3 - BACIA DO TEJO-SADO / MARGEM ESQUERDA,,PALMELA,2025-07-17 14:16:16.905772+00
2163,2001-03-21 00:00:00+00,443/46,,542.00,131860.00,180060.00,,T3 - BACIA DO TEJO-SADO / MARGEM ESQUERDA,,PALMELA,2025-07-17 14:16:16.905772+00
2164,2001-10-08 10:35:00+00,443/46,,509.00,131860.00,180060.00,,T3 - BACIA DO TEJO-SADO / MARGEM ESQUERDA,,PALMELA,2025-07-17 14:16:16.905772+00
2165,2002-10-07 00:00:00+00,443/46,,539.00,131860.00,180060.00,,T3 - BACIA DO TEJO-SADO / MARGEM ESQUERDA,,PALMELA,2025-07-17 14:16:16.905772+00
2166,2003-03-31 00:00:00+00,443/46,,542.00,131860.00,180060.00,,T3 - BACIA DO TEJO-SADO / MARGEM ESQUERDA,,PALMELA,2025-07-17 14:16:16.905772+00
2167,2003-10-13 00:00:00+00,443/46,,621.00,131860.00,180060.00,,T3 - BACIA DO TEJO-SADO / MARGEM ESQUERDA,,PALMELA,2025-07-17 14:16:16.905772+00
2168,2004-04-26 00:00:00+00,443/46,,358.00,131860.00,180060.00,,T3 - BACIA DO TEJO-SADO / MARGEM ESQUERDA,,PALMELA,2025-07-17 14:16:16.905772+00
2169,2004-10-18 00:00:00+00,443/46,,577.00,131860.00,180060.00,,T3 - BACIA DO TEJO-SADO / MARGEM ESQUERDA,,PALMELA,2025-07-17 14:16:16.905772+00
2170,2006-04-10 00:00:00+00,443/46,,593.00,131860.00,180060.00,,T3 - BACIA DO TEJO-SADO / MARGEM ESQUERDA,,PALMELA,2025-07-17 14:16:16.905772+00
2171,2006-10-23 00:00:00+00,443/46,,490.00,131860.00,180060.00,,T3 - BACIA DO TEJO-SADO / MARGEM ESQUERDA,,PALMELA,2025-07-17 14:16:16.905772+00
2172,2007-03-19 00:00:00+00,443/46,,570.00,131860.00,180060.00,,T3 - BACIA DO TEJO-SADO / MARGEM ESQUERDA,,PALMELA,2025-07-17 14:16:16.905772+00
2173,2008-04-08 00:00:00+00,443/46,,580.00,131860.00,180060.00,,T3 - BACIA DO TEJO-SADO / MARGEM ESQUERDA,,PALMELA,2025-07-17 14:16:16.905772+00
2174,2001-09-03 11:50:00+00,443/48,,129.00,121600.00,187300.00,,T3 - BACIA DO TEJO-SADO / MARGEM ESQUERDA,,VALE DA AMOREIRA,2025-07-17 14:16:16.905772+00
2175,2002-02-18 12:05:00+00,443/48,,126.00,121600.00,187300.00,,T3 - BACIA DO TEJO-SADO / MARGEM ESQUERDA,,VALE DA AMOREIRA,2025-07-17 14:16:16.905772+00
2176,2002-09-02 00:00:00+00,443/48,,135.00,121600.00,187300.00,,T3 - BACIA DO TEJO-SADO / MARGEM ESQUERDA,,VALE DA AMOREIRA,2025-07-17 14:16:16.905772+00
2177,2003-09-09 00:00:00+00,443/48,,147.00,121600.00,187300.00,,T3 - BACIA DO TEJO-SADO / MARGEM ESQUERDA,,VALE DA AMOREIRA,2025-07-17 14:16:16.905772+00
2178,2004-02-16 00:00:00+00,443/48,,142.00,121600.00,187300.00,,T3 - BACIA DO TEJO-SADO / MARGEM ESQUERDA,,VALE DA AMOREIRA,2025-07-17 14:16:16.905772+00
2179,2004-09-20 00:00:00+00,443/48,,143.00,121600.00,187300.00,,T3 - BACIA DO TEJO-SADO / MARGEM ESQUERDA,,VALE DA AMOREIRA,2025-07-17 14:16:16.905772+00
2180,2006-02-22 00:00:00+00,443/48,,139.00,121600.00,187300.00,,T3 - BACIA DO TEJO-SADO / MARGEM ESQUERDA,,VALE DA AMOREIRA,2025-07-17 14:16:16.905772+00
2181,2007-02-26 00:00:00+00,443/48,,150.00,121600.00,187300.00,,T3 - BACIA DO TEJO-SADO / MARGEM ESQUERDA,,VALE DA AMOREIRA,2025-07-17 14:16:16.905772+00
2182,2008-02-25 00:00:00+00,443/48,,140.00,121600.00,187300.00,,T3 - BACIA DO TEJO-SADO / MARGEM ESQUERDA,,VALE DA AMOREIRA,2025-07-17 14:16:16.905772+00
2183,2008-09-30 00:00:00+00,443/48,,150.00,121600.00,187300.00,,T3 - BACIA DO TEJO-SADO / MARGEM ESQUERDA,,VALE DA AMOREIRA,2025-07-17 14:16:16.905772+00
2184,2001-09-03 10:50:00+00,443/733,,104.00,124410.00,182730.00,,T3 - BACIA DO TEJO-SADO / MARGEM ESQUERDA,,ALHOS VEDROS,2025-07-17 14:16:16.905772+00
2185,2002-02-18 10:00:00+00,443/733,,123.00,124410.00,182730.00,,T3 - BACIA DO TEJO-SADO / MARGEM ESQUERDA,,ALHOS VEDROS,2025-07-17 14:16:16.905772+00
2186,2002-09-02 00:00:00+00,443/733,,105.00,124410.00,182730.00,,T3 - BACIA DO TEJO-SADO / MARGEM ESQUERDA,,ALHOS VEDROS,2025-07-17 14:16:16.905772+00
2187,2003-09-09 00:00:00+00,443/733,,122.00,124410.00,182730.00,,T3 - BACIA DO TEJO-SADO / MARGEM ESQUERDA,,ALHOS VEDROS,2025-07-17 14:16:16.905772+00
2188,2004-02-16 00:00:00+00,443/733,,111.00,124410.00,182730.00,,T3 - BACIA DO TEJO-SADO / MARGEM ESQUERDA,,ALHOS VEDROS,2025-07-17 14:16:16.905772+00
2189,2004-09-20 00:00:00+00,443/733,,111.00,124410.00,182730.00,,T3 - BACIA DO TEJO-SADO / MARGEM ESQUERDA,,ALHOS VEDROS,2025-07-17 14:16:16.905772+00
2190,2000-03-20 00:00:00+00,443/734,,233.00,128950.00,180150.00,,T3 - BACIA DO TEJO-SADO / MARGEM ESQUERDA,,QUINTA DO ANJO,2025-07-17 14:16:16.905772+00
2191,2000-10-09 00:00:00+00,443/734,,206.00,128950.00,180150.00,,T3 - BACIA DO TEJO-SADO / MARGEM ESQUERDA,,QUINTA DO ANJO,2025-07-17 14:16:16.905772+00
2192,2001-03-21 00:00:00+00,443/734,,96.30,128950.00,180150.00,,T3 - BACIA DO TEJO-SADO / MARGEM ESQUERDA,,QUINTA DO ANJO,2025-07-17 14:16:16.905772+00
2193,2001-10-08 11:05:00+00,443/734,,97.00,128950.00,180150.00,,T3 - BACIA DO TEJO-SADO / MARGEM ESQUERDA,,QUINTA DO ANJO,2025-07-17 14:16:16.905772+00
2194,2002-03-25 00:00:00+00,443/734,,238.00,128950.00,180150.00,,T3 - BACIA DO TEJO-SADO / MARGEM ESQUERDA,,QUINTA DO ANJO,2025-07-17 14:16:16.905772+00
2195,2002-10-07 00:00:00+00,443/734,,216.00,128950.00,180150.00,,T3 - BACIA DO TEJO-SADO / MARGEM ESQUERDA,,QUINTA DO ANJO,2025-07-17 14:16:16.905772+00
2196,2003-03-31 00:00:00+00,443/734,,99.00,128950.00,180150.00,,T3 - BACIA DO TEJO-SADO / MARGEM ESQUERDA,,QUINTA DO ANJO,2025-07-17 14:16:16.905772+00
2197,2003-10-13 00:00:00+00,443/734,,271.00,128950.00,180150.00,,T3 - BACIA DO TEJO-SADO / MARGEM ESQUERDA,,QUINTA DO ANJO,2025-07-17 14:16:16.905772+00
2198,2004-04-26 00:00:00+00,443/734,,226.00,128950.00,180150.00,,T3 - BACIA DO TEJO-SADO / MARGEM ESQUERDA,,QUINTA DO ANJO,2025-07-17 14:16:16.905772+00
2199,2004-10-18 00:00:00+00,443/734,,120.00,128950.00,180150.00,,T3 - BACIA DO TEJO-SADO / MARGEM ESQUERDA,,QUINTA DO ANJO,2025-07-17 14:16:16.905772+00
2200,2006-04-10 00:00:00+00,443/734,,174.00,128950.00,180150.00,,T3 - BACIA DO TEJO-SADO / MARGEM ESQUERDA,,QUINTA DO ANJO,2025-07-17 14:16:16.905772+00
2201,2006-10-23 00:00:00+00,443/734,,115.00,128950.00,180150.00,,T3 - BACIA DO TEJO-SADO / MARGEM ESQUERDA,,QUINTA DO ANJO,2025-07-17 14:16:16.905772+00
2202,2000-03-01 00:00:00+00,443/920,,209.00,126050.00,188020.00,,T3 - BACIA DO TEJO-SADO / MARGEM ESQUERDA,,MOITA,2025-07-17 14:16:16.905772+00
2203,2000-09-18 00:00:00+00,443/920,,170.00,126050.00,188020.00,,T3 - BACIA DO TEJO-SADO / MARGEM ESQUERDA,,MOITA,2025-07-17 14:16:16.905772+00
2204,2001-02-12 00:00:00+00,443/920,,170.00,126050.00,188020.00,,T3 - BACIA DO TEJO-SADO / MARGEM ESQUERDA,,MOITA,2025-07-17 14:16:16.905772+00
2205,2001-09-03 09:30:00+00,443/920,,178.00,126050.00,188020.00,,T3 - BACIA DO TEJO-SADO / MARGEM ESQUERDA,,MOITA,2025-07-17 14:16:16.905772+00
2206,2002-02-18 11:35:00+00,443/920,,173.00,126050.00,188020.00,,T3 - BACIA DO TEJO-SADO / MARGEM ESQUERDA,,MOITA,2025-07-17 14:16:16.905772+00
2207,2002-09-02 00:00:00+00,443/920,,174.00,126050.00,188020.00,,T3 - BACIA DO TEJO-SADO / MARGEM ESQUERDA,,MOITA,2025-07-17 14:16:16.905772+00
2208,2003-09-09 00:00:00+00,443/920,,204.00,126050.00,188020.00,,T3 - BACIA DO TEJO-SADO / MARGEM ESQUERDA,,MOITA,2025-07-17 14:16:16.905772+00
2209,2006-02-22 00:00:00+00,443/920,,316.00,126050.00,188020.00,,T3 - BACIA DO TEJO-SADO / MARGEM ESQUERDA,,MOITA,2025-07-17 14:16:16.905772+00
2210,2007-02-26 00:00:00+00,443/920,,550.00,126050.00,188020.00,,T3 - BACIA DO TEJO-SADO / MARGEM ESQUERDA,,MOITA,2025-07-17 14:16:16.905772+00
2211,2007-10-15 00:00:00+00,443/920,,310.00,126050.00,188020.00,,T3 - BACIA DO TEJO-SADO / MARGEM ESQUERDA,,MOITA,2025-07-17 14:16:16.905772+00
2212,2008-02-25 00:00:00+00,443/920,,300.00,126050.00,188020.00,,T3 - BACIA DO TEJO-SADO / MARGEM ESQUERDA,,MOITA,2025-07-17 14:16:16.905772+00
2213,2008-09-30 00:00:00+00,443/920,,320.00,126050.00,188020.00,,T3 - BACIA DO TEJO-SADO / MARGEM ESQUERDA,,MOITA,2025-07-17 14:16:16.905772+00
2214,2000-03-01 00:00:00+00,443/922,,273.00,128410.00,186140.00,,T3 - BACIA DO TEJO-SADO / MARGEM ESQUERDA,,MOITA,2025-07-17 14:16:16.905772+00
2215,2000-09-18 00:00:00+00,443/922,,246.00,128410.00,186140.00,,T3 - BACIA DO TEJO-SADO / MARGEM ESQUERDA,,MOITA,2025-07-17 14:16:16.905772+00
2216,2001-02-12 00:00:00+00,443/922,,233.00,128410.00,186140.00,,T3 - BACIA DO TEJO-SADO / MARGEM ESQUERDA,,MOITA,2025-07-17 14:16:16.905772+00
2217,2001-09-03 09:55:00+00,443/922,,252.00,128410.00,186140.00,,T3 - BACIA DO TEJO-SADO / MARGEM ESQUERDA,,MOITA,2025-07-17 14:16:16.905772+00
2218,2002-02-18 11:00:00+00,443/922,,238.00,128410.00,186140.00,,T3 - BACIA DO TEJO-SADO / MARGEM ESQUERDA,,MOITA,2025-07-17 14:16:16.905772+00
2219,2002-09-02 00:00:00+00,443/922,,246.00,128410.00,186140.00,,T3 - BACIA DO TEJO-SADO / MARGEM ESQUERDA,,MOITA,2025-07-17 14:16:16.905772+00
2220,2003-09-09 00:00:00+00,443/922,,328.00,128410.00,186140.00,,T3 - BACIA DO TEJO-SADO / MARGEM ESQUERDA,,MOITA,2025-07-17 14:16:16.905772+00
2221,2004-09-20 00:00:00+00,443/922,,365.00,128410.00,186140.00,,T3 - BACIA DO TEJO-SADO / MARGEM ESQUERDA,,MOITA,2025-07-17 14:16:16.905772+00
2222,2006-02-22 00:00:00+00,443/922,,361.00,128410.00,186140.00,,T3 - BACIA DO TEJO-SADO / MARGEM ESQUERDA,,MOITA,2025-07-17 14:16:16.905772+00
2223,2007-02-26 00:00:00+00,443/922,,370.00,128410.00,186140.00,,T3 - BACIA DO TEJO-SADO / MARGEM ESQUERDA,,MOITA,2025-07-17 14:16:16.905772+00
2224,2007-10-15 00:00:00+00,443/922,,360.00,128410.00,186140.00,,T3 - BACIA DO TEJO-SADO / MARGEM ESQUERDA,,MOITA,2025-07-17 14:16:16.905772+00
2225,2008-02-25 00:00:00+00,443/922,,360.00,128410.00,186140.00,,T3 - BACIA DO TEJO-SADO / MARGEM ESQUERDA,,MOITA,2025-07-17 14:16:16.905772+00
2226,2008-09-30 00:00:00+00,443/922,,360.00,128410.00,186140.00,,T3 - BACIA DO TEJO-SADO / MARGEM ESQUERDA,,MOITA,2025-07-17 14:16:16.905772+00
2227,2000-03-01 00:00:00+00,443/940,,191.00,125750.00,183870.00,,T3 - BACIA DO TEJO-SADO / MARGEM ESQUERDA,,MOITA,2025-07-17 14:16:16.905772+00
2228,2000-09-18 00:00:00+00,443/940,,220.00,125750.00,183870.00,,T3 - BACIA DO TEJO-SADO / MARGEM ESQUERDA,,MOITA,2025-07-17 14:16:16.905772+00
2229,2001-02-12 00:00:00+00,443/940,,208.00,125750.00,183870.00,,T3 - BACIA DO TEJO-SADO / MARGEM ESQUERDA,,MOITA,2025-07-17 14:16:16.905772+00
2230,2001-09-03 00:00:00+00,443/940,,623.00,125750.00,183870.00,,T3 - BACIA DO TEJO-SADO / MARGEM ESQUERDA,,MOITA,2025-07-17 14:16:16.905772+00
2231,2002-02-18 00:00:00+00,443/940,,217.00,125750.00,183870.00,,T3 - BACIA DO TEJO-SADO / MARGEM ESQUERDA,,MOITA,2025-07-17 14:16:16.905772+00
2232,2002-09-02 00:00:00+00,443/940,,215.00,125750.00,183870.00,,T3 - BACIA DO TEJO-SADO / MARGEM ESQUERDA,,MOITA,2025-07-17 14:16:16.905772+00
2233,2003-09-09 00:00:00+00,443/940,,316.00,125750.00,183870.00,,T3 - BACIA DO TEJO-SADO / MARGEM ESQUERDA,,MOITA,2025-07-17 14:16:16.905772+00
2234,2004-02-16 00:00:00+00,443/940,,245.00,125750.00,183870.00,,T3 - BACIA DO TEJO-SADO / MARGEM ESQUERDA,,MOITA,2025-07-17 14:16:16.905772+00
2235,2004-09-20 00:00:00+00,443/940,,233.00,125750.00,183870.00,,T3 - BACIA DO TEJO-SADO / MARGEM ESQUERDA,,MOITA,2025-07-17 14:16:16.905772+00
2236,2000-03-20 00:00:00+00,444/10,,186.00,146650.00,185060.00,,T3 - BACIA DO TEJO-SADO / MARGEM ESQUERDA,,POCEIRÃO,2025-07-17 14:16:16.905772+00
2237,2000-10-09 00:00:00+00,444/10,,145.00,146650.00,185060.00,,T3 - BACIA DO TEJO-SADO / MARGEM ESQUERDA,,POCEIRÃO,2025-07-17 14:16:16.905772+00
2238,2002-03-25 00:00:00+00,444/10,,175.00,146650.00,185060.00,,T3 - BACIA DO TEJO-SADO / MARGEM ESQUERDA,,POCEIRÃO,2025-07-17 14:16:16.905772+00
2239,2002-10-07 00:00:00+00,444/10,,151.00,146650.00,185060.00,,T3 - BACIA DO TEJO-SADO / MARGEM ESQUERDA,,POCEIRÃO,2025-07-17 14:16:16.905772+00
2240,2003-03-31 00:00:00+00,444/10,,145.00,146650.00,185060.00,,T3 - BACIA DO TEJO-SADO / MARGEM ESQUERDA,,POCEIRÃO,2025-07-17 14:16:16.905772+00
2241,2003-10-13 00:00:00+00,444/10,,180.00,146650.00,185060.00,,T3 - BACIA DO TEJO-SADO / MARGEM ESQUERDA,,POCEIRÃO,2025-07-17 14:16:16.905772+00
2242,2004-04-26 00:00:00+00,444/10,,167.00,146650.00,185060.00,,T3 - BACIA DO TEJO-SADO / MARGEM ESQUERDA,,POCEIRÃO,2025-07-17 14:16:16.905772+00
2243,2004-10-18 00:00:00+00,444/10,,148.00,146650.00,185060.00,,T3 - BACIA DO TEJO-SADO / MARGEM ESQUERDA,,POCEIRÃO,2025-07-17 14:16:16.905772+00
2244,2006-04-10 00:00:00+00,444/10,,174.00,146650.00,185060.00,,T3 - BACIA DO TEJO-SADO / MARGEM ESQUERDA,,POCEIRÃO,2025-07-17 14:16:16.905772+00
2245,2006-10-23 00:00:00+00,444/10,,164.00,146650.00,185060.00,,T3 - BACIA DO TEJO-SADO / MARGEM ESQUERDA,,POCEIRÃO,2025-07-17 14:16:16.905772+00
2246,2007-03-19 00:00:00+00,444/10,,170.00,146650.00,185060.00,,T3 - BACIA DO TEJO-SADO / MARGEM ESQUERDA,,POCEIRÃO,2025-07-17 14:16:16.905772+00
2247,2007-11-14 00:00:00+00,444/10,,170.00,146650.00,185060.00,,T3 - BACIA DO TEJO-SADO / MARGEM ESQUERDA,,POCEIRÃO,2025-07-17 14:16:16.905772+00
2248,2008-04-08 00:00:00+00,444/10,,150.00,146650.00,185060.00,,T3 - BACIA DO TEJO-SADO / MARGEM ESQUERDA,,POCEIRÃO,2025-07-17 14:16:16.905772+00
2249,2005-10-07 00:00:00+00,444/AG71,,211.00,147761.00,187667.00,49,T3 - BACIA DO TEJO-SADO / MARGEM ESQUERDA,,POCEIRÃO,2025-07-17 14:16:16.905772+00
2250,2007-03-22 00:00:00+00,444/AG71,,300.00,147761.00,187667.00,49,T3 - BACIA DO TEJO-SADO / MARGEM ESQUERDA,,POCEIRÃO,2025-07-17 14:16:16.905772+00
2251,2007-11-15 00:00:00+00,444/AG71,,290.00,147761.00,187667.00,49,T3 - BACIA DO TEJO-SADO / MARGEM ESQUERDA,,POCEIRÃO,2025-07-17 14:16:16.905772+00
2252,2001-10-22 10:40:00+00,445/63,,302.00,158200.00,189450.00,,T3 - BACIA DO TEJO-SADO / MARGEM ESQUERDA,,PEGÕES,2025-07-17 14:16:16.905772+00
2253,2002-10-28 00:00:00+00,445/63,,273.00,158200.00,189450.00,,T3 - BACIA DO TEJO-SADO / MARGEM ESQUERDA,,PEGÕES,2025-07-17 14:16:16.905772+00
2254,2003-03-24 00:00:00+00,445/63,,299.00,158200.00,189450.00,,T3 - BACIA DO TEJO-SADO / MARGEM ESQUERDA,,PEGÕES,2025-07-17 14:16:16.905772+00
2255,2003-09-23 00:00:00+00,445/63,,340.00,158200.00,189450.00,,T3 - BACIA DO TEJO-SADO / MARGEM ESQUERDA,,PEGÕES,2025-07-17 14:16:16.905772+00
2256,2004-02-17 00:00:00+00,445/63,,289.00,158200.00,189450.00,,T3 - BACIA DO TEJO-SADO / MARGEM ESQUERDA,,PEGÕES,2025-07-17 14:16:16.905772+00
2257,2004-09-22 00:00:00+00,445/63,,311.00,158200.00,189450.00,,T3 - BACIA DO TEJO-SADO / MARGEM ESQUERDA,,PEGÕES,2025-07-17 14:16:16.905772+00
2258,2006-03-29 00:00:00+00,445/63,,295.00,158200.00,189450.00,,T3 - BACIA DO TEJO-SADO / MARGEM ESQUERDA,,PEGÕES,2025-07-17 14:16:16.905772+00
2259,2006-11-13 00:00:00+00,445/63,,272.00,158200.00,189450.00,,T3 - BACIA DO TEJO-SADO / MARGEM ESQUERDA,,PEGÕES,2025-07-17 14:16:16.905772+00
2260,2007-03-13 00:00:00+00,445/63,,290.00,158200.00,189450.00,,T3 - BACIA DO TEJO-SADO / MARGEM ESQUERDA,,PEGÕES,2025-07-17 14:16:16.905772+00
2261,2007-10-22 00:00:00+00,445/63,,300.00,158200.00,189450.00,,T3 - BACIA DO TEJO-SADO / MARGEM ESQUERDA,,PEGÕES,2025-07-17 14:16:16.905772+00
2262,2008-03-27 00:00:00+00,445/63,,320.00,158200.00,189450.00,,T3 - BACIA DO TEJO-SADO / MARGEM ESQUERDA,,PEGÕES,2025-07-17 14:16:16.905772+00
2263,2012-11-05 14:35:00+00,445/63,320.00,,158200.00,189450.00,,T3 - BACIA DO TEJO-SADO / MARGEM ESQUERDA,,PEGÕES,2025-07-17 14:16:16.905772+00
2264,2019-04-03 00:00:00+00,445/63,320.00,,158200.00,189450.00,,T3 - BACIA DO TEJO-SADO / MARGEM ESQUERDA,,PEGÕES,2025-07-17 14:16:16.905772+00
2265,2020-04-03 00:00:00+00,445/63,354.00,,158200.00,189450.00,,T3 - BACIA DO TEJO-SADO / MARGEM ESQUERDA,,PEGÕES,2025-07-17 14:16:16.905772+00
2266,2020-09-02 00:00:00+00,445/63,350.00,,158200.00,189450.00,,T3 - BACIA DO TEJO-SADO / MARGEM ESQUERDA,,PEGÕES,2025-07-17 14:16:16.905772+00
2267,2021-04-07 00:00:00+00,445/63,346.00,,158200.00,189450.00,,T3 - BACIA DO TEJO-SADO / MARGEM ESQUERDA,,PEGÕES,2025-07-17 14:16:16.905772+00
2268,2021-09-01 00:00:00+00,445/63,369.00,,158200.00,189450.00,,T3 - BACIA DO TEJO-SADO / MARGEM ESQUERDA,,PEGÕES,2025-07-17 14:16:16.905772+00
2269,2022-04-27 00:00:00+00,445/63,364.00,,158200.00,189450.00,,T3 - BACIA DO TEJO-SADO / MARGEM ESQUERDA,,PEGÕES,2025-07-17 14:16:16.905772+00
2270,2022-09-07 00:00:00+00,445/63,359.00,,158200.00,189450.00,,T3 - BACIA DO TEJO-SADO / MARGEM ESQUERDA,,PEGÕES,2025-07-17 14:16:16.905772+00
2271,2023-04-05 00:00:00+00,445/63,359.00,,158200.00,189450.00,,T3 - BACIA DO TEJO-SADO / MARGEM ESQUERDA,,PEGÕES,2025-07-17 14:16:16.905772+00
2362,2003-04-14 00:00:00+00,330/231,,657.00,175050.00,275180.00,,T7 - ALUVIÕES DO TEJO,,,2025-07-17 14:16:16.905772+00
2395,2007-03-22 00:00:00+00,329/341,,1600.00,167873.00,270663.00,16,T7 - ALUVIÕES DO TEJO,,GOLEGÃ,2025-07-17 14:16:16.905772+00
2396,2007-09-27 00:00:00+00,329/341,,1700.00,167873.00,270663.00,16,T7 - ALUVIÕES DO TEJO,,GOLEGÃ,2025-07-17 14:16:16.905772+00
2397,2008-03-11 00:00:00+00,329/341,,140.00,167873.00,270663.00,16,T7 - ALUVIÕES DO TEJO,,GOLEGÃ,2025-07-17 14:16:16.905772+00
2398,2003-05-26 00:00:00+00,329/6,,587.00,166700.00,271040.00,15,T7 - ALUVIÕES DO TEJO,,GOLEGÃ,2025-07-17 14:16:16.905772+00
2399,2003-10-13 00:00:00+00,329/6,,979.00,166700.00,271040.00,15,T7 - ALUVIÕES DO TEJO,,GOLEGÃ,2025-07-17 14:16:16.905772+00
2400,2004-03-15 00:00:00+00,329/6,,560.00,166700.00,271040.00,15,T7 - ALUVIÕES DO TEJO,,GOLEGÃ,2025-07-17 14:16:16.905772+00
2401,2001-10-11 10:30:00+00,330/186,,260.00,174290.00,270680.00,,T7 - ALUVIÕES DO TEJO,,PINHEIRO GRANDE,2025-07-17 14:16:16.905772+00
2402,2002-02-25 10:25:00+00,330/186,,249.00,174290.00,270680.00,,T7 - ALUVIÕES DO TEJO,,PINHEIRO GRANDE,2025-07-17 14:16:16.905772+00
2403,2002-10-02 00:00:00+00,330/186,,316.00,174290.00,270680.00,,T7 - ALUVIÕES DO TEJO,,PINHEIRO GRANDE,2025-07-17 14:16:16.905772+00
2404,2003-10-13 00:00:00+00,330/186,,384.00,174290.00,270680.00,,T7 - ALUVIÕES DO TEJO,,PINHEIRO GRANDE,2025-07-17 14:16:16.905772+00
2405,2004-03-10 00:00:00+00,330/186,,308.00,174290.00,270680.00,,T7 - ALUVIÕES DO TEJO,,PINHEIRO GRANDE,2025-07-17 14:16:16.905772+00
2406,2004-09-27 00:00:00+00,330/186,,411.00,174290.00,270680.00,,T7 - ALUVIÕES DO TEJO,,PINHEIRO GRANDE,2025-07-17 14:16:16.905772+00
2407,2006-03-06 00:00:00+00,330/186,,235.00,174290.00,270680.00,,T7 - ALUVIÕES DO TEJO,,PINHEIRO GRANDE,2025-07-17 14:16:16.905772+00
2408,2006-10-02 00:00:00+00,330/186,,336.00,174290.00,270680.00,,T7 - ALUVIÕES DO TEJO,,PINHEIRO GRANDE,2025-07-17 14:16:16.905772+00
2409,2007-03-13 00:00:00+00,330/186,,240.00,174290.00,270680.00,,T7 - ALUVIÕES DO TEJO,,PINHEIRO GRANDE,2025-07-17 14:16:16.905772+00
2410,2008-03-31 00:00:00+00,330/186,,260.00,174290.00,270680.00,,T7 - ALUVIÕES DO TEJO,,PINHEIRO GRANDE,2025-07-17 14:16:16.905772+00
2411,2001-10-11 10:05:00+00,330/187,,352.00,176820.00,275630.00,,T7 - ALUVIÕES DO TEJO,,CARREGUEIRA,2025-07-17 14:16:16.905772+00
2412,2002-02-25 10:05:00+00,330/187,,353.00,176820.00,275630.00,,T7 - ALUVIÕES DO TEJO,,CARREGUEIRA,2025-07-17 14:16:16.905772+00
2413,2002-10-02 00:00:00+00,330/187,,460.00,176820.00,275630.00,,T7 - ALUVIÕES DO TEJO,,CARREGUEIRA,2025-07-17 14:16:16.905772+00
2414,2003-09-29 00:00:00+00,330/187,,391.00,176820.00,275630.00,,T7 - ALUVIÕES DO TEJO,,CARREGUEIRA,2025-07-17 14:16:16.905772+00
2415,2004-03-30 00:00:00+00,330/187,,377.00,176820.00,275630.00,,T7 - ALUVIÕES DO TEJO,,CARREGUEIRA,2025-07-17 14:16:16.905772+00
2416,2004-09-27 00:00:00+00,330/187,,517.00,176820.00,275630.00,,T7 - ALUVIÕES DO TEJO,,CARREGUEIRA,2025-07-17 14:16:16.905772+00
2417,2006-03-06 00:00:00+00,330/187,,480.00,176820.00,275630.00,,T7 - ALUVIÕES DO TEJO,,CARREGUEIRA,2025-07-17 14:16:16.905772+00
2418,2006-10-02 00:00:00+00,330/187,,476.00,176820.00,275630.00,,T7 - ALUVIÕES DO TEJO,,CARREGUEIRA,2025-07-17 14:16:16.905772+00
2419,2007-03-13 00:00:00+00,330/187,,460.00,176820.00,275630.00,,T7 - ALUVIÕES DO TEJO,,CARREGUEIRA,2025-07-17 14:16:16.905772+00
2420,2008-03-31 00:00:00+00,330/187,,380.00,176820.00,275630.00,,T7 - ALUVIÕES DO TEJO,,CARREGUEIRA,2025-07-17 14:16:16.905772+00
2421,2008-10-13 00:00:00+00,330/187,,410.00,176820.00,275630.00,,T7 - ALUVIÕES DO TEJO,,CARREGUEIRA,2025-07-17 14:16:16.905772+00
2422,2009-05-27 00:00:00+00,330/187,,440.00,176820.00,275630.00,,T7 - ALUVIÕES DO TEJO,,CARREGUEIRA,2025-07-17 14:16:16.905772+00
2423,2002-10-23 00:00:00+00,330/230,,471.00,174000.00,271850.00,,T7 - ALUVIÕES DO TEJO,,,2025-07-17 14:16:16.905772+00
2424,2003-04-14 00:00:00+00,330/230,,240.00,174000.00,271850.00,,T7 - ALUVIÕES DO TEJO,,,2025-07-17 14:16:16.905772+00
2425,2003-10-13 00:00:00+00,330/230,,210.00,174000.00,271850.00,,T7 - ALUVIÕES DO TEJO,,,2025-07-17 14:16:16.905772+00
2426,2008-03-06 00:00:00+00,330/231,,650.00,175050.00,275180.00,,T7 - ALUVIÕES DO TEJO,,,2025-07-17 14:16:16.905772+00
2427,2008-09-25 00:00:00+00,330/231,,470.00,175050.00,275180.00,,T7 - ALUVIÕES DO TEJO,,,2025-07-17 14:16:16.905772+00
2428,2002-10-28 00:00:00+00,330/232,,1092.00,174380.00,274000.00,,T7 - ALUVIÕES DO TEJO,,,2025-07-17 14:16:16.905772+00
2429,2003-04-14 00:00:00+00,330/232,,1132.00,174380.00,274000.00,,T7 - ALUVIÕES DO TEJO,,,2025-07-17 14:16:16.905772+00
2430,2003-10-13 00:00:00+00,330/232,,737.00,174380.00,274000.00,,T7 - ALUVIÕES DO TEJO,,,2025-07-17 14:16:16.905772+00
2431,2004-03-10 00:00:00+00,330/232,,792.00,174380.00,274000.00,,T7 - ALUVIÕES DO TEJO,,,2025-07-17 14:16:16.905772+00
2432,2004-10-19 00:00:00+00,330/232,,865.00,174380.00,274000.00,,T7 - ALUVIÕES DO TEJO,,,2025-07-17 14:16:16.905772+00
2433,2006-09-11 00:00:00+00,330/232,,448.00,174380.00,274000.00,,T7 - ALUVIÕES DO TEJO,,,2025-07-17 14:16:16.905772+00
2434,2007-05-09 00:00:00+00,330/232,,1100.00,174380.00,274000.00,,T7 - ALUVIÕES DO TEJO,,,2025-07-17 14:16:16.905772+00
2435,2002-10-28 00:00:00+00,330/233,,281.00,170250.00,273470.00,,T7 - ALUVIÕES DO TEJO,,,2025-07-17 14:16:16.905772+00
2436,2003-04-14 00:00:00+00,330/233,,655.00,170250.00,273470.00,,T7 - ALUVIÕES DO TEJO,,,2025-07-17 14:16:16.905772+00
2437,2003-10-13 00:00:00+00,330/233,,746.00,170250.00,273470.00,,T7 - ALUVIÕES DO TEJO,,,2025-07-17 14:16:16.905772+00
2438,2004-03-15 00:00:00+00,330/233,,647.00,170250.00,273470.00,,T7 - ALUVIÕES DO TEJO,,,2025-07-17 14:16:16.905772+00
2439,2004-10-21 00:00:00+00,330/233,,279.00,170250.00,273470.00,,T7 - ALUVIÕES DO TEJO,,,2025-07-17 14:16:16.905772+00
2440,2006-03-14 00:00:00+00,330/233,,719.00,170250.00,273470.00,,T7 - ALUVIÕES DO TEJO,,,2025-07-17 14:16:16.905772+00
2441,2007-03-22 00:00:00+00,330/233,,720.00,170250.00,273470.00,,T7 - ALUVIÕES DO TEJO,,,2025-07-17 14:16:16.905772+00
2442,2007-09-27 00:00:00+00,330/233,,880.00,170250.00,273470.00,,T7 - ALUVIÕES DO TEJO,,,2025-07-17 14:16:16.905772+00
2443,2008-03-11 00:00:00+00,330/233,,910.00,170250.00,273470.00,,T7 - ALUVIÕES DO TEJO,,,2025-07-17 14:16:16.905772+00
2444,2008-09-30 00:00:00+00,330/233,,730.00,170250.00,273470.00,,T7 - ALUVIÕES DO TEJO,,,2025-07-17 14:16:16.905772+00
2445,2009-05-20 00:00:00+00,330/233,,680.00,170250.00,273470.00,,T7 - ALUVIÕES DO TEJO,,,2025-07-17 14:16:16.905772+00
2446,2002-10-23 00:00:00+00,330/234,,438.00,169030.00,274050.00,,T7 - ALUVIÕES DO TEJO,,RIACHOS,2025-07-17 14:16:16.905772+00
2447,2003-04-14 00:00:00+00,330/234,,646.00,169030.00,274050.00,,T7 - ALUVIÕES DO TEJO,,RIACHOS,2025-07-17 14:16:16.905772+00
2448,2003-10-13 00:00:00+00,330/234,,594.00,169030.00,274050.00,,T7 - ALUVIÕES DO TEJO,,RIACHOS,2025-07-17 14:16:16.905772+00
2449,2004-03-15 00:00:00+00,330/234,,605.00,169030.00,274050.00,,T7 - ALUVIÕES DO TEJO,,RIACHOS,2025-07-17 14:16:16.905772+00
2450,2004-10-20 00:00:00+00,330/234,,541.00,169030.00,274050.00,,T7 - ALUVIÕES DO TEJO,,RIACHOS,2025-07-17 14:16:16.905772+00
2451,2006-03-14 00:00:00+00,330/234,,602.00,169030.00,274050.00,,T7 - ALUVIÕES DO TEJO,,RIACHOS,2025-07-17 14:16:16.905772+00
2452,2007-03-22 00:00:00+00,330/234,,650.00,169030.00,274050.00,,T7 - ALUVIÕES DO TEJO,,RIACHOS,2025-07-17 14:16:16.905772+00
2453,2007-09-27 00:00:00+00,330/234,,550.00,169030.00,274050.00,,T7 - ALUVIÕES DO TEJO,,RIACHOS,2025-07-17 14:16:16.905772+00
2454,2008-03-11 00:00:00+00,330/234,,570.00,169030.00,274050.00,,T7 - ALUVIÕES DO TEJO,,RIACHOS,2025-07-17 14:16:16.905772+00
2455,2008-09-30 00:00:00+00,330/234,,560.00,169030.00,274050.00,,T7 - ALUVIÕES DO TEJO,,RIACHOS,2025-07-17 14:16:16.905772+00
2456,2009-04-13 00:00:00+00,330/234,,480.00,169030.00,274050.00,,T7 - ALUVIÕES DO TEJO,,RIACHOS,2025-07-17 14:16:16.905772+00
2457,2002-11-26 00:00:00+00,330/235,,890.00,171120.00,271440.00,,T7 - ALUVIÕES DO TEJO,,,2025-07-17 14:16:16.905772+00
2458,2003-05-26 00:00:00+00,330/235,,643.00,171120.00,271440.00,,T7 - ALUVIÕES DO TEJO,,,2025-07-17 14:16:16.905772+00
2459,2003-10-13 00:00:00+00,330/235,,674.00,171120.00,271440.00,,T7 - ALUVIÕES DO TEJO,,,2025-07-17 14:16:16.905772+00
2460,2004-03-15 00:00:00+00,330/235,,682.00,171120.00,271440.00,,T7 - ALUVIÕES DO TEJO,,,2025-07-17 14:16:16.905772+00
2461,2004-10-21 00:00:00+00,330/235,,324.00,171120.00,271440.00,,T7 - ALUVIÕES DO TEJO,,,2025-07-17 14:16:16.905772+00
2462,2006-03-14 00:00:00+00,330/235,,739.00,171120.00,271440.00,,T7 - ALUVIÕES DO TEJO,,,2025-07-17 14:16:16.905772+00
2463,2007-05-08 00:00:00+00,330/235,,750.00,171120.00,271440.00,,T7 - ALUVIÕES DO TEJO,,,2025-07-17 14:16:16.905772+00
2464,2007-09-27 00:00:00+00,330/235,,840.00,171120.00,271440.00,,T7 - ALUVIÕES DO TEJO,,,2025-07-17 14:16:16.905772+00
2465,2008-03-11 00:00:00+00,330/235,,860.00,171120.00,271440.00,,T7 - ALUVIÕES DO TEJO,,,2025-07-17 14:16:16.905772+00
2466,2008-09-30 00:00:00+00,330/235,,810.00,171120.00,271440.00,,T7 - ALUVIÕES DO TEJO,,,2025-07-17 14:16:16.905772+00
2467,2009-05-20 00:00:00+00,330/235,,680.00,171120.00,271440.00,,T7 - ALUVIÕES DO TEJO,,,2025-07-17 14:16:16.905772+00
2468,2002-11-19 00:00:00+00,331/1,,268.00,188570.00,278970.00,,T7 - ALUVIÕES DO TEJO,,,2025-07-17 14:16:16.905772+00
2469,2003-04-08 00:00:00+00,331/1,,285.00,188570.00,278970.00,,T7 - ALUVIÕES DO TEJO,,,2025-07-17 14:16:16.905772+00
2470,2003-10-14 00:00:00+00,331/1,,238.00,188570.00,278970.00,,T7 - ALUVIÕES DO TEJO,,,2025-07-17 14:16:16.905772+00
2471,2004-03-16 00:00:00+00,331/1,,272.00,188570.00,278970.00,,T7 - ALUVIÕES DO TEJO,,,2025-07-17 14:16:16.905772+00
2472,2004-10-13 00:00:00+00,331/1,,258.00,188570.00,278970.00,,T7 - ALUVIÕES DO TEJO,,,2025-07-17 14:16:16.905772+00
2473,2006-03-15 00:00:00+00,331/1,,338.00,188570.00,278970.00,,T7 - ALUVIÕES DO TEJO,,,2025-07-17 14:16:16.905772+00
2474,2006-09-13 00:00:00+00,331/1,,294.00,188570.00,278970.00,,T7 - ALUVIÕES DO TEJO,,,2025-07-17 14:16:16.905772+00
2475,2007-03-29 00:00:00+00,331/1,,340.00,188570.00,278970.00,,T7 - ALUVIÕES DO TEJO,,,2025-07-17 14:16:16.905772+00
2476,2008-03-24 00:00:00+00,331/1,,330.00,188570.00,278970.00,,T7 - ALUVIÕES DO TEJO,,,2025-07-17 14:16:16.905772+00
2492,2002-11-04 00:00:00+00,331/129,,385.00,187630.00,276740.00,,T7 - ALUVIÕES DO TEJO,,,2025-07-17 14:16:16.905772+00
2493,2003-04-08 00:00:00+00,331/129,,521.00,187630.00,276740.00,,T7 - ALUVIÕES DO TEJO,,,2025-07-17 14:16:16.905772+00
2494,2003-10-14 00:00:00+00,331/129,,454.00,187630.00,276740.00,,T7 - ALUVIÕES DO TEJO,,,2025-07-17 14:16:16.905772+00
2495,2004-07-19 00:00:00+00,331/129,,446.00,187630.00,276740.00,,T7 - ALUVIÕES DO TEJO,,,2025-07-17 14:16:16.905772+00
2496,2004-10-13 00:00:00+00,331/129,,365.00,187630.00,276740.00,,T7 - ALUVIÕES DO TEJO,,,2025-07-17 14:16:16.905772+00
2497,2006-05-15 00:00:00+00,331/129,,669.00,187630.00,276740.00,,T7 - ALUVIÕES DO TEJO,,,2025-07-17 14:16:16.905772+00
2498,2006-09-13 00:00:00+00,331/129,,454.00,187630.00,276740.00,,T7 - ALUVIÕES DO TEJO,,,2025-07-17 14:16:16.905772+00
2499,2008-05-14 00:00:00+00,331/129,,620.00,187630.00,276740.00,,T7 - ALUVIÕES DO TEJO,,,2025-07-17 14:16:16.905772+00
2500,2008-10-02 00:00:00+00,331/129,,660.00,187630.00,276740.00,,T7 - ALUVIÕES DO TEJO,,,2025-07-17 14:16:16.905772+00
2501,2002-11-04 00:00:00+00,331/130,,550.00,188860.00,277700.00,,T7 - ALUVIÕES DO TEJO,,,2025-07-17 14:16:16.905772+00
2502,2004-07-19 00:00:00+00,331/130,,521.00,188860.00,277700.00,,T7 - ALUVIÕES DO TEJO,,,2025-07-17 14:16:16.905772+00
2503,2004-10-13 00:00:00+00,331/130,,494.00,188860.00,277700.00,,T7 - ALUVIÕES DO TEJO,,,2025-07-17 14:16:16.905772+00
2504,2006-03-15 00:00:00+00,331/130,,560.00,188860.00,277700.00,,T7 - ALUVIÕES DO TEJO,,,2025-07-17 14:16:16.905772+00
2505,2006-09-13 00:00:00+00,331/130,,522.00,188860.00,277700.00,,T7 - ALUVIÕES DO TEJO,,,2025-07-17 14:16:16.905772+00
2506,2007-03-29 00:00:00+00,331/130,,610.00,188860.00,277700.00,,T7 - ALUVIÕES DO TEJO,,,2025-07-17 14:16:16.905772+00
2507,2008-03-24 00:00:00+00,331/130,,490.00,188860.00,277700.00,,T7 - ALUVIÕES DO TEJO,,,2025-07-17 14:16:16.905772+00
2508,2008-10-02 00:00:00+00,331/130,,520.00,188860.00,277700.00,,T7 - ALUVIÕES DO TEJO,,,2025-07-17 14:16:16.905772+00
2509,2009-10-22 00:00:00+00,331/130,,490.00,188860.00,277700.00,,T7 - ALUVIÕES DO TEJO,,,2025-07-17 14:16:16.905772+00
2510,2002-11-04 00:00:00+00,331/131,,401.00,189600.00,277700.00,,T7 - ALUVIÕES DO TEJO,,,2025-07-17 14:16:16.905772+00
2511,2003-05-26 00:00:00+00,331/131,,357.00,189600.00,277700.00,,T7 - ALUVIÕES DO TEJO,,,2025-07-17 14:16:16.905772+00
2512,2003-10-14 00:00:00+00,331/131,,389.00,189600.00,277700.00,,T7 - ALUVIÕES DO TEJO,,,2025-07-17 14:16:16.905772+00
2513,2004-07-19 00:00:00+00,331/131,,359.00,189600.00,277700.00,,T7 - ALUVIÕES DO TEJO,,,2025-07-17 14:16:16.905772+00
2514,2004-10-13 00:00:00+00,331/131,,403.00,189600.00,277700.00,,T7 - ALUVIÕES DO TEJO,,,2025-07-17 14:16:16.905772+00
2515,2006-03-15 00:00:00+00,331/131,,516.00,189600.00,277700.00,,T7 - ALUVIÕES DO TEJO,,,2025-07-17 14:16:16.905772+00
2516,2006-09-13 00:00:00+00,331/131,,433.00,189600.00,277700.00,,T7 - ALUVIÕES DO TEJO,,,2025-07-17 14:16:16.905772+00
2517,2007-03-29 00:00:00+00,331/131,,450.00,189600.00,277700.00,,T7 - ALUVIÕES DO TEJO,,,2025-07-17 14:16:16.905772+00
2518,2008-10-02 00:00:00+00,331/131,,490.00,189600.00,277700.00,,T7 - ALUVIÕES DO TEJO,,,2025-07-17 14:16:16.905772+00
2538,2003-10-07 00:00:00+00,341/17,,234.00,165540.00,265050.00,23,T7 - ALUVIÕES DO TEJO,EM RESERVA,AZINHAGA,2025-07-17 14:16:16.905772+00
2539,2004-03-08 00:00:00+00,341/17,,195.00,165540.00,265050.00,23,T7 - ALUVIÕES DO TEJO,EM RESERVA,AZINHAGA,2025-07-17 14:16:16.905772+00
2540,2006-03-08 00:00:00+00,341/17,,936.00,165540.00,265050.00,23,T7 - ALUVIÕES DO TEJO,EM RESERVA,AZINHAGA,2025-07-17 14:16:16.905772+00
2541,2006-09-06 00:00:00+00,341/17,,626.00,165540.00,265050.00,23,T7 - ALUVIÕES DO TEJO,EM RESERVA,AZINHAGA,2025-07-17 14:16:16.905772+00
2542,2007-03-14 00:00:00+00,341/17,,700.00,165540.00,265050.00,23,T7 - ALUVIÕES DO TEJO,EM RESERVA,AZINHAGA,2025-07-17 14:16:16.905772+00
2543,2008-03-10 00:00:00+00,341/17,,710.00,165540.00,265050.00,23,T7 - ALUVIÕES DO TEJO,EM RESERVA,AZINHAGA,2025-07-17 14:16:16.905772+00
2544,2008-09-29 00:00:00+00,341/17,,680.00,165540.00,265050.00,23,T7 - ALUVIÕES DO TEJO,EM RESERVA,AZINHAGA,2025-07-17 14:16:16.905772+00
2545,2009-06-03 00:00:00+00,341/17,,210.00,165540.00,265050.00,23,T7 - ALUVIÕES DO TEJO,EM RESERVA,AZINHAGA,2025-07-17 14:16:16.905772+00
2546,2009-10-28 00:00:00+00,341/17,,200.00,165540.00,265050.00,23,T7 - ALUVIÕES DO TEJO,EM RESERVA,AZINHAGA,2025-07-17 14:16:16.905772+00
2547,2002-11-06 00:00:00+00,341/251,,722.00,166960.00,260910.00,,T7 - ALUVIÕES DO TEJO,,,2025-07-17 14:16:16.905772+00
2548,2003-04-08 00:00:00+00,341/251,,761.00,166960.00,260910.00,,T7 - ALUVIÕES DO TEJO,,,2025-07-17 14:16:16.905772+00
2549,2004-03-10 00:00:00+00,341/251,,695.00,166960.00,260910.00,,T7 - ALUVIÕES DO TEJO,,,2025-07-17 14:16:16.905772+00
2550,2004-10-19 00:00:00+00,341/251,,748.00,166960.00,260910.00,,T7 - ALUVIÕES DO TEJO,,,2025-07-17 14:16:16.905772+00
2551,2006-03-13 00:00:00+00,341/251,,923.00,166960.00,260910.00,,T7 - ALUVIÕES DO TEJO,,,2025-07-17 14:16:16.905772+00
2552,2006-09-11 00:00:00+00,341/251,,810.00,166960.00,260910.00,,T7 - ALUVIÕES DO TEJO,,,2025-07-17 14:16:16.905772+00
2553,2007-03-26 00:00:00+00,341/251,,910.00,166960.00,260910.00,,T7 - ALUVIÕES DO TEJO,,,2025-07-17 14:16:16.905772+00
2554,2008-03-06 00:00:00+00,341/251,,940.00,166960.00,260910.00,,T7 - ALUVIÕES DO TEJO,,,2025-07-17 14:16:16.905772+00
2555,2008-09-25 00:00:00+00,341/251,,920.00,166960.00,260910.00,,T7 - ALUVIÕES DO TEJO,,,2025-07-17 14:16:16.905772+00
2556,2002-11-05 00:00:00+00,341/252,,1008.00,161780.00,262470.00,,T7 - ALUVIÕES DO TEJO,,,2025-07-17 14:16:16.905772+00
2557,2003-04-08 00:00:00+00,341/252,,1154.00,161780.00,262470.00,,T7 - ALUVIÕES DO TEJO,,,2025-07-17 14:16:16.905772+00
2558,2003-10-07 00:00:00+00,341/252,,1143.00,161780.00,262470.00,,T7 - ALUVIÕES DO TEJO,,,2025-07-17 14:16:16.905772+00
2559,2004-03-08 00:00:00+00,341/252,,1070.00,161780.00,262470.00,,T7 - ALUVIÕES DO TEJO,,,2025-07-17 14:16:16.905772+00
2560,2004-10-18 00:00:00+00,341/252,,1056.00,161780.00,262470.00,,T7 - ALUVIÕES DO TEJO,,,2025-07-17 14:16:16.905772+00
2561,2006-05-09 00:00:00+00,341/252,,1237.00,161780.00,262470.00,,T7 - ALUVIÕES DO TEJO,,,2025-07-17 14:16:16.905772+00
2562,2007-05-08 00:00:00+00,341/252,,1200.00,161780.00,262470.00,,T7 - ALUVIÕES DO TEJO,,,2025-07-17 14:16:16.905772+00
2563,2008-09-29 00:00:00+00,341/252,,1400.00,161780.00,262470.00,,T7 - ALUVIÕES DO TEJO,,,2025-07-17 14:16:16.905772+00
2564,2009-05-11 00:00:00+00,341/252,,1100.00,161780.00,262470.00,,T7 - ALUVIÕES DO TEJO,,,2025-07-17 14:16:16.905772+00
2565,2009-10-19 00:00:00+00,341/252,,1100.00,161780.00,262470.00,,T7 - ALUVIÕES DO TEJO,,,2025-07-17 14:16:16.905772+00
2566,2002-11-26 00:00:00+00,341/253,,605.00,164000.00,264600.00,,T7 - ALUVIÕES DO TEJO,,,2025-07-17 14:16:16.905772+00
2567,2003-05-26 00:00:00+00,341/253,,921.00,164000.00,264600.00,,T7 - ALUVIÕES DO TEJO,,,2025-07-17 14:16:16.905772+00
2568,2003-10-07 00:00:00+00,341/253,,836.00,164000.00,264600.00,,T7 - ALUVIÕES DO TEJO,,,2025-07-17 14:16:16.905772+00
2569,2004-03-08 00:00:00+00,341/253,,864.00,164000.00,264600.00,,T7 - ALUVIÕES DO TEJO,,,2025-07-17 14:16:16.905772+00
2570,2004-10-18 00:00:00+00,341/253,,865.00,164000.00,264600.00,,T7 - ALUVIÕES DO TEJO,,,2025-07-17 14:16:16.905772+00
2571,2006-05-15 00:00:00+00,341/253,,990.00,164000.00,264600.00,,T7 - ALUVIÕES DO TEJO,,,2025-07-17 14:16:16.905772+00
2572,2006-09-06 00:00:00+00,341/253,,844.00,164000.00,264600.00,,T7 - ALUVIÕES DO TEJO,,,2025-07-17 14:16:16.905772+00
2573,2008-10-06 00:00:00+00,341/253,,1000.00,164000.00,264600.00,,T7 - ALUVIÕES DO TEJO,,,2025-07-17 14:16:16.905772+00
2574,2009-06-03 00:00:00+00,341/253,,880.00,164000.00,264600.00,,T7 - ALUVIÕES DO TEJO,,,2025-07-17 14:16:16.905772+00
2575,2009-10-28 00:00:00+00,341/253,,870.00,164000.00,264600.00,,T7 - ALUVIÕES DO TEJO,,,2025-07-17 14:16:16.905772+00
2576,2002-11-05 00:00:00+00,341/254,,742.00,167050.00,265270.00,,T7 - ALUVIÕES DO TEJO,,,2025-07-17 14:16:16.905772+00
2577,2003-10-07 00:00:00+00,341/254,,556.00,167050.00,265270.00,,T7 - ALUVIÕES DO TEJO,,,2025-07-17 14:16:16.905772+00
2578,2006-03-08 00:00:00+00,341/254,,229.00,167050.00,265270.00,,T7 - ALUVIÕES DO TEJO,,,2025-07-17 14:16:16.905772+00
2579,2008-09-29 00:00:00+00,341/254,,1100.00,167050.00,265270.00,,T7 - ALUVIÕES DO TEJO,,,2025-07-17 14:16:16.905772+00
2580,2009-06-03 00:00:00+00,341/254,,1000.00,167050.00,265270.00,,T7 - ALUVIÕES DO TEJO,,,2025-07-17 14:16:16.905772+00
2581,2009-10-28 00:00:00+00,341/254,,1000.00,167050.00,265270.00,,T7 - ALUVIÕES DO TEJO,,,2025-07-17 14:16:16.905772+00
2582,2002-11-05 00:00:00+00,341/255,,1226.00,166540.00,268440.00,,T7 - ALUVIÕES DO TEJO,,,2025-07-17 14:16:16.905772+00
2583,2003-05-26 00:00:00+00,341/255,,1119.00,166540.00,268440.00,,T7 - ALUVIÕES DO TEJO,,,2025-07-17 14:16:16.905772+00
2584,2003-10-07 00:00:00+00,341/255,,1016.00,166540.00,268440.00,,T7 - ALUVIÕES DO TEJO,,,2025-07-17 14:16:16.905772+00
2585,2004-10-18 00:00:00+00,341/255,,847.00,166540.00,268440.00,,T7 - ALUVIÕES DO TEJO,,,2025-07-17 14:16:16.905772+00
2586,2006-09-06 00:00:00+00,341/255,,1364.00,166540.00,268440.00,,T7 - ALUVIÕES DO TEJO,,,2025-07-17 14:16:16.905772+00
2587,2007-03-14 00:00:00+00,341/269,,1500.00,166921.00,269032.00,16,T7 - ALUVIÕES DO TEJO,,AZINHAGA,2025-07-17 14:16:16.905772+00
2588,2002-10-23 00:00:00+00,342/113,,1257.00,171250.00,268700.00,,T7 - ALUVIÕES DO TEJO,,,2025-07-17 14:16:16.905772+00
2589,2003-05-26 00:00:00+00,342/113,,1035.00,171250.00,268700.00,,T7 - ALUVIÕES DO TEJO,,,2025-07-17 14:16:16.905772+00
2590,2003-10-13 00:00:00+00,342/113,,1227.00,171250.00,268700.00,,T7 - ALUVIÕES DO TEJO,,,2025-07-17 14:16:16.905772+00
2591,2004-03-15 00:00:00+00,342/113,,1014.00,171250.00,268700.00,,T7 - ALUVIÕES DO TEJO,,,2025-07-17 14:16:16.905772+00
2592,2004-10-20 00:00:00+00,342/113,,1015.00,171250.00,268700.00,,T7 - ALUVIÕES DO TEJO,,,2025-07-17 14:16:16.905772+00
2593,2006-05-09 00:00:00+00,342/113,,1278.00,171250.00,268700.00,,T7 - ALUVIÕES DO TEJO,,,2025-07-17 14:16:16.905772+00
2594,2007-03-14 00:00:00+00,342/113,,1100.00,171250.00,268700.00,,T7 - ALUVIÕES DO TEJO,,,2025-07-17 14:16:16.905772+00
2595,2007-09-27 00:00:00+00,342/113,,1500.00,171250.00,268700.00,,T7 - ALUVIÕES DO TEJO,,,2025-07-17 14:16:16.905772+00
2596,2008-03-11 00:00:00+00,342/113,,1400.00,171250.00,268700.00,,T7 - ALUVIÕES DO TEJO,,,2025-07-17 14:16:16.905772+00
2597,2008-09-30 00:00:00+00,342/113,,1400.00,171250.00,268700.00,,T7 - ALUVIÕES DO TEJO,,,2025-07-17 14:16:16.905772+00
2598,2002-10-28 00:00:00+00,342/114,,1233.00,168360.00,268980.00,,T7 - ALUVIÕES DO TEJO,,,2025-07-17 14:16:16.905772+00
2599,2003-05-26 00:00:00+00,342/114,,933.00,168360.00,268980.00,,T7 - ALUVIÕES DO TEJO,,,2025-07-17 14:16:16.905772+00
2600,2006-05-09 00:00:00+00,342/114,,1712.00,168360.00,268980.00,,T7 - ALUVIÕES DO TEJO,,,2025-07-17 14:16:16.905772+00
2601,2008-09-30 00:00:00+00,342/114,,1700.00,168360.00,268980.00,,T7 - ALUVIÕES DO TEJO,,,2025-07-17 14:16:16.905772+00
2602,2002-11-06 00:00:00+00,342/115,,550.00,168420.00,267550.00,,T7 - ALUVIÕES DO TEJO,,,2025-07-17 14:16:16.905772+00
2603,2003-05-26 00:00:00+00,342/115,,1197.00,168420.00,267550.00,,T7 - ALUVIÕES DO TEJO,,,2025-07-17 14:16:16.905772+00
2604,2003-10-13 00:00:00+00,342/115,,1183.00,168420.00,267550.00,,T7 - ALUVIÕES DO TEJO,,,2025-07-17 14:16:16.905772+00
2605,2004-03-15 00:00:00+00,342/115,,1170.00,168420.00,267550.00,,T7 - ALUVIÕES DO TEJO,,,2025-07-17 14:16:16.905772+00
2606,2004-10-20 00:00:00+00,342/115,,1203.00,168420.00,267550.00,,T7 - ALUVIÕES DO TEJO,,,2025-07-17 14:16:16.905772+00
2607,2006-03-14 00:00:00+00,342/115,,1395.00,168420.00,267550.00,,T7 - ALUVIÕES DO TEJO,,,2025-07-17 14:16:16.905772+00
2608,2007-03-22 00:00:00+00,342/115,,1500.00,168420.00,267550.00,,T7 - ALUVIÕES DO TEJO,,,2025-07-17 14:16:16.905772+00
2609,2007-09-27 00:00:00+00,342/115,,1500.00,168420.00,267550.00,,T7 - ALUVIÕES DO TEJO,,,2025-07-17 14:16:16.905772+00
2610,2008-03-11 00:00:00+00,342/115,,1500.00,168420.00,267550.00,,T7 - ALUVIÕES DO TEJO,,,2025-07-17 14:16:16.905772+00
2611,2008-09-30 00:00:00+00,342/115,,1500.00,168420.00,267550.00,,T7 - ALUVIÕES DO TEJO,,,2025-07-17 14:16:16.905772+00
2612,2009-06-03 00:00:00+00,342/115,,1200.00,168420.00,267550.00,,T7 - ALUVIÕES DO TEJO,,,2025-07-17 14:16:16.905772+00
2613,2009-10-28 00:00:00+00,342/115,,1100.00,168420.00,267550.00,,T7 - ALUVIÕES DO TEJO,,,2025-07-17 14:16:16.905772+00
2614,2002-11-11 00:00:00+00,353/22,,185.00,158460.00,250300.00,,T7 - ALUVIÕES DO TEJO,DESATIVADO,,2025-07-17 14:16:16.905772+00
2615,2003-04-07 00:00:00+00,353/22,,355.00,158460.00,250300.00,,T7 - ALUVIÕES DO TEJO,DESATIVADO,,2025-07-17 14:16:16.905772+00
2616,2003-10-06 00:00:00+00,353/22,,358.00,158460.00,250300.00,,T7 - ALUVIÕES DO TEJO,DESATIVADO,,2025-07-17 14:16:16.905772+00
2617,2004-10-19 00:00:00+00,353/22,,433.00,158460.00,250300.00,,T7 - ALUVIÕES DO TEJO,DESATIVADO,,2025-07-17 14:16:16.905772+00
2618,2006-03-06 00:00:00+00,353/22,,540.00,158460.00,250300.00,,T7 - ALUVIÕES DO TEJO,DESATIVADO,,2025-07-17 14:16:16.905772+00
2619,2006-09-04 00:00:00+00,353/22,,382.00,158460.00,250300.00,,T7 - ALUVIÕES DO TEJO,DESATIVADO,,2025-07-17 14:16:16.905772+00
2620,2007-05-07 00:00:00+00,353/22,,450.00,158460.00,250300.00,,T7 - ALUVIÕES DO TEJO,DESATIVADO,,2025-07-17 14:16:16.905772+00
2621,2007-09-17 00:00:00+00,353/22,,450.00,158460.00,250300.00,,T7 - ALUVIÕES DO TEJO,DESATIVADO,,2025-07-17 14:16:16.905772+00
2622,2008-03-06 00:00:00+00,353/22,,460.00,158460.00,250300.00,,T7 - ALUVIÕES DO TEJO,DESATIVADO,,2025-07-17 14:16:16.905772+00
2623,2008-09-25 00:00:00+00,353/22,,430.00,158460.00,250300.00,,T7 - ALUVIÕES DO TEJO,DESATIVADO,,2025-07-17 14:16:16.905772+00
2624,2002-11-18 00:00:00+00,353/362,,721.00,155460.00,253650.00,,T7 - ALUVIÕES DO TEJO,,,2025-07-17 14:16:16.905772+00
2625,2003-04-07 00:00:00+00,353/362,,747.00,155460.00,253650.00,,T7 - ALUVIÕES DO TEJO,,,2025-07-17 14:16:16.905772+00
2626,2003-10-06 00:00:00+00,353/362,,1098.00,155460.00,253650.00,,T7 - ALUVIÕES DO TEJO,,,2025-07-17 14:16:16.905772+00
2627,2004-03-08 00:00:00+00,353/362,,838.00,155460.00,253650.00,,T7 - ALUVIÕES DO TEJO,,,2025-07-17 14:16:16.905772+00
2628,2004-10-18 00:00:00+00,353/362,,1177.00,155460.00,253650.00,,T7 - ALUVIÕES DO TEJO,,,2025-07-17 14:16:16.905772+00
2629,2006-03-08 00:00:00+00,353/362,,986.00,155460.00,253650.00,,T7 - ALUVIÕES DO TEJO,,,2025-07-17 14:16:16.905772+00
2630,2006-09-06 00:00:00+00,353/362,,1188.00,155460.00,253650.00,,T7 - ALUVIÕES DO TEJO,,,2025-07-17 14:16:16.905772+00
2631,2007-03-14 00:00:00+00,353/362,,1400.00,155460.00,253650.00,,T7 - ALUVIÕES DO TEJO,,,2025-07-17 14:16:16.905772+00
2632,2008-09-29 00:00:00+00,353/362,,810.00,155460.00,253650.00,,T7 - ALUVIÕES DO TEJO,,,2025-07-17 14:16:16.905772+00
2633,2009-05-11 00:00:00+00,353/362,,1200.00,155460.00,253650.00,,T7 - ALUVIÕES DO TEJO,,,2025-07-17 14:16:16.905772+00
2634,2003-10-07 00:00:00+00,353/363,,714.00,153770.00,250290.00,,T7 - ALUVIÕES DO TEJO,,,2025-07-17 14:16:16.905772+00
2635,2004-03-08 00:00:00+00,353/363,,774.00,153770.00,250290.00,,T7 - ALUVIÕES DO TEJO,,,2025-07-17 14:16:16.905772+00
2636,2004-10-18 00:00:00+00,353/363,,731.00,153770.00,250290.00,,T7 - ALUVIÕES DO TEJO,,,2025-07-17 14:16:16.905772+00
2637,2006-03-08 00:00:00+00,353/363,,924.00,153770.00,250290.00,,T7 - ALUVIÕES DO TEJO,,,2025-07-17 14:16:16.905772+00
2638,2006-09-06 00:00:00+00,353/363,,741.00,153770.00,250290.00,,T7 - ALUVIÕES DO TEJO,,,2025-07-17 14:16:16.905772+00
2639,2007-03-14 00:00:00+00,353/363,,890.00,153770.00,250290.00,,T7 - ALUVIÕES DO TEJO,,,2025-07-17 14:16:16.905772+00
2640,2008-03-10 00:00:00+00,353/363,,940.00,153770.00,250290.00,,T7 - ALUVIÕES DO TEJO,,,2025-07-17 14:16:16.905772+00
2641,2008-09-29 00:00:00+00,353/363,,900.00,153770.00,250290.00,,T7 - ALUVIÕES DO TEJO,,,2025-07-17 14:16:16.905772+00
2642,2003-04-07 00:00:00+00,353/373,,252.00,165001.00,258000.00,,T7 - ALUVIÕES DO TEJO,,VALE DE CAVALOS,2025-07-17 14:16:16.905772+00
2643,2003-10-06 00:00:00+00,353/373,,445.00,165001.00,258000.00,,T7 - ALUVIÕES DO TEJO,,VALE DE CAVALOS,2025-07-17 14:16:16.905772+00
2644,2004-10-11 00:00:00+00,353/373,,279.00,165001.00,258000.00,,T7 - ALUVIÕES DO TEJO,,VALE DE CAVALOS,2025-07-17 14:16:16.905772+00
2645,2006-03-06 00:00:00+00,353/373,,344.00,165001.00,258000.00,,T7 - ALUVIÕES DO TEJO,,VALE DE CAVALOS,2025-07-17 14:16:16.905772+00
2646,2007-09-17 00:00:00+00,353/373,,350.00,165001.00,258000.00,,T7 - ALUVIÕES DO TEJO,,VALE DE CAVALOS,2025-07-17 14:16:16.905772+00
2647,2008-03-06 00:00:00+00,353/373,,320.00,165001.00,258000.00,,T7 - ALUVIÕES DO TEJO,,VALE DE CAVALOS,2025-07-17 14:16:16.905772+00
2648,2008-09-25 00:00:00+00,353/373,,240.00,165001.00,258000.00,,T7 - ALUVIÕES DO TEJO,,VALE DE CAVALOS,2025-07-17 14:16:16.905772+00
2649,2009-05-28 00:00:00+00,353/373,,190.00,165001.00,258000.00,,T7 - ALUVIÕES DO TEJO,,VALE DE CAVALOS,2025-07-17 14:16:16.905772+00
2650,2002-11-11 00:00:00+00,353/87,,124.00,161750.00,256040.00,,T7 - ALUVIÕES DO TEJO,,,2025-07-17 14:16:16.905772+00
2651,2003-04-07 00:00:00+00,353/87,,249.00,161750.00,256040.00,,T7 - ALUVIÕES DO TEJO,,,2025-07-17 14:16:16.905772+00
2652,2003-10-06 00:00:00+00,353/87,,242.00,161750.00,256040.00,,T7 - ALUVIÕES DO TEJO,,,2025-07-17 14:16:16.905772+00
2653,2004-03-01 00:00:00+00,353/87,,269.00,161750.00,256040.00,,T7 - ALUVIÕES DO TEJO,,,2025-07-17 14:16:16.905772+00
2654,2004-10-11 00:00:00+00,353/87,,249.00,161750.00,256040.00,,T7 - ALUVIÕES DO TEJO,,,2025-07-17 14:16:16.905772+00
2655,2006-03-06 00:00:00+00,353/87,,312.00,161750.00,256040.00,,T7 - ALUVIÕES DO TEJO,,,2025-07-17 14:16:16.905772+00
2656,2006-09-04 00:00:00+00,353/87,,264.00,161750.00,256040.00,,T7 - ALUVIÕES DO TEJO,,,2025-07-17 14:16:16.905772+00
2657,2007-03-12 00:00:00+00,353/87,,410.00,161750.00,256040.00,,T7 - ALUVIÕES DO TEJO,,,2025-07-17 14:16:16.905772+00
2658,2007-09-17 00:00:00+00,353/87,,300.00,161750.00,256040.00,,T7 - ALUVIÕES DO TEJO,,,2025-07-17 14:16:16.905772+00
2659,2008-03-06 00:00:00+00,353/87,,320.00,161750.00,256040.00,,T7 - ALUVIÕES DO TEJO,,,2025-07-17 14:16:16.905772+00
2660,2008-09-25 00:00:00+00,353/87,,310.00,161750.00,256040.00,,T7 - ALUVIÕES DO TEJO,,,2025-07-17 14:16:16.905772+00
2661,2002-11-12 00:00:00+00,364/259,,585.00,147360.00,241900.00,,T7 - ALUVIÕES DO TEJO,,,2025-07-17 14:16:16.905772+00
2662,2003-04-07 00:00:00+00,364/259,,597.00,147360.00,241900.00,,T7 - ALUVIÕES DO TEJO,,,2025-07-17 14:16:16.905772+00
2663,2003-10-06 00:00:00+00,364/259,,592.00,147360.00,241900.00,,T7 - ALUVIÕES DO TEJO,,,2025-07-17 14:16:16.905772+00
2664,2004-03-02 00:00:00+00,364/259,,558.00,147360.00,241900.00,,T7 - ALUVIÕES DO TEJO,,,2025-07-17 14:16:16.905772+00
2665,2004-10-12 00:00:00+00,364/259,,613.00,147360.00,241900.00,,T7 - ALUVIÕES DO TEJO,,,2025-07-17 14:16:16.905772+00
2666,2006-03-07 00:00:00+00,364/259,,758.00,147360.00,241900.00,,T7 - ALUVIÕES DO TEJO,,,2025-07-17 14:16:16.905772+00
2667,2006-09-05 00:00:00+00,364/259,,635.00,147360.00,241900.00,,T7 - ALUVIÕES DO TEJO,,,2025-07-17 14:16:16.905772+00
2668,2007-05-07 00:00:00+00,364/259,,650.00,147360.00,241900.00,,T7 - ALUVIÕES DO TEJO,,,2025-07-17 14:16:16.905772+00
2669,2008-03-03 00:00:00+00,364/259,,730.00,147360.00,241900.00,,T7 - ALUVIÕES DO TEJO,,,2025-07-17 14:16:16.905772+00
2670,2002-11-11 00:00:00+00,364/260,,556.00,149570.00,244000.00,,T7 - ALUVIÕES DO TEJO,,,2025-07-17 14:16:16.905772+00
2671,2003-04-07 00:00:00+00,364/260,,548.00,149570.00,244000.00,,T7 - ALUVIÕES DO TEJO,,,2025-07-17 14:16:16.905772+00
2672,2003-10-06 00:00:00+00,364/260,,464.00,149570.00,244000.00,,T7 - ALUVIÕES DO TEJO,,,2025-07-17 14:16:16.905772+00
2673,2004-03-02 00:00:00+00,364/260,,491.00,149570.00,244000.00,,T7 - ALUVIÕES DO TEJO,,,2025-07-17 14:16:16.905772+00
2674,2004-10-12 00:00:00+00,364/260,,541.00,149570.00,244000.00,,T7 - ALUVIÕES DO TEJO,,,2025-07-17 14:16:16.905772+00
2675,2006-03-07 00:00:00+00,364/297,,752.00,149575.00,244005.00,,T7 - ALUVIÕES DO TEJO,,VILA CHÃ DE OURIQUE,2025-07-17 14:16:16.905772+00
2676,2007-03-15 00:00:00+00,364/297,,810.00,149575.00,244005.00,,T7 - ALUVIÕES DO TEJO,,VILA CHÃ DE OURIQUE,2025-07-17 14:16:16.905772+00
2677,2008-03-03 00:00:00+00,364/297,,850.00,149575.00,244005.00,,T7 - ALUVIÕES DO TEJO,,VILA CHÃ DE OURIQUE,2025-07-17 14:16:16.905772+00
2678,2002-10-29 00:00:00+00,365/15,,276.00,152850.00,241950.00,,T7 - ALUVIÕES DO TEJO,EM SERVIÇO,BENFICA DO RIBATEJO,2025-07-17 14:16:16.905772+00
2679,2003-10-06 00:00:00+00,365/15,,305.00,152850.00,241950.00,,T7 - ALUVIÕES DO TEJO,EM SERVIÇO,BENFICA DO RIBATEJO,2025-07-17 14:16:16.905772+00
2680,2004-03-01 00:00:00+00,365/15,,271.00,152850.00,241950.00,,T7 - ALUVIÕES DO TEJO,EM SERVIÇO,BENFICA DO RIBATEJO,2025-07-17 14:16:16.905772+00
2681,2004-10-11 00:00:00+00,365/15,,265.00,152850.00,241950.00,,T7 - ALUVIÕES DO TEJO,EM SERVIÇO,BENFICA DO RIBATEJO,2025-07-17 14:16:16.905772+00
2682,2006-03-06 00:00:00+00,365/15,,308.00,152850.00,241950.00,,T7 - ALUVIÕES DO TEJO,EM SERVIÇO,BENFICA DO RIBATEJO,2025-07-17 14:16:16.905772+00
2683,2006-09-04 00:00:00+00,365/15,,267.00,152850.00,241950.00,,T7 - ALUVIÕES DO TEJO,EM SERVIÇO,BENFICA DO RIBATEJO,2025-07-17 14:16:16.905772+00
2684,2007-03-12 00:00:00+00,365/15,,280.00,152850.00,241950.00,,T7 - ALUVIÕES DO TEJO,EM SERVIÇO,BENFICA DO RIBATEJO,2025-07-17 14:16:16.905772+00
2685,2007-09-17 00:00:00+00,365/15,,280.00,152850.00,241950.00,,T7 - ALUVIÕES DO TEJO,EM SERVIÇO,BENFICA DO RIBATEJO,2025-07-17 14:16:16.905772+00
2686,2008-03-06 00:00:00+00,365/15,,300.00,152850.00,241950.00,,T7 - ALUVIÕES DO TEJO,EM SERVIÇO,BENFICA DO RIBATEJO,2025-07-17 14:16:16.905772+00
2687,2008-09-25 00:00:00+00,365/15,,280.00,152850.00,241950.00,,T7 - ALUVIÕES DO TEJO,EM SERVIÇO,BENFICA DO RIBATEJO,2025-07-17 14:16:16.905772+00
2688,2002-10-29 00:00:00+00,365/470,,272.00,154350.00,245140.00,,T7 - ALUVIÕES DO TEJO,,,2025-07-17 14:16:16.905772+00
2689,2003-04-07 00:00:00+00,365/470,,279.00,154350.00,245140.00,,T7 - ALUVIÕES DO TEJO,,,2025-07-17 14:16:16.905772+00
2690,2003-10-07 00:00:00+00,365/470,,323.00,154350.00,245140.00,,T7 - ALUVIÕES DO TEJO,,,2025-07-17 14:16:16.905772+00
2691,2004-10-11 00:00:00+00,365/470,,336.00,154350.00,245140.00,,T7 - ALUVIÕES DO TEJO,,,2025-07-17 14:16:16.905772+00
2692,2006-03-06 00:00:00+00,365/470,,527.00,154350.00,245140.00,,T7 - ALUVIÕES DO TEJO,,,2025-07-17 14:16:16.905772+00
2693,2006-09-04 00:00:00+00,365/470,,420.00,154350.00,245140.00,,T7 - ALUVIÕES DO TEJO,,,2025-07-17 14:16:16.905772+00
2694,2007-03-12 00:00:00+00,365/470,,360.00,154350.00,245140.00,,T7 - ALUVIÕES DO TEJO,,,2025-07-17 14:16:16.905772+00
2695,2008-03-26 00:00:00+00,365/470,,350.00,154350.00,245140.00,,T7 - ALUVIÕES DO TEJO,,,2025-07-17 14:16:16.905772+00
2696,2009-03-23 00:00:00+00,365/470,,310.00,154350.00,245140.00,,T7 - ALUVIÕES DO TEJO,,,2025-07-17 14:16:16.905772+00
2697,2012-11-12 09:15:00+00,365/470,390.00,,154350.00,245140.00,,T7 - ALUVIÕES DO TEJO,,,2025-07-17 14:16:16.905772+00
2698,2002-10-29 00:00:00+00,365/471,,319.00,156160.00,247540.00,,T7 - ALUVIÕES DO TEJO,,,2025-07-17 14:16:16.905772+00
2699,2003-04-07 00:00:00+00,365/471,,265.00,156160.00,247540.00,,T7 - ALUVIÕES DO TEJO,,,2025-07-17 14:16:16.905772+00
2700,2003-10-06 00:00:00+00,365/471,,332.00,156160.00,247540.00,,T7 - ALUVIÕES DO TEJO,,,2025-07-17 14:16:16.905772+00
2701,2004-03-01 00:00:00+00,365/471,,322.00,156160.00,247540.00,,T7 - ALUVIÕES DO TEJO,,,2025-07-17 14:16:16.905772+00
2702,2004-10-11 00:00:00+00,365/471,,305.00,156160.00,247540.00,,T7 - ALUVIÕES DO TEJO,,,2025-07-17 14:16:16.905772+00
2703,2002-11-12 00:00:00+00,377/262,,430.00,144300.00,234550.00,,T7 - ALUVIÕES DO TEJO,,,2025-07-17 14:16:16.905772+00
2704,2003-10-06 00:00:00+00,377/262,,389.00,144300.00,234550.00,,T7 - ALUVIÕES DO TEJO,,,2025-07-17 14:16:16.905772+00
2705,2004-03-02 00:00:00+00,377/262,,378.00,144300.00,234550.00,,T7 - ALUVIÕES DO TEJO,,,2025-07-17 14:16:16.905772+00
2706,2004-10-12 00:00:00+00,377/262,,414.00,144300.00,234550.00,,T7 - ALUVIÕES DO TEJO,,,2025-07-17 14:16:16.905772+00
2707,2006-03-07 00:00:00+00,377/262,,498.00,144300.00,234550.00,,T7 - ALUVIÕES DO TEJO,,,2025-07-17 14:16:16.905772+00
2708,2006-09-05 00:00:00+00,377/262,,409.00,144300.00,234550.00,,T7 - ALUVIÕES DO TEJO,,,2025-07-17 14:16:16.905772+00
2709,2007-03-15 00:00:00+00,377/262,,490.00,144300.00,234550.00,,T7 - ALUVIÕES DO TEJO,,,2025-07-17 14:16:16.905772+00
2710,2008-03-03 00:00:00+00,377/262,,480.00,144300.00,234550.00,,T7 - ALUVIÕES DO TEJO,,,2025-07-17 14:16:16.905772+00
2711,2002-11-18 00:00:00+00,377/263,,1094.00,147600.00,239000.00,,T7 - ALUVIÕES DO TEJO,,,2025-07-17 14:16:16.905772+00
2712,2003-10-06 00:00:00+00,377/263,,949.00,147600.00,239000.00,,T7 - ALUVIÕES DO TEJO,,,2025-07-17 14:16:16.905772+00
2713,2006-09-05 00:00:00+00,377/263,,3130.00,147600.00,239000.00,,T7 - ALUVIÕES DO TEJO,,,2025-07-17 14:16:16.905772+00
2714,2002-11-12 00:00:00+00,377/264,,572.00,147040.00,237470.00,,T7 - ALUVIÕES DO TEJO,,,2025-07-17 14:16:16.905772+00
2715,2003-10-06 00:00:00+00,377/264,,549.00,147040.00,237470.00,,T7 - ALUVIÕES DO TEJO,,,2025-07-17 14:16:16.905772+00
2716,2004-03-02 00:00:00+00,377/264,,716.00,147040.00,237470.00,,T7 - ALUVIÕES DO TEJO,,,2025-07-17 14:16:16.905772+00
2717,2004-10-12 00:00:00+00,377/264,,601.00,147040.00,237470.00,,T7 - ALUVIÕES DO TEJO,,,2025-07-17 14:16:16.905772+00
2718,2006-03-07 00:00:00+00,377/264,,1176.00,147040.00,237470.00,,T7 - ALUVIÕES DO TEJO,,,2025-07-17 14:16:16.905772+00
2719,2006-09-05 00:00:00+00,377/264,,771.00,147040.00,237470.00,,T7 - ALUVIÕES DO TEJO,,,2025-07-17 14:16:16.905772+00
2720,2007-03-15 00:00:00+00,377/264,,690.00,147040.00,237470.00,,T7 - ALUVIÕES DO TEJO,,,2025-07-17 14:16:16.905772+00
2721,2008-03-03 00:00:00+00,377/264,,660.00,147040.00,237470.00,,T7 - ALUVIÕES DO TEJO,,,2025-07-17 14:16:16.905772+00
2722,2000-03-27 00:00:00+00,377/94,,278.00,148399.00,234273.00,23,T7 - ALUVIÕES DO TEJO,,MUGE,2025-07-17 14:16:16.905772+00
2723,2000-10-16 00:00:00+00,377/94,,255.00,148399.00,234273.00,23,T7 - ALUVIÕES DO TEJO,,MUGE,2025-07-17 14:16:16.905772+00
2724,2002-04-08 00:00:00+00,377/94,,276.00,148399.00,234273.00,23,T7 - ALUVIÕES DO TEJO,,MUGE,2025-07-17 14:16:16.905772+00
2725,2002-10-14 00:00:00+00,377/94,,312.00,148399.00,234273.00,23,T7 - ALUVIÕES DO TEJO,,MUGE,2025-07-17 14:16:16.905772+00
2726,2003-04-08 00:00:00+00,377/94,,344.00,148399.00,234273.00,23,T7 - ALUVIÕES DO TEJO,,MUGE,2025-07-17 14:16:16.905772+00
2727,2004-04-06 00:00:00+00,377/94,,247.00,148399.00,234273.00,23,T7 - ALUVIÕES DO TEJO,,MUGE,2025-07-17 14:16:16.905772+00
2728,2004-10-11 00:00:00+00,377/94,,262.00,148399.00,234273.00,23,T7 - ALUVIÕES DO TEJO,,MUGE,2025-07-17 14:16:16.905772+00
2729,2006-04-10 00:00:00+00,377/94,,377.00,148399.00,234273.00,23,T7 - ALUVIÕES DO TEJO,,MUGE,2025-07-17 14:16:16.905772+00
2730,2006-10-24 00:00:00+00,377/94,,326.00,148399.00,234273.00,23,T7 - ALUVIÕES DO TEJO,,MUGE,2025-07-17 14:16:16.905772+00
2731,2007-03-20 00:00:00+00,377/94,,340.00,148399.00,234273.00,23,T7 - ALUVIÕES DO TEJO,,MUGE,2025-07-17 14:16:16.905772+00
2732,2007-11-15 00:00:00+00,377/94,,330.00,148399.00,234273.00,23,T7 - ALUVIÕES DO TEJO,,MUGE,2025-07-17 14:16:16.905772+00
2733,2008-04-14 00:00:00+00,377/94,,320.00,148399.00,234273.00,23,T7 - ALUVIÕES DO TEJO,,MUGE,2025-07-17 14:16:16.905772+00
2734,2009-04-27 00:00:00+00,377/94,,390.00,148399.00,234273.00,23,T7 - ALUVIÕES DO TEJO,,MUGE,2025-07-17 14:16:16.905772+00
2735,2009-09-23 00:00:00+00,377/94,,410.00,148399.00,234273.00,23,T7 - ALUVIÕES DO TEJO,,MUGE,2025-07-17 14:16:16.905772+00
2736,2000-03-13 00:00:00+00,391/244,,376.00,145970.00,223500.00,10,T7 - ALUVIÕES DO TEJO,,BENAVENTE,2025-07-17 14:16:16.905772+00
2737,2000-10-02 00:00:00+00,391/244,,310.00,145970.00,223500.00,10,T7 - ALUVIÕES DO TEJO,,BENAVENTE,2025-07-17 14:16:16.905772+00
2738,2001-03-05 00:00:00+00,391/244,,304.00,145970.00,223500.00,10,T7 - ALUVIÕES DO TEJO,,BENAVENTE,2025-07-17 14:16:16.905772+00
2739,2001-10-22 10:20:00+00,391/244,,315.00,145970.00,223500.00,10,T7 - ALUVIÕES DO TEJO,,BENAVENTE,2025-07-17 14:16:16.905772+00
2740,2002-03-04 00:00:00+00,391/244,,317.00,145970.00,223500.00,10,T7 - ALUVIÕES DO TEJO,,BENAVENTE,2025-07-17 14:16:16.905772+00
2741,2002-10-28 00:00:00+00,391/244,,340.00,145970.00,223500.00,10,T7 - ALUVIÕES DO TEJO,,BENAVENTE,2025-07-17 14:16:16.905772+00
2742,2003-03-10 00:00:00+00,391/244,,344.00,145970.00,223500.00,10,T7 - ALUVIÕES DO TEJO,,BENAVENTE,2025-07-17 14:16:16.905772+00
2743,2004-03-01 00:00:00+00,391/244,,305.00,145970.00,223500.00,10,T7 - ALUVIÕES DO TEJO,,BENAVENTE,2025-07-17 14:16:16.905772+00
2744,2004-10-06 00:00:00+00,391/244,,368.00,145970.00,223500.00,10,T7 - ALUVIÕES DO TEJO,,BENAVENTE,2025-07-17 14:16:16.905772+00
2745,2006-03-20 00:00:00+00,391/244,,343.00,145970.00,223500.00,10,T7 - ALUVIÕES DO TEJO,,BENAVENTE,2025-07-17 14:16:16.905772+00
2746,2006-10-11 00:00:00+00,391/244,,351.00,145970.00,223500.00,10,T7 - ALUVIÕES DO TEJO,,BENAVENTE,2025-07-17 14:16:16.905772+00
2747,2007-03-28 00:00:00+00,391/244,,340.00,145970.00,223500.00,10,T7 - ALUVIÕES DO TEJO,,BENAVENTE,2025-07-17 14:16:16.905772+00
2748,2008-04-03 00:00:00+00,391/244,,400.00,145970.00,223500.00,10,T7 - ALUVIÕES DO TEJO,,BENAVENTE,2025-07-17 14:16:16.905772+00
2749,2008-10-20 00:00:00+00,391/244,,370.00,145970.00,223500.00,10,T7 - ALUVIÕES DO TEJO,,BENAVENTE,2025-07-17 14:16:16.905772+00
2750,2009-09-22 00:00:00+00,391/244,,310.00,145970.00,223500.00,10,T7 - ALUVIÕES DO TEJO,,BENAVENTE,2025-07-17 14:16:16.905772+00
2751,2000-03-27 00:00:00+00,391/33,,975.00,146740.00,226240.00,25,T7 - ALUVIÕES DO TEJO,,FOROS DE SALVATERRA,2025-07-17 14:16:16.905772+00
2752,2000-10-16 00:00:00+00,391/33,,806.00,146740.00,226240.00,25,T7 - ALUVIÕES DO TEJO,,FOROS DE SALVATERRA,2025-07-17 14:16:16.905772+00
2753,2001-04-16 14:20:00+00,391/33,,673.00,146740.00,226240.00,25,T7 - ALUVIÕES DO TEJO,,FOROS DE SALVATERRA,2025-07-17 14:16:16.905772+00
2754,2002-04-08 00:00:00+00,391/33,,582.00,146740.00,226240.00,25,T7 - ALUVIÕES DO TEJO,,FOROS DE SALVATERRA,2025-07-17 14:16:16.905772+00
2755,2002-10-14 00:00:00+00,391/33,,410.00,146740.00,226240.00,25,T7 - ALUVIÕES DO TEJO,,FOROS DE SALVATERRA,2025-07-17 14:16:16.905772+00
2756,2003-11-10 00:00:00+00,391/33,,697.00,146740.00,226240.00,25,T7 - ALUVIÕES DO TEJO,,FOROS DE SALVATERRA,2025-07-17 14:16:16.905772+00
2757,2004-04-06 00:00:00+00,391/33,,692.00,146740.00,226240.00,25,T7 - ALUVIÕES DO TEJO,,FOROS DE SALVATERRA,2025-07-17 14:16:16.905772+00
2758,2006-04-10 00:00:00+00,391/33,,693.00,146740.00,226240.00,25,T7 - ALUVIÕES DO TEJO,,FOROS DE SALVATERRA,2025-07-17 14:16:16.905772+00
2759,2006-10-24 00:00:00+00,391/33,,609.00,146740.00,226240.00,25,T7 - ALUVIÕES DO TEJO,,FOROS DE SALVATERRA,2025-07-17 14:16:16.905772+00
2760,2007-03-20 00:00:00+00,391/33,,360.00,146740.00,226240.00,25,T7 - ALUVIÕES DO TEJO,,FOROS DE SALVATERRA,2025-07-17 14:16:16.905772+00
2761,2007-11-15 00:00:00+00,391/33,,580.00,146740.00,226240.00,25,T7 - ALUVIÕES DO TEJO,,FOROS DE SALVATERRA,2025-07-17 14:16:16.905772+00
2762,2008-04-14 00:00:00+00,391/33,,610.00,146740.00,226240.00,25,T7 - ALUVIÕES DO TEJO,,FOROS DE SALVATERRA,2025-07-17 14:16:16.905772+00
2763,2009-09-23 00:00:00+00,391/33,,520.00,146740.00,226240.00,25,T7 - ALUVIÕES DO TEJO,,FOROS DE SALVATERRA,2025-07-17 14:16:16.905772+00
2764,2000-03-13 00:00:00+00,391/404,,199.00,148130.00,221120.00,,T7 - ALUVIÕES DO TEJO,,BARROSA,2025-07-17 14:16:16.905772+00
2765,2000-10-02 00:00:00+00,391/404,,178.00,148130.00,221120.00,,T7 - ALUVIÕES DO TEJO,,BARROSA,2025-07-17 14:16:16.905772+00
2766,2001-03-05 00:00:00+00,391/404,,267.00,148130.00,221120.00,,T7 - ALUVIÕES DO TEJO,,BARROSA,2025-07-17 14:16:16.905772+00
2767,2001-10-22 11:00:00+00,391/404,,177.00,148130.00,221120.00,,T7 - ALUVIÕES DO TEJO,,BARROSA,2025-07-17 14:16:16.905772+00
2768,2002-03-04 00:00:00+00,391/404,,172.00,148130.00,221120.00,,T7 - ALUVIÕES DO TEJO,,BARROSA,2025-07-17 14:16:16.905772+00
2769,2002-10-28 00:00:00+00,391/404,,200.00,148130.00,221120.00,,T7 - ALUVIÕES DO TEJO,,BARROSA,2025-07-17 14:16:16.905772+00
2770,2003-03-10 00:00:00+00,391/404,,302.00,148130.00,221120.00,,T7 - ALUVIÕES DO TEJO,,BARROSA,2025-07-17 14:16:16.905772+00
2771,2004-03-01 00:00:00+00,391/404,,178.00,148130.00,221120.00,,T7 - ALUVIÕES DO TEJO,,BARROSA,2025-07-17 14:16:16.905772+00
2772,2004-10-06 00:00:00+00,391/404,,217.00,148130.00,221120.00,,T7 - ALUVIÕES DO TEJO,,BARROSA,2025-07-17 14:16:16.905772+00
2773,2006-03-20 00:00:00+00,391/404,,278.00,148130.00,221120.00,,T7 - ALUVIÕES DO TEJO,,BARROSA,2025-07-17 14:16:16.905772+00
2774,2006-10-11 00:00:00+00,391/404,,272.00,148130.00,221120.00,,T7 - ALUVIÕES DO TEJO,,BARROSA,2025-07-17 14:16:16.905772+00
2775,2007-03-28 00:00:00+00,391/404,,360.00,148130.00,221120.00,,T7 - ALUVIÕES DO TEJO,,BARROSA,2025-07-17 14:16:16.905772+00
2776,2008-04-03 00:00:00+00,391/404,,200.00,148130.00,221120.00,,T7 - ALUVIÕES DO TEJO,,BARROSA,2025-07-17 14:16:16.905772+00
2777,2008-10-20 00:00:00+00,391/404,,200.00,148130.00,221120.00,,T7 - ALUVIÕES DO TEJO,,BARROSA,2025-07-17 14:16:16.905772+00
2778,2009-09-22 00:00:00+00,391/404,,240.00,148130.00,221120.00,,T7 - ALUVIÕES DO TEJO,,BARROSA,2025-07-17 14:16:16.905772+00
2779,2017-06-01 00:00:00+00,391/404,273.00,,148130.00,221120.00,,T7 - ALUVIÕES DO TEJO,,BARROSA,2025-07-17 14:16:16.905772+00
2780,2017-10-26 00:00:00+00,391/404,319.00,,148130.00,221120.00,,T7 - ALUVIÕES DO TEJO,,BARROSA,2025-07-17 14:16:16.905772+00
2781,2018-06-27 00:00:00+00,391/404,335.00,,148130.00,221120.00,,T7 - ALUVIÕES DO TEJO,,BARROSA,2025-07-17 14:16:16.905772+00
2782,2018-10-11 00:00:00+00,391/404,294.00,,148130.00,221120.00,,T7 - ALUVIÕES DO TEJO,,BARROSA,2025-07-17 14:16:16.905772+00
2783,2019-05-21 00:00:00+00,391/404,305.00,,148130.00,221120.00,,T7 - ALUVIÕES DO TEJO,,BARROSA,2025-07-17 14:16:16.905772+00
2784,2019-10-15 00:00:00+00,391/404,446.00,,148130.00,221120.00,,T7 - ALUVIÕES DO TEJO,,BARROSA,2025-07-17 14:16:16.905772+00
2785,2020-07-16 00:00:00+00,391/404,361.00,,148130.00,221120.00,,T7 - ALUVIÕES DO TEJO,,BARROSA,2025-07-17 14:16:16.905772+00
2786,2020-11-12 00:00:00+00,391/404,270.00,,148130.00,221120.00,,T7 - ALUVIÕES DO TEJO,,BARROSA,2025-07-17 14:16:16.905772+00
2787,2021-05-26 00:00:00+00,391/404,291.00,,148130.00,221120.00,,T7 - ALUVIÕES DO TEJO,,BARROSA,2025-07-17 14:16:16.905772+00
2788,2021-09-29 00:00:00+00,391/404,261.00,,148130.00,221120.00,,T7 - ALUVIÕES DO TEJO,,BARROSA,2025-07-17 14:16:16.905772+00
2789,2022-05-03 00:00:00+00,391/404,285.00,,148130.00,221120.00,,T7 - ALUVIÕES DO TEJO,,BARROSA,2025-07-17 14:16:16.905772+00
2790,2022-09-06 00:00:00+00,391/404,335.00,,148130.00,221120.00,,T7 - ALUVIÕES DO TEJO,,BARROSA,2025-07-17 14:16:16.905772+00
2791,2023-05-09 00:00:00+00,391/404,309.00,,148130.00,221120.00,,T7 - ALUVIÕES DO TEJO,,BARROSA,2025-07-17 14:16:16.905772+00
2792,2005-10-06 00:00:00+00,391/AG14,,477.00,144440.00,224099.00,5,T7 - ALUVIÕES DO TEJO,,BENAVENTE,2025-07-17 14:16:16.905772+00
2793,2006-03-20 00:00:00+00,391/AG14,,343.00,144440.00,224099.00,5,T7 - ALUVIÕES DO TEJO,,BENAVENTE,2025-07-17 14:16:16.905772+00
2794,2007-03-28 00:00:00+00,391/AG14,,420.00,144440.00,224099.00,5,T7 - ALUVIÕES DO TEJO,,BENAVENTE,2025-07-17 14:16:16.905772+00
2795,2008-04-03 00:00:00+00,391/AG14,,360.00,144440.00,224099.00,5,T7 - ALUVIÕES DO TEJO,,BENAVENTE,2025-07-17 14:16:16.905772+00
2796,2008-10-20 00:00:00+00,391/AG14,,380.00,144440.00,224099.00,5,T7 - ALUVIÕES DO TEJO,,BENAVENTE,2025-07-17 14:16:16.905772+00
2797,2009-09-22 00:00:00+00,391/AG14,,330.00,144440.00,224099.00,5,T7 - ALUVIÕES DO TEJO,,BENAVENTE,2025-07-17 14:16:16.905772+00
2798,2000-03-13 00:00:00+00,404/69,,810.00,134850.00,210870.00,5,T7 - ALUVIÕES DO TEJO,,SAMORA CORREIA,2025-07-17 14:16:16.905772+00
2799,2000-10-02 00:00:00+00,404/69,,743.00,134850.00,210870.00,5,T7 - ALUVIÕES DO TEJO,,SAMORA CORREIA,2025-07-17 14:16:16.905772+00
2800,2001-03-05 00:00:00+00,404/69,,468.00,134850.00,210870.00,5,T7 - ALUVIÕES DO TEJO,,SAMORA CORREIA,2025-07-17 14:16:16.905772+00
2801,2002-03-04 00:00:00+00,404/69,,937.00,134850.00,210870.00,5,T7 - ALUVIÕES DO TEJO,,SAMORA CORREIA,2025-07-17 14:16:16.905772+00
2802,2002-10-28 00:00:00+00,404/69,,443.00,134850.00,210870.00,5,T7 - ALUVIÕES DO TEJO,,SAMORA CORREIA,2025-07-17 14:16:16.905772+00
2803,2004-03-01 00:00:00+00,404/69,,605.00,134850.00,210870.00,5,T7 - ALUVIÕES DO TEJO,,SAMORA CORREIA,2025-07-17 14:16:16.905772+00
2804,2004-10-06 00:00:00+00,404/69,,724.00,134850.00,210870.00,5,T7 - ALUVIÕES DO TEJO,,SAMORA CORREIA,2025-07-17 14:16:16.905772+00
2805,2007-03-28 00:00:00+00,404/69,,1400.00,134850.00,210870.00,5,T7 - ALUVIÕES DO TEJO,,SAMORA CORREIA,2025-07-17 14:16:16.905772+00
2806,2007-11-05 00:00:00+00,404/69,,1000.00,134850.00,210870.00,5,T7 - ALUVIÕES DO TEJO,,SAMORA CORREIA,2025-07-17 14:16:16.905772+00
2807,2000-03-13 00:00:00+00,405/17,,1509.00,136600.00,219500.00,7,T7 - ALUVIÕES DO TEJO,,SAMORA CORREIA,2025-07-17 14:16:16.905772+00
2808,2000-10-02 00:00:00+00,405/17,,1122.00,136600.00,219500.00,7,T7 - ALUVIÕES DO TEJO,,SAMORA CORREIA,2025-07-17 14:16:16.905772+00
2809,2001-03-05 00:00:00+00,405/17,,678.00,136600.00,219500.00,7,T7 - ALUVIÕES DO TEJO,,SAMORA CORREIA,2025-07-17 14:16:16.905772+00
2810,2002-10-28 00:00:00+00,405/17,,1115.00,136600.00,219500.00,7,T7 - ALUVIÕES DO TEJO,,SAMORA CORREIA,2025-07-17 14:16:16.905772+00
2811,2003-03-10 00:00:00+00,405/17,,1053.00,136600.00,219500.00,7,T7 - ALUVIÕES DO TEJO,,SAMORA CORREIA,2025-07-17 14:16:16.905772+00
2812,2007-03-28 00:00:00+00,405/17,,1200.00,136600.00,219500.00,7,T7 - ALUVIÕES DO TEJO,,SAMORA CORREIA,2025-07-17 14:16:16.905772+00
2813,2007-11-05 00:00:00+00,405/17,,900.00,136600.00,219500.00,7,T7 - ALUVIÕES DO TEJO,,SAMORA CORREIA,2025-07-17 14:16:16.905772+00
2814,2012-12-17 08:55:00+00,405/17,1100.00,,136600.00,219500.00,7,T7 - ALUVIÕES DO TEJO,,SAMORA CORREIA,2025-07-17 14:16:16.905772+00
2815,2005-10-06 00:00:00+00,405/AG6,,1203.00,139649.00,211339.00,35,T7 - ALUVIÕES DO TEJO,,SAMORA CORREIA,2025-07-17 14:16:16.905772+00
2816,2007-03-28 00:00:00+00,405/AG6,,930.00,139649.00,211339.00,35,T7 - ALUVIÕES DO TEJO,,SAMORA CORREIA,2025-07-17 14:16:16.905772+00
2817,2007-11-05 00:00:00+00,405/AG6,,870.00,139649.00,211339.00,35,T7 - ALUVIÕES DO TEJO,,SAMORA CORREIA,2025-07-17 14:16:16.905772+00
2818,2000-03-13 00:00:00+00,418/4,,610.00,135060.00,204980.00,16,T7 - ALUVIÕES DO TEJO,SELADO,SAMORA CORREIA,2025-07-17 14:16:16.905772+00
2819,2000-10-02 00:00:00+00,418/4,,505.00,135060.00,204980.00,16,T7 - ALUVIÕES DO TEJO,SELADO,SAMORA CORREIA,2025-07-17 14:16:16.905772+00
2820,2001-03-05 00:00:00+00,418/4,,158.00,135060.00,204980.00,16,T7 - ALUVIÕES DO TEJO,SELADO,SAMORA CORREIA,2025-07-17 14:16:16.905772+00
2821,2002-03-04 00:00:00+00,418/4,,453.00,135060.00,204980.00,16,T7 - ALUVIÕES DO TEJO,SELADO,SAMORA CORREIA,2025-07-17 14:16:16.905772+00
2822,2002-10-28 00:00:00+00,418/4,,489.00,135060.00,204980.00,16,T7 - ALUVIÕES DO TEJO,SELADO,SAMORA CORREIA,2025-07-17 14:16:16.905772+00
2823,2003-03-10 00:00:00+00,418/4,,552.00,135060.00,204980.00,16,T7 - ALUVIÕES DO TEJO,SELADO,SAMORA CORREIA,2025-07-17 14:16:16.905772+00
2824,2004-03-01 00:00:00+00,418/4,,448.00,135060.00,204980.00,16,T7 - ALUVIÕES DO TEJO,SELADO,SAMORA CORREIA,2025-07-17 14:16:16.905772+00
2825,2007-03-28 00:00:00+00,418/4,,510.00,135060.00,204980.00,16,T7 - ALUVIÕES DO TEJO,SELADO,SAMORA CORREIA,2025-07-17 14:16:16.905772+00
2826,2007-11-05 00:00:00+00,418/4,,480.00,135060.00,204980.00,16,T7 - ALUVIÕES DO TEJO,SELADO,SAMORA CORREIA,2025-07-17 14:16:16.905772+00
2827,2005-10-06 00:00:00+00,418/AG49,,707.00,131467.00,204958.00,7,T7 - ALUVIÕES DO TEJO,,SAMORA CORREIA,2025-07-17 14:16:16.905772+00
2828,2007-03-28 00:00:00+00,418/AG49,,620.00,131467.00,204958.00,7,T7 - ALUVIÕES DO TEJO,,SAMORA CORREIA,2025-07-17 14:16:16.905772+00
2829,2007-11-05 00:00:00+00,418/AG49,,660.00,131467.00,204958.00,7,T7 - ALUVIÕES DO TEJO,,SAMORA CORREIA,2025-07-17 14:16:16.905772+00
2830,2005-10-06 00:00:00+00,419/AG3,,733.00,136088.00,204799.00,19,T7 - ALUVIÕES DO TEJO,,SAMORA CORREIA,2025-07-17 14:16:16.905772+00
2831,2007-03-28 00:00:00+00,419/AG3,,640.00,136088.00,204799.00,19,T7 - ALUVIÕES DO TEJO,,SAMORA CORREIA,2025-07-17 14:16:16.905772+00